Time (seconds), Duration (seconds),pred_unlabeled,pred_down,pred_bottom left,pred_bottom right,pred_left,pred_right,pred_top,pred_top left,pred_top right
0.00000,0.12794,0.99232,0.00000,0.00001,0.00034,0.00000,0.00731,0.00000,0.00000,0.00003
0.03200,0.12794,0.99185,0.00000,0.00003,0.00069,0.00000,0.00738,0.00000,0.00000,0.00005
0.06400,0.12794,0.98782,0.00000,0.00008,0.00190,0.00000,0.01009,0.00000,0.00000,0.00011
0.09600,0.12794,0.98034,0.00003,0.00019,0.00557,0.00000,0.01355,0.00002,0.00001,0.00029
0.12800,0.12794,0.96934,0.00015,0.00036,0.01276,0.00001,0.01673,0.00004,0.00002,0.00059
0.16000,0.12794,0.96924,0.00006,0.00019,0.01079,0.00001,0.01914,0.00003,0.00001,0.00055
0.19200,0.12794,0.97134,0.00004,0.00016,0.00942,0.00000,0.01855,0.00002,0.00000,0.00046
0.22400,0.12794,0.97767,0.00003,0.00026,0.00545,0.00000,0.01634,0.00003,0.00001,0.00019
0.25600,0.12794,0.97876,0.00003,0.00035,0.00441,0.00000,0.01625,0.00004,0.00002,0.00013
0.28800,0.12794,0.97380,0.00009,0.00078,0.00642,0.00001,0.01860,0.00009,0.00007,0.00014
0.32000,0.12794,0.96972,0.00012,0.00072,0.00823,0.00001,0.02086,0.00010,0.00006,0.00018
0.35200,0.12794,0.95828,0.00023,0.00070,0.01458,0.00002,0.02559,0.00014,0.00006,0.00042
0.38400,0.12794,0.92540,0.00074,0.00117,0.03443,0.00005,0.03663,0.00035,0.00011,0.00112
0.41600,0.12794,0.90920,0.00231,0.00365,0.05071,0.00013,0.03033,0.00069,0.00048,0.00252
0.44800,0.12794,0.85400,0.00823,0.01619,0.07903,0.00048,0.03226,0.00200,0.00307,0.00475
0.48000,0.12794,0.87347,0.01140,0.02063,0.06031,0.00078,0.01655,0.00175,0.00477,0.01035
0.51200,0.12794,0.91981,0.01088,0.01851,0.02853,0.00086,0.00883,0.00131,0.00424,0.00703
0.54400,0.12794,0.96058,0.00559,0.00606,0.01491,0.00035,0.00697,0.00075,0.00112,0.00366
0.57600,0.12794,0.98577,0.00134,0.00107,0.00505,0.00008,0.00437,0.00023,0.00012,0.00199
0.60800,0.12794,0.98622,0.00046,0.00085,0.00448,0.00004,0.00717,0.00015,0.00008,0.00054
0.64000,0.12794,0.98049,0.00026,0.00052,0.00675,0.00002,0.01114,0.00011,0.00004,0.00067
0.67200,0.12794,0.97648,0.00012,0.00043,0.00748,0.00001,0.01484,0.00007,0.00002,0.00054
0.70400,0.12794,0.98333,0.00017,0.00076,0.00425,0.00002,0.01078,0.00016,0.00006,0.00047
0.73600,0.12794,0.98750,0.00039,0.00082,0.00281,0.00002,0.00739,0.00037,0.00008,0.00060
0.76800,0.12794,0.99010,0.00044,0.00125,0.00179,0.00003,0.00548,0.00039,0.00019,0.00034
0.80000,0.12794,0.99260,0.00050,0.00105,0.00126,0.00003,0.00373,0.00034,0.00016,0.00034
0.83200,0.12794,0.99318,0.00047,0.00063,0.00167,0.00002,0.00355,0.00014,0.00009,0.00025
0.86400,0.12794,0.99160,0.00026,0.00047,0.00244,0.00001,0.00486,0.00007,0.00005,0.00023
0.89600,0.12794,0.98186,0.00035,0.00044,0.00769,0.00002,0.00897,0.00007,0.00004,0.00056
0.92800,0.12794,0.97940,0.00034,0.00041,0.00869,0.00001,0.01039,0.00009,0.00003,0.00064
0.96000,0.12794,0.98113,0.00041,0.00070,0.00637,0.00002,0.01044,0.00019,0.00008,0.00067
0.99200,0.12794,0.97994,0.00035,0.00067,0.00733,0.00002,0.01075,0.00016,0.00007,0.00071
1.02400,0.12794,0.99084,0.00020,0.00072,0.00188,0.00001,0.00587,0.00016,0.00009,0.00022
1.05600,0.12794,0.98598,0.00020,0.00079,0.00365,0.00002,0.00879,0.00013,0.00009,0.00036
1.08800,0.12794,0.96303,0.00046,0.00106,0.01466,0.00003,0.01968,0.00017,0.00011,0.00081
1.12000,0.12794,0.94677,0.00161,0.00163,0.02530,0.00008,0.02222,0.00034,0.00018,0.00187
1.15200,0.12794,0.90398,0.00258,0.00183,0.05517,0.00012,0.03148,0.00044,0.00019,0.00422
1.18400,0.12794,0.92438,0.00470,0.00247,0.04271,0.00019,0.02008,0.00052,0.00035,0.00460
1.21600,0.12794,0.94948,0.00267,0.00205,0.02594,0.00013,0.01610,0.00041,0.00028,0.00295
1.24800,0.12794,0.96329,0.00127,0.00208,0.01688,0.00010,0.01416,0.00031,0.00029,0.00162
1.28000,0.12794,0.97589,0.00080,0.00193,0.00874,0.00007,0.01107,0.00029,0.00026,0.00096
1.31200,0.12794,0.97409,0.00050,0.00147,0.00828,0.00005,0.01429,0.00029,0.00014,0.00090
1.34400,0.12794,0.97517,0.00032,0.00112,0.00766,0.00003,0.01449,0.00021,0.00009,0.00091
1.37600,0.12794,0.97263,0.00019,0.00101,0.00781,0.00003,0.01701,0.00017,0.00006,0.00108
1.40800,0.12794,0.97273,0.00021,0.00081,0.00847,0.00003,0.01655,0.00015,0.00005,0.00101
1.44000,0.12794,0.97199,0.00022,0.00082,0.00906,0.00003,0.01697,0.00015,0.00006,0.00070
1.47200,0.12794,0.96890,0.00041,0.00080,0.01109,0.00003,0.01761,0.00021,0.00006,0.00089
1.50400,0.12794,0.97371,0.00057,0.00074,0.00944,0.00003,0.01478,0.00019,0.00007,0.00046
1.53600,0.12794,0.96953,0.00043,0.00071,0.01102,0.00002,0.01764,0.00016,0.00007,0.00042
1.56800,0.12794,0.95772,0.00034,0.00063,0.01615,0.00002,0.02435,0.00014,0.00005,0.00060
1.60000,0.12794,0.96295,0.00011,0.00039,0.01188,0.00001,0.02414,0.00007,0.00002,0.00043
1.63200,0.12794,0.95884,0.00005,0.00018,0.01330,0.00000,0.02693,0.00004,0.00001,0.00064
1.66400,0.12794,0.95668,0.00007,0.00019,0.01528,0.00001,0.02681,0.00004,0.00001,0.00092
1.69600,0.12794,0.97509,0.00010,0.00028,0.00843,0.00001,0.01496,0.00005,0.00001,0.00106
1.72800,0.12794,0.96521,0.00013,0.00049,0.01374,0.00002,0.01918,0.00005,0.00003,0.00116
1.76000,0.12794,0.97229,0.00020,0.00084,0.01022,0.00003,0.01549,0.00007,0.00007,0.00079
1.79200,0.12794,0.97740,0.00014,0.00069,0.00744,0.00002,0.01367,0.00007,0.00005,0.00053
1.82400,0.12794,0.97218,0.00012,0.00044,0.00947,0.00001,0.01733,0.00006,0.00003,0.00035
1.85600,0.12794,0.98055,0.00037,0.00042,0.00770,0.00001,0.01019,0.00011,0.00003,0.00062
1.88800,0.12794,0.97954,0.00058,0.00054,0.00868,0.00002,0.00948,0.00016,0.00004,0.00095
1.92000,0.12794,0.98098,0.00084,0.00085,0.00785,0.00003,0.00802,0.00024,0.00008,0.00111
1.95200,0.12794,0.98156,0.00088,0.00169,0.00665,0.00004,0.00783,0.00034,0.00020,0.00082
1.98400,0.12794,0.97714,0.00052,0.00225,0.00723,0.00004,0.01169,0.00035,0.00030,0.00049
2.01600,0.12794,0.97365,0.00047,0.00325,0.00753,0.00005,0.01385,0.00036,0.00052,0.00032
2.04800,0.12794,0.97663,0.00038,0.00227,0.00678,0.00003,0.01307,0.00024,0.00031,0.00029
2.08000,0.12794,0.95813,0.00105,0.00276,0.01715,0.00007,0.01935,0.00039,0.00043,0.00068
2.11200,0.12794,0.96547,0.00280,0.00335,0.01600,0.00012,0.01005,0.00045,0.00060,0.00115
2.14400,0.12794,0.93820,0.00932,0.00701,0.02937,0.00039,0.01025,0.00087,0.00179,0.00280
2.17600,0.12794,0.91121,0.02102,0.01388,0.03331,0.00093,0.00807,0.00155,0.00505,0.00499
2.20800,0.12794,0.89503,0.03928,0.01778,0.02471,0.00124,0.00536,0.00219,0.00762,0.00678
2.24000,0.12794,0.91627,0.03318,0.01717,0.01043,0.00110,0.00382,0.00332,0.00878,0.00593
2.27200,0.12794,0.96245,0.01134,0.00845,0.00343,0.00042,0.00189,0.00187,0.00256,0.00759
2.30400,0.12794,0.97415,0.00695,0.00681,0.00122,0.00030,0.00124,0.00224,0.00210,0.00499
2.33600,0.12794,0.98027,0.00483,0.00634,0.00090,0.00026,0.00096,0.00135,0.00209,0.00300
2.36800,0.12794,0.96970,0.00746,0.01004,0.00273,0.00044,0.00188,0.00146,0.00317,0.00314
2.40000,0.12794,0.97732,0.01006,0.00491,0.00213,0.00008,0.00099,0.00049,0.00074,0.00328
2.43200,0.12794,0.97274,0.00152,0.00072,0.00115,0.00000,0.00008,0.00000,0.00000,0.02378
2.46400,0.12794,0.92975,0.00012,0.00011,0.00025,0.00000,0.00001,0.00000,0.00000,0.06975
2.49600,0.12794,0.93632,0.00001,0.00001,0.00003,0.00000,0.00000,0.00000,0.00000,0.06362
2.52800,0.12794,0.96839,0.00000,0.00001,0.00002,0.00000,0.00000,0.00000,0.00000,0.03158
2.56000,0.12794,0.99609,0.00001,0.00002,0.00002,0.00000,0.00000,0.00000,0.00000,0.00386
2.59200,0.12794,0.99928,0.00006,0.00007,0.00002,0.00000,0.00001,0.00000,0.00000,0.00055
2.62400,0.12794,0.99906,0.00028,0.00017,0.00006,0.00000,0.00004,0.00000,0.00002,0.00036
2.65600,0.12794,0.99797,0.00074,0.00047,0.00016,0.00002,0.00015,0.00003,0.00007,0.00039
2.68800,0.12794,0.99553,0.00161,0.00111,0.00044,0.00004,0.00044,0.00014,0.00026,0.00044
2.72000,0.12794,0.99227,0.00243,0.00167,0.00100,0.00008,0.00100,0.00035,0.00038,0.00083
2.75200,0.12794,0.98799,0.00320,0.00282,0.00199,0.00013,0.00180,0.00054,0.00086,0.00065
2.78400,0.12794,0.98912,0.00371,0.00281,0.00134,0.00011,0.00110,0.00034,0.00102,0.00047
2.81600,0.12794,0.99356,0.00278,0.00134,0.00081,0.00005,0.00066,0.00014,0.00033,0.00033
2.84800,0.12794,0.99517,0.00188,0.00087,0.00085,0.00003,0.00061,0.00006,0.00014,0.00039
2.88000,0.12794,0.99417,0.00257,0.00093,0.00094,0.00004,0.00064,0.00007,0.00016,0.00047
2.91200,0.12794,0.99043,0.00412,0.00107,0.00230,0.00005,0.00113,0.00010,0.00017,0.00062
2.94400,0.12794,0.98727,0.00506,0.00141,0.00311,0.00007,0.00175,0.00020,0.00025,0.00087
2.97600,0.12794,0.97904,0.00853,0.00251,0.00488,0.00013,0.00294,0.00050,0.00067,0.00081
3.00800,0.12794,0.97877,0.00849,0.00215,0.00548,0.00012,0.00300,0.00046,0.00050,0.00104
3.04000,0.12794,0.97438,0.00586,0.00223,0.00880,0.00011,0.00634,0.00066,0.00043,0.00120
3.07200,0.12794,0.97345,0.00332,0.00251,0.01051,0.00014,0.00805,0.00042,0.00047,0.00112
3.10400,0.12794,0.98102,0.00185,0.00155,0.00705,0.00007,0.00717,0.00028,0.00022,0.00080
3.13600,0.12794,0.98459,0.00111,0.00104,0.00486,0.00004,0.00745,0.00026,0.00012,0.00053
3.16800,0.12794,0.98939,0.00089,0.00083,0.00297,0.00003,0.00515,0.00020,0.00010,0.00043
3.20000,0.12794,0.98950,0.00085,0.00059,0.00297,0.00002,0.00535,0.00022,0.00006,0.00045
3.23200,0.12794,0.99007,0.00096,0.00063,0.00289,0.00002,0.00471,0.00021,0.00007,0.00044
3.26400,0.12794,0.99095,0.00089,0.00064,0.00289,0.00002,0.00392,0.00015,0.00007,0.00047
3.29600,0.12794,0.99377,0.00070,0.00060,0.00167,0.00002,0.00276,0.00012,0.00007,0.00029
3.32800,0.12794,0.99416,0.00086,0.00062,0.00159,0.00002,0.00231,0.00011,0.00008,0.00025
3.36000,0.12794,0.99543,0.00069,0.00059,0.00111,0.00002,0.00175,0.00009,0.00009,0.00023
3.39200,0.12794,0.99438,0.00078,0.00085,0.00125,0.00002,0.00225,0.00013,0.00016,0.00016
3.42400,0.12794,0.99114,0.00086,0.00092,0.00276,0.00003,0.00367,0.00015,0.00015,0.00032
3.45600,0.12794,0.98442,0.00098,0.00133,0.00551,0.00004,0.00685,0.00025,0.00022,0.00040
3.48800,0.12794,0.97231,0.00118,0.00121,0.01196,0.00005,0.01225,0.00026,0.00015,0.00065
3.52000,0.12794,0.95911,0.00095,0.00104,0.01930,0.00004,0.01825,0.00024,0.00010,0.00097
3.55200,0.12794,0.95049,0.00089,0.00118,0.02281,0.00004,0.02340,0.00024,0.00012,0.00082
3.58400,0.12794,0.96103,0.00105,0.00110,0.01789,0.00004,0.01775,0.00022,0.00012,0.00081
3.61600,0.12794,0.95360,0.00130,0.00115,0.02371,0.00004,0.01887,0.00023,0.00013,0.00098
3.64800,0.12794,0.95077,0.00238,0.00165,0.02606,0.00007,0.01705,0.00036,0.00023,0.00144
3.68000,0.12794,0.94962,0.00206,0.00158,0.02891,0.00008,0.01541,0.00026,0.00023,0.00187
3.71200,0.12794,0.97006,0.00216,0.00152,0.01445,0.00006,0.00979,0.00035,0.00022,0.00139
3.74400,0.12794,0.97900,0.00169,0.00156,0.00868,0.00006,0.00728,0.00031,0.00024,0.00118
3.77600,0.12794,0.98778,0.00106,0.00142,0.00371,0.00004,0.00498,0.00029,0.00024,0.00048
3.80800,0.12794,0.98853,0.00238,0.00161,0.00251,0.00004,0.00353,0.00060,0.00028,0.00052
3.84000,0.12794,0.98805,0.00190,0.00147,0.00322,0.00005,0.00407,0.00042,0.00028,0.00054
3.87200,0.12794,0.98924,0.00098,0.00103,0.00327,0.00003,0.00464,0.00024,0.00017,0.00039
3.90400,0.12794,0.98995,0.00045,0.00053,0.00317,0.00001,0.00540,0.00014,0.00006,0.00029
3.93600,0.12794,0.99059,0.00010,0.00028,0.00226,0.00001,0.00655,0.00006,0.00002,0.00014
3.96800,0.12794,0.99162,0.00004,0.00020,0.00148,0.00000,0.00651,0.00003,0.00001,0.00010
4.00000,0.12794,0.99546,0.00004,0.00017,0.00062,0.00000,0.00358,0.00003,0.00001,0.00009
4.03200,0.12794,0.99744,0.00005,0.00012,0.00036,0.00000,0.00186,0.00003,0.00001,0.00012
4.06400,0.12794,0.99806,0.00007,0.00014,0.00031,0.00000,0.00127,0.00003,0.00001,0.00011
4.09600,0.12794,0.99834,0.00013,0.00013,0.00026,0.00000,0.00098,0.00004,0.00001,0.00011
4.12800,0.12794,0.99864,0.00016,0.00014,0.00020,0.00000,0.00069,0.00004,0.00001,0.00011
4.16000,0.12794,0.99823,0.00022,0.00019,0.00029,0.00001,0.00079,0.00005,0.00002,0.00020
4.19200,0.12794,0.99747,0.00041,0.00025,0.00038,0.00001,0.00102,0.00011,0.00003,0.00030
4.22400,0.12794,0.99630,0.00046,0.00024,0.00079,0.00001,0.00142,0.00009,0.00002,0.00067
4.25600,0.12794,0.99196,0.00058,0.00039,0.00246,0.00002,0.00366,0.00013,0.00004,0.00076
4.28800,0.12794,0.98966,0.00035,0.00035,0.00334,0.00001,0.00577,0.00010,0.00003,0.00039
4.32000,0.12794,0.98967,0.00025,0.00040,0.00341,0.00001,0.00592,0.00007,0.00004,0.00024
4.35200,0.12794,0.99043,0.00014,0.00030,0.00258,0.00001,0.00630,0.00006,0.00003,0.00014
4.38400,0.12794,0.99259,0.00011,0.00022,0.00182,0.00000,0.00510,0.00004,0.00002,0.00010
4.41600,0.12794,0.99212,0.00010,0.00019,0.00211,0.00000,0.00529,0.00004,0.00001,0.00014
4.44800,0.12794,0.99260,0.00011,0.00017,0.00187,0.00000,0.00503,0.00004,0.00001,0.00016
4.48000,0.12794,0.99274,0.00024,0.00023,0.00210,0.00001,0.00441,0.00006,0.00002,0.00020
4.51200,0.12794,0.99410,0.00035,0.00026,0.00182,0.00001,0.00319,0.00006,0.00002,0.00019
4.54400,0.12794,0.99556,0.00050,0.00029,0.00113,0.00001,0.00228,0.00008,0.00003,0.00013
4.57600,0.12794,0.99520,0.00057,0.00035,0.00141,0.00001,0.00219,0.00007,0.00004,0.00016
4.60800,0.12794,0.99270,0.00051,0.00060,0.00231,0.00002,0.00349,0.00009,0.00007,0.00021
4.64000,0.12794,0.98287,0.00076,0.00078,0.00672,0.00003,0.00802,0.00019,0.00008,0.00055
4.67200,0.12794,0.97169,0.00141,0.00123,0.01278,0.00006,0.01137,0.00029,0.00012,0.00105
4.70400,0.12794,0.95445,0.00201,0.00191,0.02160,0.00009,0.01805,0.00043,0.00023,0.00124
4.73600,0.12794,0.95483,0.00299,0.00182,0.02182,0.00009,0.01633,0.00048,0.00024,0.00140
4.76800,0.12794,0.96558,0.00356,0.00211,0.01411,0.00009,0.01281,0.00051,0.00035,0.00088
4.80000,0.12794,0.97167,0.00224,0.00153,0.01118,0.00007,0.01190,0.00041,0.00023,0.00078
4.83200,0.12794,0.98205,0.00108,0.00087,0.00639,0.00004,0.00868,0.00024,0.00010,0.00055
4.86400,0.12794,0.98811,0.00039,0.00037,0.00332,0.00001,0.00730,0.00014,0.00003,0.00033
4.89600,0.12794,0.99240,0.00012,0.00020,0.00174,0.00000,0.00529,0.00006,0.00001,0.00018
4.92800,0.12794,0.99081,0.00002,0.00014,0.00171,0.00000,0.00718,0.00001,0.00000,0.00012
4.96000,0.12794,0.99144,0.00002,0.00012,0.00135,0.00000,0.00697,0.00001,0.00000,0.00008
4.99200,0.12794,0.99030,0.00001,0.00011,0.00179,0.00000,0.00767,0.00001,0.00000,0.00010
5.02400,0.12794,0.98683,0.00002,0.00012,0.00289,0.00000,0.00997,0.00001,0.00000,0.00016
5.05600,0.12794,0.99114,0.00004,0.00009,0.00190,0.00000,0.00664,0.00002,0.00000,0.00016
5.08800,0.12794,0.99212,0.00003,0.00011,0.00159,0.00000,0.00591,0.00002,0.00000,0.00021
5.12000,0.12794,0.99317,0.00003,0.00017,0.00114,0.00000,0.00531,0.00003,0.00001,0.00013
5.15200,0.12794,0.99524,0.00002,0.00018,0.00055,0.00000,0.00389,0.00002,0.00001,0.00010
5.18400,0.12794,0.99579,0.00003,0.00027,0.00049,0.00000,0.00326,0.00003,0.00001,0.00012
5.21600,0.12794,0.99574,0.00004,0.00023,0.00056,0.00000,0.00326,0.00003,0.00001,0.00012
5.24800,0.12794,0.99312,0.00009,0.00060,0.00120,0.00002,0.00463,0.00006,0.00004,0.00025
5.28000,0.12794,0.98534,0.00036,0.00139,0.00397,0.00004,0.00805,0.00017,0.00015,0.00052
5.31200,0.12794,0.98086,0.00037,0.00130,0.00556,0.00004,0.01097,0.00020,0.00013,0.00057
5.34400,0.12794,0.98131,0.00041,0.00098,0.00533,0.00003,0.01075,0.00023,0.00007,0.00089
5.37600,0.12794,0.99013,0.00035,0.00065,0.00199,0.00002,0.00600,0.00026,0.00004,0.00057
5.40800,0.12794,0.99095,0.00041,0.00155,0.00141,0.00004,0.00449,0.00045,0.00013,0.00057
5.44000,0.12794,0.97723,0.00152,0.00835,0.00292,0.00020,0.00591,0.00162,0.00126,0.00098
5.47200,0.12794,0.93171,0.00555,0.03042,0.00837,0.00082,0.00871,0.00435,0.00813,0.00193
5.50400,0.12794,0.87874,0.00888,0.04689,0.02544,0.00130,0.01728,0.00568,0.01333,0.00246
5.53600,0.12794,0.91721,0.00441,0.01042,0.03468,0.00030,0.02660,0.00223,0.00172,0.00242
5.56800,0.12794,0.95350,0.00336,0.00388,0.01605,0.00010,0.01978,0.00153,0.00057,0.00123
5.60000,0.12794,0.94940,0.00209,0.00267,0.01880,0.00009,0.02459,0.00092,0.00037,0.00108
5.63200,0.12794,0.95303,0.00128,0.00218,0.01733,0.00007,0.02431,0.00055,0.00026,0.00099
5.66400,0.12794,0.96264,0.00115,0.00175,0.01314,0.00006,0.01968,0.00049,0.00021,0.00088
5.69600,0.12794,0.94549,0.00103,0.00282,0.02242,0.00010,0.02593,0.00054,0.00032,0.00136
5.72800,0.12794,0.96303,0.00117,0.00309,0.01225,0.00009,0.01812,0.00078,0.00037,0.00109
5.76000,0.12794,0.96025,0.00194,0.00415,0.01218,0.00010,0.01811,0.00144,0.00059,0.00125
5.79200,0.12794,0.92856,0.00402,0.01372,0.02223,0.00038,0.02339,0.00269,0.00350,0.00150
5.82400,0.12794,0.90698,0.00681,0.01648,0.03262,0.00050,0.02720,0.00282,0.00499,0.00161
5.85600,0.12794,0.85540,0.01023,0.02413,0.05872,0.00102,0.03527,0.00387,0.00779,0.00358
5.88800,0.12794,0.88993,0.02113,0.02321,0.02407,0.00094,0.01875,0.00957,0.00673,0.00568
5.92000,0.12794,0.89893,0.02270,0.01940,0.02093,0.00082,0.01681,0.00904,0.00521,0.00618
5.95200,0.12794,0.92222,0.01200,0.01432,0.01892,0.00076,0.01803,0.00548,0.00367,0.00461
5.98400,0.12794,0.96025,0.00669,0.00692,0.00773,0.00025,0.01162,0.00332,0.00141,0.00181
6.01600,0.12794,0.95464,0.00204,0.00528,0.01631,0.00023,0.01866,0.00073,0.00090,0.00121
6.04800,0.12794,0.94715,0.00276,0.00596,0.02051,0.00026,0.01978,0.00093,0.00099,0.00166
6.08000,0.12794,0.95654,0.00337,0.00635,0.01504,0.00022,0.01480,0.00117,0.00115,0.00135
6.11200,0.12794,0.94687,0.00477,0.00803,0.01954,0.00029,0.01589,0.00136,0.00199,0.00125
6.14400,0.12794,0.96041,0.00594,0.00471,0.01263,0.00018,0.01218,0.00167,0.00105,0.00123
6.17600,0.12794,0.97547,0.00148,0.00241,0.00781,0.00009,0.01117,0.00055,0.00038,0.00064
6.20800,0.12794,0.98521,0.00033,0.00078,0.00408,0.00002,0.00897,0.00017,0.00007,0.00036
6.24000,0.12794,0.98991,0.00005,0.00028,0.00221,0.00001,0.00730,0.00004,0.00001,0.00019
6.27200,0.12794,0.99073,0.00003,0.00018,0.00178,0.00000,0.00713,0.00002,0.00001,0.00013
6.30400,0.12794,0.99257,0.00004,0.00015,0.00145,0.00000,0.00565,0.00002,0.00001,0.00012
6.33600,0.12794,0.99164,0.00004,0.00012,0.00175,0.00000,0.00625,0.00002,0.00001,0.00015
6.36800,0.12794,0.98644,0.00007,0.00018,0.00344,0.00000,0.00958,0.00004,0.00001,0.00023
6.40000,0.12794,0.98344,0.00007,0.00022,0.00447,0.00000,0.01155,0.00003,0.00001,0.00020
6.43200,0.12794,0.98761,0.00005,0.00015,0.00303,0.00000,0.00899,0.00003,0.00001,0.00014
6.46400,0.12794,0.98701,0.00005,0.00016,0.00330,0.00000,0.00930,0.00003,0.00001,0.00015
6.49600,0.12794,0.99075,0.00003,0.00011,0.00191,0.00000,0.00706,0.00002,0.00000,0.00011
6.52800,0.12794,0.99116,0.00004,0.00011,0.00186,0.00000,0.00670,0.00002,0.00001,0.00010
6.56000,0.12794,0.99062,0.00002,0.00009,0.00173,0.00000,0.00744,0.00001,0.00000,0.00009
6.59200,0.12794,0.99177,0.00001,0.00006,0.00127,0.00000,0.00682,0.00001,0.00000,0.00006
6.62400,0.12794,0.99205,0.00001,0.00007,0.00133,0.00000,0.00647,0.00001,0.00000,0.00006
6.65600,0.12794,0.98786,0.00001,0.00005,0.00265,0.00000,0.00929,0.00001,0.00000,0.00014
6.68800,0.12794,0.98571,0.00005,0.00014,0.00452,0.00000,0.00929,0.00002,0.00001,0.00026
6.72000,0.12794,0.98398,0.00012,0.00033,0.00608,0.00001,0.00905,0.00004,0.00002,0.00037
6.75200,0.12794,0.98399,0.00023,0.00042,0.00620,0.00002,0.00841,0.00007,0.00002,0.00064
6.78400,0.12794,0.98693,0.00058,0.00173,0.00367,0.00007,0.00638,0.00016,0.00024,0.00025
6.81600,0.12794,0.98743,0.00036,0.00127,0.00322,0.00005,0.00713,0.00013,0.00015,0.00026
6.84800,0.12794,0.97832,0.00083,0.00139,0.00698,0.00006,0.01136,0.00029,0.00017,0.00059
6.88000,0.12794,0.96740,0.00166,0.00280,0.01189,0.00014,0.01431,0.00051,0.00047,0.00083
6.91200,0.12794,0.95245,0.00394,0.00334,0.01956,0.00015,0.01718,0.00105,0.00050,0.00184
6.94400,0.12794,0.93897,0.00500,0.00448,0.02620,0.00017,0.02105,0.00143,0.00071,0.00200
6.97600,0.12794,0.93495,0.00595,0.00724,0.02450,0.00020,0.02262,0.00182,0.00159,0.00112
7.00800,0.12794,0.94190,0.00266,0.00365,0.02313,0.00010,0.02588,0.00098,0.00056,0.00114
7.04000,0.12794,0.95180,0.00069,0.00153,0.01675,0.00004,0.02812,0.00038,0.00017,0.00053
7.07200,0.12794,0.94693,0.00059,0.00218,0.02032,0.00005,0.02882,0.00031,0.00022,0.00057
7.10400,0.12794,0.93537,0.00069,0.00444,0.02761,0.00007,0.03015,0.00040,0.00041,0.00086
7.13600,0.12794,0.92309,0.00095,0.00840,0.03262,0.00009,0.03256,0.00059,0.00111,0.00059
7.16800,0.12794,0.92398,0.00086,0.00830,0.03195,0.00008,0.03246,0.00061,0.00101,0.00075
7.20000,0.12794,0.95824,0.00031,0.00266,0.01429,0.00003,0.02355,0.00028,0.00026,0.00039
7.23200,0.12794,0.95090,0.00031,0.00222,0.01904,0.00003,0.02656,0.00025,0.00024,0.00045
7.26400,0.12794,0.95147,0.00037,0.00388,0.01909,0.00005,0.02382,0.00029,0.00038,0.00066
7.29600,0.12794,0.93860,0.00094,0.01154,0.02242,0.00013,0.02320,0.00067,0.00182,0.00068
7.32800,0.12794,0.89256,0.00383,0.02682,0.03983,0.00043,0.02632,0.00207,0.00682,0.00132
7.36000,0.12794,0.92828,0.00247,0.01234,0.02732,0.00024,0.02439,0.00140,0.00249,0.00107
7.39200,0.12794,0.93230,0.00217,0.00644,0.02858,0.00015,0.02717,0.00105,0.00127,0.00089
7.42400,0.12794,0.91853,0.00247,0.00514,0.03893,0.00015,0.03182,0.00092,0.00102,0.00102
7.45600,0.12794,0.92070,0.00125,0.00324,0.03925,0.00008,0.03357,0.00051,0.00048,0.00091
7.48800,0.12794,0.93987,0.00158,0.00624,0.02299,0.00010,0.02651,0.00092,0.00133,0.00047
7.52000,0.12794,0.94339,0.00151,0.00527,0.02297,0.00011,0.02439,0.00076,0.00098,0.00063
7.55200,0.12794,0.97069,0.00122,0.00384,0.00819,0.00008,0.01404,0.00077,0.00073,0.00043
7.58400,0.12794,0.96954,0.00266,0.00576,0.00654,0.00013,0.01201,0.00150,0.00144,0.00041
7.61600,0.12794,0.97332,0.00434,0.00483,0.00551,0.00017,0.00774,0.00191,0.00122,0.00096
7.64800,0.12794,0.96835,0.00585,0.00985,0.00234,0.00028,0.00417,0.00467,0.00377,0.00073
7.68000,0.12794,0.95811,0.00552,0.01673,0.00382,0.00042,0.00535,0.00447,0.00446,0.00112
7.71200,0.12794,0.97225,0.00199,0.01136,0.00329,0.00022,0.00565,0.00227,0.00193,0.00105
7.74400,0.12794,0.97567,0.00070,0.00725,0.00450,0.00011,0.00935,0.00091,0.00087,0.00065
7.77600,0.12794,0.97480,0.00034,0.00238,0.00703,0.00004,0.01432,0.00029,0.00018,0.00061
7.80800,0.12794,0.97539,0.00037,0.00184,0.00720,0.00004,0.01417,0.00031,0.00017,0.00053
7.84000,0.12794,0.97873,0.00069,0.00387,0.00526,0.00008,0.00978,0.00058,0.00058,0.00043
7.87200,0.12794,0.97254,0.00104,0.00873,0.00571,0.00018,0.00899,0.00094,0.00122,0.00065
7.90400,0.12794,0.97016,0.00087,0.01560,0.00317,0.00023,0.00584,0.00114,0.00261,0.00039
7.93600,0.12794,0.98016,0.00046,0.00785,0.00298,0.00011,0.00633,0.00069,0.00095,0.00047
7.96800,0.12794,0.98476,0.00028,0.00449,0.00224,0.00004,0.00698,0.00047,0.00050,0.00023
8.00000,0.12794,0.98683,0.00014,0.00141,0.00257,0.00002,0.00850,0.00021,0.00012,0.00022
8.03200,0.12794,0.98172,0.00012,0.00075,0.00399,0.00001,0.01298,0.00013,0.00005,0.00025
8.06400,0.12794,0.97415,0.00010,0.00065,0.00703,0.00001,0.01766,0.00009,0.00004,0.00027
8.09600,0.12794,0.96073,0.00010,0.00072,0.01385,0.00001,0.02402,0.00008,0.00004,0.00045
8.12800,0.12794,0.94534,0.00016,0.00115,0.01977,0.00002,0.03279,0.00013,0.00007,0.00058
8.16000,0.12794,0.92748,0.00018,0.00159,0.02800,0.00002,0.04175,0.00017,0.00009,0.00071
8.19200,0.12794,0.92945,0.00027,0.00241,0.02557,0.00003,0.04126,0.00027,0.00019,0.00055
8.22400,0.12794,0.94219,0.00014,0.00128,0.01868,0.00002,0.03692,0.00017,0.00007,0.00051
8.25600,0.12794,0.96877,0.00010,0.00064,0.00863,0.00001,0.02142,0.00011,0.00004,0.00028
8.28800,0.12794,0.97539,0.00008,0.00034,0.00670,0.00001,0.01710,0.00007,0.00002,0.00029
8.32000,0.12794,0.98008,0.00006,0.00023,0.00507,0.00000,0.01419,0.00006,0.00001,0.00030
8.35200,0.12794,0.98796,0.00011,0.00022,0.00291,0.00000,0.00834,0.00008,0.00001,0.00036
8.38400,0.12794,0.99349,0.00014,0.00020,0.00138,0.00000,0.00440,0.00008,0.00001,0.00029
8.41600,0.12794,0.99573,0.00021,0.00022,0.00078,0.00001,0.00277,0.00009,0.00002,0.00018
8.44800,0.12794,0.99688,0.00030,0.00021,0.00048,0.00001,0.00186,0.00010,0.00002,0.00015
8.48000,0.12794,0.99737,0.00034,0.00021,0.00038,0.00001,0.00144,0.00009,0.00002,0.00014
8.51200,0.12794,0.99725,0.00041,0.00023,0.00041,0.00001,0.00136,0.00009,0.00002,0.00021
8.54400,0.12794,0.99779,0.00040,0.00018,0.00029,0.00001,0.00093,0.00007,0.00001,0.00031
8.57600,0.12794,0.99804,0.00050,0.00018,0.00021,0.00001,0.00066,0.00007,0.00002,0.00033
8.60800,0.12794,0.99814,0.00045,0.00017,0.00019,0.00001,0.00058,0.00007,0.00001,0.00038
8.64000,0.12794,0.99805,0.00020,0.00013,0.00024,0.00000,0.00097,0.00005,0.00001,0.00034
8.67200,0.12794,0.99775,0.00019,0.00014,0.00030,0.00000,0.00130,0.00006,0.00001,0.00025
8.70400,0.12794,0.99698,0.00021,0.00018,0.00053,0.00000,0.00184,0.00006,0.00001,0.00019
8.73600,0.12794,0.99656,0.00020,0.00018,0.00066,0.00000,0.00219,0.00006,0.00001,0.00014
8.76800,0.12794,0.99722,0.00028,0.00021,0.00053,0.00000,0.00157,0.00006,0.00002,0.00011
8.80000,0.12794,0.99646,0.00026,0.00022,0.00079,0.00000,0.00208,0.00006,0.00002,0.00011
8.83200,0.12794,0.99455,0.00021,0.00032,0.00126,0.00001,0.00339,0.00007,0.00003,0.00017
8.86400,0.12794,0.99113,0.00017,0.00045,0.00225,0.00001,0.00563,0.00008,0.00003,0.00024
8.89600,0.12794,0.98968,0.00018,0.00052,0.00253,0.00001,0.00658,0.00012,0.00004,0.00034
8.92800,0.12794,0.98998,0.00027,0.00096,0.00223,0.00002,0.00583,0.00021,0.00008,0.00043
8.96000,0.12794,0.99295,0.00050,0.00094,0.00149,0.00002,0.00313,0.00028,0.00010,0.00058
8.99200,0.12794,0.99169,0.00071,0.00331,0.00091,0.00007,0.00191,0.00046,0.00053,0.00041
9.02400,0.12794,0.98530,0.00111,0.00788,0.00056,0.00014,0.00109,0.00127,0.00218,0.00047
9.05600,0.12794,0.98517,0.00088,0.00816,0.00039,0.00016,0.00084,0.00125,0.00262,0.00054
9.08800,0.12794,0.98963,0.00045,0.00582,0.00038,0.00010,0.00104,0.00077,0.00142,0.00038
9.12000,0.12794,0.99313,0.00056,0.00205,0.00070,0.00004,0.00189,0.00072,0.00042,0.00049
9.15200,0.12794,0.99140,0.00042,0.00103,0.00187,0.00003,0.00435,0.00026,0.00014,0.00051
9.18400,0.12794,0.98911,0.00070,0.00093,0.00260,0.00003,0.00559,0.00035,0.00012,0.00056
9.21600,0.12794,0.98985,0.00073,0.00094,0.00218,0.00002,0.00521,0.00041,0.00013,0.00051
9.24800,0.12794,0.98546,0.00093,0.00141,0.00364,0.00003,0.00725,0.00049,0.00020,0.00060
9.28000,0.12794,0.98914,0.00113,0.00110,0.00289,0.00003,0.00479,0.00032,0.00015,0.00046
9.31200,0.12794,0.99269,0.00128,0.00086,0.00185,0.00002,0.00273,0.00019,0.00015,0.00023
9.34400,0.12794,0.99393,0.00131,0.00077,0.00149,0.00002,0.00206,0.00013,0.00014,0.00015
9.37600,0.12794,0.99580,0.00107,0.00046,0.00096,0.00001,0.00139,0.00009,0.00008,0.00013
9.40800,0.12794,0.99320,0.00140,0.00094,0.00148,0.00002,0.00238,0.00021,0.00021,0.00015
9.44000,0.12794,0.99086,0.00133,0.00114,0.00232,0.00003,0.00354,0.00029,0.00019,0.00030
9.47200,0.12794,0.98665,0.00191,0.00176,0.00320,0.00006,0.00477,0.00064,0.00029,0.00073
9.50400,0.12794,0.97969,0.00396,0.00352,0.00401,0.00014,0.00513,0.00149,0.00082,0.00124
9.53600,0.12794,0.97588,0.00461,0.00373,0.00459,0.00016,0.00573,0.00208,0.00070,0.00251
9.56800,0.12794,0.97120,0.00693,0.00591,0.00385,0.00021,0.00513,0.00323,0.00182,0.00173
9.60000,0.12794,0.97304,0.00458,0.00468,0.00605,0.00015,0.00708,0.00181,0.00137,0.00123
9.63200,0.12794,0.97781,0.00301,0.00295,0.00639,0.00008,0.00730,0.00086,0.00070,0.00089
9.66400,0.12794,0.98494,0.00132,0.00129,0.00533,0.00004,0.00593,0.00029,0.00022,0.00065
9.69600,0.12794,0.97584,0.00063,0.00084,0.01043,0.00003,0.01110,0.00017,0.00009,0.00088
9.72800,0.12794,0.98101,0.00061,0.00092,0.00744,0.00003,0.00898,0.00017,0.00010,0.00074
9.76000,0.12794,0.98160,0.00068,0.00095,0.00642,0.00003,0.00918,0.00025,0.00010,0.00079
9.79200,0.12794,0.98627,0.00087,0.00107,0.00381,0.00004,0.00675,0.00034,0.00015,0.00071
9.82400,0.12794,0.99048,0.00126,0.00111,0.00198,0.00003,0.00412,0.00041,0.00019,0.00042
9.85600,0.12794,0.99188,0.00084,0.00077,0.00170,0.00002,0.00383,0.00033,0.00010,0.00053
9.88800,0.12794,0.99322,0.00081,0.00112,0.00105,0.00003,0.00283,0.00038,0.00018,0.00039
9.92000,0.12794,0.99080,0.00112,0.00183,0.00123,0.00005,0.00340,0.00073,0.00036,0.00048
9.95200,0.12794,0.99217,0.00075,0.00133,0.00119,0.00005,0.00302,0.00053,0.00021,0.00075
9.98400,0.12794,0.98777,0.00072,0.00163,0.00289,0.00007,0.00514,0.00042,0.00026,0.00110
10.01600,0.12794,0.98312,0.00074,0.00132,0.00498,0.00006,0.00787,0.00038,0.00017,0.00135
10.04800,0.12794,0.97813,0.00062,0.00117,0.00774,0.00004,0.01096,0.00024,0.00013,0.00097
10.08000,0.12794,0.94346,0.00109,0.00180,0.02622,0.00008,0.02543,0.00034,0.00025,0.00134
10.11200,0.12794,0.89439,0.00247,0.00241,0.06087,0.00017,0.03569,0.00056,0.00041,0.00304
10.14400,0.12794,0.80714,0.00585,0.00294,0.13686,0.00027,0.03811,0.00063,0.00050,0.00770
10.17600,0.12794,0.72687,0.00988,0.00365,0.20734,0.00048,0.03502,0.00067,0.00067,0.01542
10.20800,0.12794,0.76531,0.01343,0.00447,0.17042,0.00052,0.02869,0.00084,0.00079,0.01553
10.24000,0.12794,0.84011,0.01856,0.00664,0.09954,0.00052,0.02134,0.00132,0.00126,0.01070
10.27200,0.12794,0.90630,0.01346,0.00794,0.04472,0.00043,0.01735,0.00201,0.00171,0.00609
10.30400,0.12794,0.90570,0.01800,0.01068,0.03997,0.00045,0.01470,0.00243,0.00287,0.00521
10.33600,0.12794,0.93017,0.01791,0.01085,0.01982,0.00046,0.00925,0.00297,0.00371,0.00485
10.36800,0.12794,0.95453,0.01221,0.00738,0.01028,0.00027,0.00743,0.00259,0.00243,0.00287
10.40000,0.12794,0.96674,0.00504,0.00400,0.01045,0.00014,0.00936,0.00127,0.00091,0.00208
10.43200,0.12794,0.97856,0.00230,0.00182,0.00617,0.00006,0.00878,0.00082,0.00031,0.00117
10.46400,0.12794,0.97644,0.00105,0.00099,0.00809,0.00003,0.01215,0.00033,0.00010,0.00082
10.49600,0.12794,0.98304,0.00051,0.00060,0.00534,0.00002,0.00969,0.00018,0.00005,0.00057
10.52800,0.12794,0.98824,0.00047,0.00050,0.00351,0.00001,0.00672,0.00015,0.00005,0.00035
10.56000,0.12794,0.99125,0.00026,0.00035,0.00228,0.00001,0.00551,0.00009,0.00003,0.00022
10.59200,0.12794,0.99361,0.00017,0.00029,0.00132,0.00001,0.00434,0.00008,0.00002,0.00015
10.62400,0.12794,0.99470,0.00018,0.00024,0.00110,0.00001,0.00353,0.00007,0.00002,0.00015
10.65600,0.12794,0.99432,0.00016,0.00028,0.00113,0.00001,0.00387,0.00007,0.00002,0.00014
10.68800,0.12794,0.99557,0.00023,0.00037,0.00076,0.00001,0.00273,0.00012,0.00003,0.00020
10.72000,0.12794,0.99637,0.00053,0.00046,0.00048,0.00001,0.00155,0.00021,0.00005,0.00034
10.75200,0.12794,0.99520,0.00085,0.00065,0.00065,0.00002,0.00178,0.00031,0.00010,0.00044
10.78400,0.12794,0.99510,0.00087,0.00064,0.00067,0.00002,0.00185,0.00031,0.00011,0.00043
10.81600,0.12794,0.99401,0.00108,0.00057,0.00107,0.00002,0.00228,0.00032,0.00009,0.00055
10.84800,0.12794,0.99497,0.00074,0.00077,0.00077,0.00002,0.00194,0.00032,0.00015,0.00032
10.88000,0.12794,0.99569,0.00067,0.00064,0.00055,0.00002,0.00150,0.00034,0.00010,0.00048
10.91200,0.12794,0.99539,0.00114,0.00099,0.00030,0.00003,0.00098,0.00063,0.00021,0.00035
10.94400,0.12794,0.99541,0.00101,0.00098,0.00031,0.00003,0.00113,0.00060,0.00019,0.00035
10.97600,0.12794,0.99384,0.00136,0.00110,0.00070,0.00003,0.00175,0.00051,0.00018,0.00055
11.00800,0.12794,0.99390,0.00167,0.00120,0.00059,0.00003,0.00144,0.00048,0.00021,0.00048
11.04000,0.12794,0.99502,0.00188,0.00072,0.00053,0.00002,0.00085,0.00024,0.00011,0.00064
11.07200,0.12794,0.99529,0.00230,0.00072,0.00043,0.00002,0.00056,0.00015,0.00013,0.00040
11.10400,0.12794,0.99605,0.00176,0.00054,0.00042,0.00002,0.00066,0.00015,0.00009,0.00031
11.13600,0.12794,0.99694,0.00085,0.00037,0.00056,0.00001,0.00096,0.00008,0.00005,0.00017
11.16800,0.12794,0.99659,0.00051,0.00032,0.00075,0.00001,0.00154,0.00008,0.00004,0.00016
11.20000,0.12794,0.99570,0.00030,0.00041,0.00084,0.00001,0.00241,0.00010,0.00005,0.00017
11.23200,0.12794,0.99632,0.00025,0.00029,0.00080,0.00001,0.00199,0.00006,0.00003,0.00025
11.26400,0.12794,0.99487,0.00043,0.00037,0.00137,0.00001,0.00244,0.00008,0.00004,0.00040
11.29600,0.12794,0.99490,0.00040,0.00042,0.00136,0.00001,0.00240,0.00007,0.00004,0.00039
11.32800,0.12794,0.99277,0.00043,0.00036,0.00248,0.00001,0.00327,0.00006,0.00003,0.00058
11.36000,0.12794,0.99316,0.00042,0.00031,0.00237,0.00001,0.00320,0.00005,0.00002,0.00045
11.39200,0.12794,0.99356,0.00026,0.00025,0.00219,0.00001,0.00322,0.00004,0.00002,0.00046
11.42400,0.12794,0.99016,0.00028,0.00035,0.00344,0.00001,0.00511,0.00006,0.00002,0.00057
11.45600,0.12794,0.98902,0.00061,0.00072,0.00347,0.00002,0.00543,0.00015,0.00008,0.00048
11.48800,0.12794,0.98148,0.00112,0.00178,0.00549,0.00007,0.00869,0.00038,0.00029,0.00070
11.52000,0.12794,0.97524,0.00379,0.00265,0.00805,0.00012,0.00775,0.00061,0.00055,0.00125
11.55200,0.12794,0.96365,0.01236,0.00378,0.00986,0.00025,0.00616,0.00102,0.00102,0.00189
11.58400,0.12794,0.96852,0.00889,0.00228,0.01052,0.00018,0.00606,0.00066,0.00043,0.00247
11.61600,0.12794,0.97235,0.00727,0.00158,0.00970,0.00011,0.00547,0.00057,0.00025,0.00270
11.64800,0.12794,0.97801,0.00483,0.00154,0.00684,0.00010,0.00581,0.00070,0.00024,0.00194
11.68000,0.12794,0.98181,0.00192,0.00115,0.00607,0.00006,0.00697,0.00046,0.00015,0.00142
11.71200,0.12794,0.98810,0.00125,0.00116,0.00328,0.00004,0.00509,0.00035,0.00019,0.00055
11.74400,0.12794,0.98977,0.00062,0.00082,0.00281,0.00002,0.00532,0.00020,0.00012,0.00033
11.77600,0.12794,0.98921,0.00018,0.00047,0.00258,0.00001,0.00721,0.00010,0.00005,0.00019
11.80800,0.12794,0.98963,0.00011,0.00031,0.00230,0.00001,0.00735,0.00007,0.00002,0.00021
11.84000,0.12794,0.98958,0.00013,0.00025,0.00259,0.00001,0.00689,0.00008,0.00001,0.00046
11.87200,0.12794,0.98760,0.00024,0.00038,0.00338,0.00001,0.00750,0.00013,0.00002,0.00074
11.90400,0.12794,0.98878,0.00045,0.00056,0.00325,0.00002,0.00609,0.00018,0.00005,0.00062
11.93600,0.12794,0.98856,0.00072,0.00083,0.00297,0.00002,0.00613,0.00028,0.00010,0.00038
11.96800,0.12794,0.98819,0.00073,0.00078,0.00320,0.00002,0.00647,0.00023,0.00010,0.00028
12.00000,0.12794,0.99104,0.00041,0.00051,0.00237,0.00001,0.00531,0.00012,0.00006,0.00018
12.03200,0.12794,0.99266,0.00027,0.00039,0.00168,0.00001,0.00469,0.00011,0.00004,0.00015
12.06400,0.12794,0.99139,0.00017,0.00029,0.00234,0.00001,0.00552,0.00006,0.00002,0.00020
12.09600,0.12794,0.98998,0.00010,0.00028,0.00252,0.00001,0.00685,0.00005,0.00002,0.00019
12.12800,0.12794,0.99099,0.00009,0.00023,0.00220,0.00000,0.00620,0.00005,0.00001,0.00023
12.16000,0.12794,0.99117,0.00009,0.00033,0.00184,0.00001,0.00626,0.00006,0.00002,0.00022
12.19200,0.12794,0.99026,0.00008,0.00037,0.00190,0.00001,0.00707,0.00007,0.00002,0.00022
12.22400,0.12794,0.98670,0.00013,0.00045,0.00379,0.00001,0.00822,0.00007,0.00003,0.00060
12.25600,0.12794,0.98668,0.00022,0.00079,0.00404,0.00002,0.00752,0.00011,0.00008,0.00054
12.28800,0.12794,0.98805,0.00028,0.00062,0.00394,0.00002,0.00632,0.00010,0.00006,0.00061
12.32000,0.12794,0.98939,0.00035,0.00062,0.00341,0.00002,0.00564,0.00011,0.00007,0.00039
12.35200,0.12794,0.99331,0.00021,0.00038,0.00160,0.00001,0.00420,0.00009,0.00004,0.00016
12.38400,0.12794,0.99161,0.00015,0.00024,0.00225,0.00001,0.00548,0.00006,0.00002,0.00019
12.41600,0.12794,0.98979,0.00008,0.00015,0.00287,0.00000,0.00685,0.00003,0.00001,0.00021
12.44800,0.12794,0.98720,0.00008,0.00013,0.00407,0.00000,0.00816,0.00003,0.00001,0.00032
12.48000,0.12794,0.98041,0.00009,0.00017,0.00723,0.00000,0.01165,0.00003,0.00001,0.00040
12.51200,0.12794,0.98155,0.00006,0.00025,0.00520,0.00000,0.01270,0.00004,0.00001,0.00019
12.54400,0.12794,0.97567,0.00006,0.00028,0.00703,0.00001,0.01670,0.00004,0.00001,0.00020
12.57600,0.12794,0.97908,0.00003,0.00022,0.00515,0.00000,0.01532,0.00003,0.00001,0.00016
12.60800,0.12794,0.98434,0.00001,0.00014,0.00266,0.00000,0.01269,0.00001,0.00000,0.00014
12.64000,0.12794,0.98136,0.00000,0.00007,0.00348,0.00000,0.01478,0.00001,0.00000,0.00030
12.67200,0.12794,0.98707,0.00000,0.00005,0.00250,0.00000,0.01013,0.00000,0.00000,0.00024
12.70400,0.12794,0.99239,0.00000,0.00005,0.00112,0.00000,0.00633,0.00000,0.00000,0.00010
12.73600,0.12794,0.99291,0.00001,0.00005,0.00111,0.00000,0.00586,0.00000,0.00000,0.00006
12.76800,0.12794,0.99399,0.00001,0.00004,0.00084,0.00000,0.00507,0.00000,0.00000,0.00005
12.80000,0.12794,0.99205,0.00000,0.00004,0.00092,0.00000,0.00695,0.00000,0.00000,0.00004
12.83200,0.12794,0.98888,0.00000,0.00003,0.00144,0.00000,0.00957,0.00000,0.00000,0.00007
12.86400,0.12794,0.98588,0.00001,0.00005,0.00231,0.00000,0.01162,0.00001,0.00000,0.00013
12.89600,0.12794,0.99184,0.00004,0.00013,0.00173,0.00000,0.00607,0.00002,0.00001,0.00015
12.92800,0.12794,0.99125,0.00039,0.00032,0.00252,0.00001,0.00490,0.00010,0.00002,0.00049
12.96000,0.12794,0.98575,0.00234,0.00123,0.00417,0.00005,0.00530,0.00036,0.00024,0.00056
12.99200,0.12794,0.98494,0.00456,0.00159,0.00329,0.00008,0.00391,0.00060,0.00039,0.00064
13.02400,0.12794,0.97853,0.00367,0.00164,0.00660,0.00009,0.00754,0.00067,0.00033,0.00093
13.05600,0.12794,0.97531,0.00129,0.00093,0.00944,0.00004,0.01173,0.00034,0.00012,0.00079
13.08800,0.12794,0.96711,0.00093,0.00074,0.01275,0.00003,0.01698,0.00033,0.00007,0.00106
13.12000,0.12794,0.94016,0.00086,0.00084,0.02739,0.00003,0.02906,0.00031,0.00007,0.00128
13.15200,0.12794,0.93445,0.00087,0.00097,0.03021,0.00004,0.03163,0.00034,0.00008,0.00141
13.18400,0.12794,0.95858,0.00132,0.00133,0.01678,0.00004,0.02035,0.00046,0.00015,0.00099
13.21600,0.12794,0.97496,0.00119,0.00113,0.00871,0.00004,0.01265,0.00041,0.00014,0.00077
13.24800,0.12794,0.98295,0.00055,0.00058,0.00548,0.00002,0.00955,0.00021,0.00005,0.00063
13.28000,0.12794,0.98944,0.00019,0.00029,0.00276,0.00001,0.00689,0.00009,0.00002,0.00032
13.31200,0.12794,0.98936,0.00016,0.00023,0.00286,0.00001,0.00675,0.00008,0.00001,0.00054
13.34400,0.12794,0.98640,0.00016,0.00029,0.00383,0.00001,0.00852,0.00007,0.00001,0.00071
13.37600,0.12794,0.99064,0.00026,0.00040,0.00232,0.00002,0.00568,0.00010,0.00003,0.00054
13.40800,0.12794,0.98915,0.00045,0.00067,0.00266,0.00003,0.00636,0.00017,0.00007,0.00045
13.44000,0.12794,0.98774,0.00018,0.00045,0.00300,0.00001,0.00818,0.00009,0.00004,0.00031
13.47200,0.12794,0.99199,0.00013,0.00024,0.00175,0.00001,0.00557,0.00007,0.00002,0.00023
13.50400,0.12794,0.98616,0.00008,0.00020,0.00346,0.00000,0.00973,0.00005,0.00001,0.00030
13.53600,0.12794,0.97586,0.00004,0.00014,0.00715,0.00000,0.01607,0.00003,0.00000,0.00070
13.56800,0.12794,0.97850,0.00009,0.00030,0.00625,0.00001,0.01434,0.00006,0.00002,0.00044
13.60000,0.12794,0.96066,0.00013,0.00045,0.01436,0.00002,0.02351,0.00007,0.00003,0.00078
13.63200,0.12794,0.94954,0.00028,0.00089,0.02190,0.00004,0.02568,0.00011,0.00007,0.00148
13.66400,0.12794,0.95710,0.00044,0.00117,0.02040,0.00005,0.01907,0.00012,0.00012,0.00152
13.69600,0.12794,0.93140,0.00030,0.00100,0.03684,0.00006,0.02597,0.00008,0.00007,0.00428
13.72800,0.12794,0.88555,0.00050,0.00145,0.07200,0.00010,0.03506,0.00010,0.00012,0.00513
13.76000,0.12794,0.74059,0.00042,0.00099,0.19253,0.00009,0.05548,0.00007,0.00007,0.00976
13.79200,0.12794,0.66401,0.00061,0.00133,0.25070,0.00014,0.07080,0.00010,0.00011,0.01219
13.82400,0.12794,0.58678,0.00084,0.00135,0.32754,0.00014,0.07405,0.00012,0.00015,0.00902
13.85600,0.12794,0.51396,0.00067,0.00120,0.39157,0.00013,0.08194,0.00011,0.00013,0.01030
13.88800,0.12794,0.62866,0.00088,0.00156,0.28443,0.00014,0.07818,0.00015,0.00017,0.00581
13.92000,0.12794,0.69429,0.00036,0.00095,0.21931,0.00008,0.08024,0.00009,0.00007,0.00461
13.95200,0.12794,0.84826,0.00012,0.00051,0.08964,0.00003,0.05892,0.00004,0.00003,0.00245
13.98400,0.12794,0.94582,0.00005,0.00032,0.02113,0.00001,0.03185,0.00003,0.00001,0.00077
14.01600,0.12794,0.96446,0.00003,0.00034,0.01010,0.00001,0.02455,0.00003,0.00001,0.00045
14.04800,0.12794,0.96442,0.00008,0.00062,0.01035,0.00001,0.02400,0.00007,0.00003,0.00041
14.08000,0.12794,0.96368,0.00026,0.00161,0.01071,0.00003,0.02279,0.00026,0.00014,0.00052
14.11200,0.12794,0.95452,0.00029,0.00188,0.01620,0.00005,0.02587,0.00025,0.00017,0.00078
14.14400,0.12794,0.96562,0.00034,0.00190,0.01140,0.00004,0.01966,0.00030,0.00019,0.00054
14.17600,0.12794,0.96943,0.00021,0.00159,0.00927,0.00003,0.01871,0.00022,0.00015,0.00038
14.20800,0.12794,0.95267,0.00016,0.00099,0.01819,0.00002,0.02713,0.00013,0.00007,0.00064
14.24000,0.12794,0.95864,0.00018,0.00108,0.01372,0.00002,0.02568,0.00016,0.00009,0.00042
14.27200,0.12794,0.95218,0.00026,0.00114,0.01717,0.00003,0.02824,0.00020,0.00009,0.00068
14.30400,0.12794,0.94259,0.00069,0.00209,0.02228,0.00005,0.03078,0.00043,0.00023,0.00085
14.33600,0.12794,0.94216,0.00223,0.00509,0.02012,0.00013,0.02714,0.00118,0.00091,0.00105
14.36800,0.12794,0.91279,0.00862,0.00946,0.03209,0.00042,0.02887,0.00289,0.00221,0.00264
14.40000,0.12794,0.88377,0.01927,0.01395,0.04101,0.00077,0.02909,0.00439,0.00442,0.00333
14.43200,0.12794,0.90989,0.01512,0.00905,0.03254,0.00055,0.02378,0.00319,0.00249,0.00339
14.46400,0.12794,0.93990,0.00595,0.00357,0.02532,0.00023,0.02028,0.00129,0.00070,0.00276
14.49600,0.12794,0.96902,0.00116,0.00114,0.01178,0.00006,0.01466,0.00038,0.00012,0.00169
14.52800,0.12794,0.97543,0.00022,0.00052,0.00836,0.00002,0.01436,0.00012,0.00003,0.00094
14.56000,0.12794,0.98110,0.00012,0.00045,0.00551,0.00001,0.01214,0.00008,0.00003,0.00056
14.59200,0.12794,0.98062,0.00011,0.00080,0.00474,0.00001,0.01315,0.00012,0.00006,0.00039
14.62400,0.12794,0.97555,0.00017,0.00138,0.00656,0.00002,0.01563,0.00018,0.00013,0.00037
14.65600,0.12794,0.97344,0.00036,0.00173,0.00704,0.00003,0.01640,0.00036,0.00017,0.00049
14.68800,0.12794,0.96764,0.00061,0.00218,0.00963,0.00004,0.01853,0.00050,0.00024,0.00064
14.72000,0.12794,0.96268,0.00044,0.00143,0.01255,0.00003,0.02178,0.00031,0.00014,0.00063
14.75200,0.12794,0.96227,0.00023,0.00073,0.01264,0.00002,0.02335,0.00015,0.00005,0.00056
14.78400,0.12794,0.96079,0.00012,0.00051,0.01335,0.00001,0.02466,0.00008,0.00003,0.00045
14.81600,0.12794,0.96784,0.00006,0.00037,0.00965,0.00001,0.02164,0.00005,0.00002,0.00035
14.84800,0.12794,0.97808,0.00012,0.00076,0.00593,0.00001,0.01459,0.00013,0.00005,0.00033
14.88000,0.12794,0.98274,0.00023,0.00190,0.00372,0.00003,0.01049,0.00034,0.00019,0.00037
14.91200,0.12794,0.98747,0.00023,0.00242,0.00188,0.00003,0.00691,0.00043,0.00023,0.00039
14.94400,0.12794,0.98953,0.00030,0.00290,0.00104,0.00003,0.00488,0.00064,0.00035,0.00033
14.97600,0.12794,0.99162,0.00015,0.00125,0.00099,0.00002,0.00527,0.00029,0.00011,0.00030
15.00800,0.12794,0.99176,0.00007,0.00038,0.00125,0.00001,0.00617,0.00009,0.00002,0.00024
15.04000,0.12794,0.98833,0.00006,0.00030,0.00210,0.00000,0.00893,0.00007,0.00002,0.00019
15.07200,0.12794,0.97937,0.00008,0.00028,0.00565,0.00001,0.01426,0.00006,0.00001,0.00029
15.10400,0.12794,0.97973,0.00023,0.00046,0.00655,0.00001,0.01256,0.00011,0.00003,0.00032
15.13600,0.12794,0.97250,0.00078,0.00125,0.01030,0.00004,0.01422,0.00030,0.00016,0.00045
15.16800,0.12794,0.96602,0.00176,0.00167,0.01394,0.00007,0.01501,0.00050,0.00025,0.00077
15.20000,0.12794,0.96398,0.00183,0.00221,0.01404,0.00008,0.01621,0.00056,0.00036,0.00071
15.23200,0.12794,0.95971,0.00069,0.00131,0.01645,0.00005,0.02063,0.00027,0.00014,0.00075
15.26400,0.12794,0.96607,0.00016,0.00056,0.01144,0.00002,0.02118,0.00009,0.00004,0.00044
15.29600,0.12794,0.97228,0.00006,0.00036,0.00780,0.00001,0.01916,0.00005,0.00002,0.00027
15.32800,0.12794,0.95846,0.00010,0.00038,0.01392,0.00001,0.02654,0.00006,0.00002,0.00052
15.36000,0.12794,0.94352,0.00030,0.00074,0.02154,0.00002,0.03297,0.00016,0.00005,0.00071
15.39200,0.12794,0.95392,0.00114,0.00197,0.01798,0.00006,0.02338,0.00048,0.00025,0.00080
15.42400,0.12794,0.94929,0.00245,0.00501,0.01906,0.00016,0.02057,0.00125,0.00082,0.00140
15.45600,0.12794,0.96614,0.00276,0.00874,0.00666,0.00020,0.01004,0.00252,0.00200,0.00094
15.48800,0.12794,0.97393,0.00156,0.00971,0.00302,0.00016,0.00656,0.00233,0.00209,0.00063
15.52000,0.12794,0.96932,0.00164,0.01262,0.00303,0.00021,0.00677,0.00304,0.00259,0.00078
15.55200,0.12794,0.97270,0.00183,0.00852,0.00383,0.00018,0.00801,0.00237,0.00175,0.00082
15.58400,0.12794,0.97798,0.00088,0.00595,0.00373,0.00011,0.00869,0.00111,0.00103,0.00054
15.61600,0.12794,0.97486,0.00076,0.00478,0.00567,0.00010,0.01146,0.00087,0.00071,0.00080
15.64800,0.12794,0.97885,0.00050,0.00231,0.00506,0.00005,0.01184,0.00051,0.00028,0.00060
15.68000,0.12794,0.97899,0.00052,0.00202,0.00499,0.00004,0.01220,0.00049,0.00025,0.00049
15.71200,0.12794,0.96284,0.00092,0.00195,0.01180,0.00005,0.02058,0.00062,0.00022,0.00102
15.74400,0.12794,0.95216,0.00272,0.00312,0.01781,0.00011,0.02110,0.00108,0.00047,0.00144
15.77600,0.12794,0.91939,0.00691,0.00832,0.03282,0.00035,0.02604,0.00220,0.00188,0.00208
15.80800,0.12794,0.90617,0.01323,0.01796,0.02919,0.00079,0.02049,0.00409,0.00591,0.00219
15.84000,0.12794,0.91240,0.01970,0.01945,0.02066,0.00086,0.01237,0.00411,0.00883,0.00161
15.87200,0.12794,0.93355,0.00761,0.01866,0.01704,0.00053,0.01252,0.00238,0.00665,0.00108
15.90400,0.12794,0.95170,0.00404,0.00941,0.01629,0.00024,0.01366,0.00138,0.00233,0.00095
15.93600,0.12794,0.95943,0.00238,0.00456,0.01574,0.00011,0.01522,0.00087,0.00081,0.00088
15.96800,0.12794,0.95898,0.00065,0.00218,0.01599,0.00005,0.02067,0.00037,0.00021,0.00090
16.00000,0.12794,0.96963,0.00096,0.00177,0.01017,0.00006,0.01576,0.00058,0.00023,0.00085
16.03200,0.12794,0.97454,0.00059,0.00162,0.00930,0.00006,0.01182,0.00029,0.00020,0.00159
16.06400,0.12794,0.96972,0.00051,0.00241,0.01277,0.00011,0.01200,0.00022,0.00042,0.00184
16.09600,0.12794,0.94107,0.00060,0.00407,0.02960,0.00020,0.01897,0.00018,0.00065,0.00465
16.12800,0.12794,0.87298,0.00069,0.00476,0.08286,0.00035,0.02750,0.00011,0.00061,0.01014
16.16000,0.12794,0.83100,0.00138,0.00521,0.11723,0.00045,0.03606,0.00018,0.00076,0.00774
16.19200,0.12794,0.77460,0.00213,0.00443,0.16556,0.00044,0.04090,0.00020,0.00046,0.01129
16.22400,0.12794,0.90146,0.00319,0.00440,0.06324,0.00038,0.02261,0.00043,0.00077,0.00352
16.25600,0.12794,0.95976,0.00130,0.00254,0.01766,0.00016,0.01667,0.00029,0.00036,0.00126
16.28800,0.12794,0.92782,0.00139,0.00302,0.03814,0.00020,0.02673,0.00030,0.00043,0.00197
16.32000,0.12794,0.89844,0.00123,0.00250,0.05870,0.00019,0.03623,0.00023,0.00035,0.00214
16.35200,0.12794,0.87626,0.00080,0.00134,0.07600,0.00013,0.04248,0.00012,0.00013,0.00274
16.38400,0.12794,0.84884,0.00060,0.00080,0.10536,0.00007,0.03999,0.00008,0.00006,0.00418
16.41600,0.12794,0.96495,0.00021,0.00028,0.02261,0.00000,0.00596,0.00001,0.00001,0.00597
16.44800,0.12794,0.98348,0.00036,0.00049,0.00700,0.00001,0.00181,0.00001,0.00002,0.00681
16.48000,0.12794,0.98378,0.00115,0.00131,0.00552,0.00002,0.00084,0.00001,0.00008,0.00729
16.51200,0.12794,0.97985,0.00286,0.00316,0.00570,0.00006,0.00069,0.00003,0.00031,0.00736
16.54400,0.12794,0.97693,0.00608,0.00621,0.00478,0.00067,0.00148,0.00020,0.00182,0.00183
16.57600,0.12794,0.98839,0.00240,0.00255,0.00311,0.00019,0.00188,0.00013,0.00059,0.00075
16.60800,0.12794,0.99068,0.00084,0.00103,0.00307,0.00007,0.00333,0.00011,0.00014,0.00072
16.64000,0.12794,0.99357,0.00055,0.00063,0.00193,0.00003,0.00275,0.00008,0.00008,0.00039
16.67200,0.12794,0.99223,0.00111,0.00074,0.00224,0.00003,0.00294,0.00014,0.00009,0.00047
16.70400,0.12794,0.98976,0.00200,0.00114,0.00303,0.00005,0.00313,0.00016,0.00017,0.00056
16.73600,0.12794,0.98610,0.00447,0.00170,0.00319,0.00008,0.00295,0.00033,0.00031,0.00087
16.76800,0.12794,0.97454,0.01043,0.00271,0.00522,0.00016,0.00390,0.00073,0.00060,0.00171
16.80000,0.12794,0.98032,0.00524,0.00258,0.00533,0.00016,0.00402,0.00039,0.00055,0.00139
16.83200,0.12794,0.98209,0.00406,0.00200,0.00559,0.00011,0.00412,0.00037,0.00034,0.00133
16.86400,0.12794,0.97475,0.00296,0.00302,0.01063,0.00017,0.00648,0.00031,0.00048,0.00119
16.89600,0.12794,0.97222,0.00149,0.00289,0.01254,0.00013,0.00903,0.00027,0.00035,0.00109
16.92800,0.12794,0.96765,0.00170,0.00299,0.01571,0.00012,0.01003,0.00028,0.00028,0.00124
16.96000,0.12794,0.96377,0.00181,0.00361,0.01783,0.00017,0.01091,0.00028,0.00042,0.00121
16.99200,0.12794,0.96889,0.00163,0.00213,0.01487,0.00011,0.01045,0.00023,0.00023,0.00145
17.02400,0.12794,0.97751,0.00109,0.00191,0.00940,0.00016,0.00799,0.00015,0.00019,0.00160
17.05600,0.12794,0.96798,0.00205,0.00321,0.01302,0.00028,0.01057,0.00032,0.00053,0.00203
17.08800,0.12794,0.97620,0.00379,0.00276,0.01009,0.00023,0.00425,0.00016,0.00044,0.00207
17.12000,0.12794,0.97913,0.00667,0.00323,0.00629,0.00026,0.00213,0.00014,0.00066,0.00149
17.15200,0.12794,0.97116,0.01433,0.00264,0.00766,0.00019,0.00172,0.00018,0.00064,0.00148
17.18400,0.12794,0.98201,0.00838,0.00171,0.00457,0.00013,0.00147,0.00014,0.00038,0.00121
17.21600,0.12794,0.97176,0.00626,0.00170,0.01198,0.00017,0.00495,0.00030,0.00031,0.00257
17.24800,0.12794,0.97109,0.00564,0.00131,0.01256,0.00013,0.00640,0.00036,0.00022,0.00230
17.28000,0.12794,0.96832,0.00303,0.00148,0.01458,0.00012,0.01004,0.00034,0.00024,0.00184
17.31200,0.12794,0.96424,0.00352,0.00127,0.01660,0.00010,0.01192,0.00039,0.00016,0.00179
17.34400,0.12794,0.96142,0.00339,0.00170,0.01620,0.00011,0.01516,0.00049,0.00026,0.00127
17.37600,0.12794,0.94314,0.00261,0.00173,0.02714,0.00011,0.02276,0.00050,0.00022,0.00180
17.40800,0.12794,0.94955,0.00347,0.00163,0.02381,0.00010,0.01811,0.00060,0.00020,0.00253
17.44000,0.12794,0.95319,0.00336,0.00244,0.02042,0.00012,0.01747,0.00072,0.00041,0.00187
17.47200,0.12794,0.96579,0.00191,0.00166,0.01432,0.00008,0.01408,0.00051,0.00023,0.00142
17.50400,0.12794,0.97856,0.00097,0.00089,0.00727,0.00004,0.01084,0.00038,0.00009,0.00098
17.53600,0.12794,0.98482,0.00033,0.00046,0.00422,0.00001,0.00949,0.00018,0.00004,0.00045
17.56800,0.12794,0.98460,0.00005,0.00019,0.00379,0.00000,0.01101,0.00004,0.00001,0.00032
17.60000,0.12794,0.98343,0.00002,0.00012,0.00371,0.00000,0.01239,0.00002,0.00000,0.00029
17.63200,0.12794,0.96651,0.00003,0.00035,0.01010,0.00001,0.02260,0.00003,0.00002,0.00035
17.66400,0.12794,0.94037,0.00010,0.00105,0.02198,0.00002,0.03586,0.00007,0.00009,0.00044
17.69600,0.12794,0.92536,0.00029,0.00184,0.03067,0.00005,0.04089,0.00017,0.00022,0.00051
17.72800,0.12794,0.92148,0.00056,0.00166,0.03404,0.00005,0.04090,0.00031,0.00018,0.00083
17.76000,0.12794,0.94507,0.00018,0.00067,0.02073,0.00002,0.03238,0.00013,0.00004,0.00078
17.79200,0.12794,0.95818,0.00009,0.00035,0.01483,0.00001,0.02575,0.00006,0.00002,0.00071
17.82400,0.12794,0.96488,0.00007,0.00028,0.01210,0.00001,0.02179,0.00005,0.00001,0.00081
17.85600,0.12794,0.96981,0.00007,0.00034,0.00890,0.00001,0.02023,0.00006,0.00001,0.00056
17.88800,0.12794,0.96470,0.00009,0.00038,0.01124,0.00001,0.02289,0.00007,0.00002,0.00061
17.92000,0.12794,0.96563,0.00010,0.00033,0.00983,0.00001,0.02340,0.00009,0.00001,0.00060
17.95200,0.12794,0.97733,0.00006,0.00025,0.00536,0.00000,0.01664,0.00006,0.00001,0.00029
17.98400,0.12794,0.98238,0.00005,0.00018,0.00432,0.00000,0.01278,0.00004,0.00001,0.00024
18.01600,0.12794,0.98930,0.00009,0.00028,0.00225,0.00000,0.00783,0.00006,0.00002,0.00018
18.04800,0.12794,0.99313,0.00015,0.00050,0.00131,0.00001,0.00448,0.00012,0.00004,0.00024
18.08000,0.12794,0.99380,0.00056,0.00092,0.00102,0.00002,0.00273,0.00039,0.00013,0.00043
18.11200,0.12794,0.99160,0.00082,0.00312,0.00059,0.00007,0.00167,0.00093,0.00075,0.00045
18.14400,0.12794,0.99208,0.00089,0.00304,0.00034,0.00006,0.00113,0.00117,0.00084,0.00045
18.17600,0.12794,0.99347,0.00059,0.00259,0.00038,0.00005,0.00128,0.00070,0.00056,0.00038
18.20800,0.12794,0.98857,0.00072,0.00428,0.00117,0.00012,0.00301,0.00069,0.00079,0.00066
18.24000,0.12794,0.98189,0.00115,0.00587,0.00285,0.00030,0.00527,0.00062,0.00116,0.00089
18.27200,0.12794,0.97566,0.00072,0.00740,0.00491,0.00054,0.00816,0.00034,0.00112,0.00116
18.30400,0.12794,0.96536,0.00163,0.00931,0.00962,0.00095,0.00892,0.00041,0.00137,0.00244
18.33600,0.12794,0.96400,0.00291,0.00840,0.01132,0.00081,0.00721,0.00046,0.00133,0.00355
18.36800,0.12794,0.94681,0.00493,0.00994,0.02013,0.00113,0.00930,0.00066,0.00164,0.00546
18.40000,0.12794,0.87066,0.01306,0.01483,0.06926,0.00152,0.01615,0.00128,0.00285,0.01039
18.43200,0.12794,0.85621,0.01317,0.01739,0.07977,0.00177,0.01971,0.00111,0.00409,0.00679
18.46400,0.12794,0.92070,0.01136,0.01204,0.03502,0.00106,0.01223,0.00114,0.00281,0.00364
18.49600,0.12794,0.95096,0.01256,0.00555,0.01666,0.00035,0.00788,0.00141,0.00107,0.00355
18.52800,0.12794,0.97100,0.00999,0.00443,0.00682,0.00019,0.00389,0.00098,0.00099,0.00172
18.56000,0.12794,0.96233,0.01272,0.00517,0.00811,0.00021,0.00418,0.00232,0.00125,0.00371
18.59200,0.12794,0.95038,0.01059,0.00746,0.01406,0.00028,0.00743,0.00278,0.00179,0.00524
18.62400,0.12794,0.94030,0.00654,0.00977,0.02431,0.00037,0.01030,0.00149,0.00253,0.00439
18.65600,0.12794,0.95022,0.00629,0.00689,0.01947,0.00033,0.00959,0.00142,0.00170,0.00409
18.68800,0.12794,0.96458,0.00362,0.00528,0.01273,0.00028,0.00950,0.00083,0.00120,0.00197
18.72000,0.12794,0.97504,0.00313,0.00461,0.00720,0.00022,0.00678,0.00071,0.00110,0.00121
18.75200,0.12794,0.98021,0.00330,0.00300,0.00504,0.00015,0.00576,0.00077,0.00060,0.00118
18.78400,0.12794,0.98141,0.00202,0.00174,0.00527,0.00008,0.00720,0.00065,0.00024,0.00137
18.81600,0.12794,0.98594,0.00138,0.00105,0.00396,0.00004,0.00592,0.00047,0.00011,0.00112
18.84800,0.12794,0.98603,0.00132,0.00164,0.00336,0.00005,0.00580,0.00068,0.00021,0.00091
18.88000,0.12794,0.98696,0.00156,0.00189,0.00263,0.00006,0.00468,0.00083,0.00025,0.00114
18.91200,0.12794,0.97937,0.00306,0.00507,0.00311,0.00012,0.00524,0.00189,0.00120,0.00093
18.94400,0.12794,0.97609,0.00400,0.00749,0.00222,0.00016,0.00403,0.00258,0.00259,0.00084
18.97600,0.12794,0.98332,0.00224,0.00447,0.00233,0.00011,0.00421,0.00128,0.00132,0.00071
19.00800,0.12794,0.98646,0.00148,0.00352,0.00205,0.00009,0.00412,0.00083,0.00102,0.00044
19.04000,0.12794,0.99092,0.00115,0.00149,0.00167,0.00004,0.00345,0.00052,0.00029,0.00047
19.07200,0.12794,0.98616,0.00200,0.00139,0.00361,0.00005,0.00526,0.00063,0.00025,0.00066
19.10400,0.12794,0.97820,0.00580,0.00238,0.00487,0.00009,0.00581,0.00138,0.00062,0.00086
19.13600,0.12794,0.96622,0.00908,0.00355,0.00896,0.00014,0.00807,0.00172,0.00104,0.00121
19.16800,0.12794,0.94473,0.01094,0.00445,0.02107,0.00022,0.01379,0.00179,0.00124,0.00176
19.20000,0.12794,0.95965,0.00374,0.00200,0.01798,0.00009,0.01384,0.00076,0.00035,0.00159
19.23200,0.12794,0.95870,0.00110,0.00100,0.01894,0.00004,0.01895,0.00029,0.00011,0.00086
19.26400,0.12794,0.96409,0.00040,0.00051,0.01448,0.00002,0.01986,0.00014,0.00004,0.00046
19.29600,0.12794,0.98348,0.00009,0.00020,0.00448,0.00000,0.01150,0.00005,0.00001,0.00018
19.32800,0.12794,0.98767,0.00006,0.00017,0.00256,0.00000,0.00940,0.00004,0.00001,0.00010
19.36000,0.12794,0.98607,0.00008,0.00019,0.00359,0.00000,0.00985,0.00004,0.00001,0.00016
19.39200,0.12794,0.98516,0.00020,0.00034,0.00431,0.00001,0.00945,0.00010,0.00002,0.00040
19.42400,0.12794,0.98254,0.00086,0.00153,0.00524,0.00004,0.00811,0.00052,0.00018,0.00098
19.45600,0.12794,0.97803,0.00206,0.00537,0.00411,0.00017,0.00533,0.00161,0.00135,0.00195
19.48800,0.12794,0.97054,0.00335,0.00863,0.00369,0.00028,0.00415,0.00300,0.00295,0.00342
19.52000,0.12794,0.95972,0.00545,0.01211,0.00420,0.00038,0.00435,0.00490,0.00538,0.00351
19.55200,0.12794,0.96311,0.00596,0.00794,0.00594,0.00031,0.00622,0.00395,0.00279,0.00378
19.58400,0.12794,0.96466,0.00366,0.00395,0.01153,0.00018,0.01035,0.00151,0.00084,0.00332
19.61600,0.12794,0.97041,0.00321,0.00233,0.01022,0.00010,0.01027,0.00097,0.00037,0.00212
19.64800,0.12794,0.96214,0.00162,0.00141,0.01678,0.00006,0.01586,0.00039,0.00016,0.00159
19.68000,0.12794,0.95679,0.00116,0.00155,0.01997,0.00005,0.01916,0.00029,0.00019,0.00084
19.71200,0.12794,0.96178,0.00082,0.00147,0.01575,0.00004,0.01919,0.00028,0.00017,0.00051
19.74400,0.12794,0.96619,0.00042,0.00250,0.01078,0.00005,0.01911,0.00030,0.00033,0.00033
19.77600,0.12794,0.97316,0.00031,0.00152,0.00830,0.00003,0.01597,0.00022,0.00016,0.00033
19.80800,0.12794,0.96668,0.00053,0.00171,0.01072,0.00004,0.01924,0.00039,0.00018,0.00052
19.84000,0.12794,0.93592,0.00118,0.00211,0.02841,0.00009,0.03004,0.00055,0.00024,0.00148
19.87200,0.12794,0.91644,0.00280,0.00149,0.04267,0.00009,0.03296,0.00072,0.00016,0.00268
19.90400,0.12794,0.92232,0.00442,0.00208,0.03734,0.00014,0.02966,0.00103,0.00028,0.00273
19.93600,0.12794,0.95766,0.00215,0.00141,0.01811,0.00008,0.01856,0.00050,0.00018,0.00135
19.96800,0.12794,0.98526,0.00096,0.00084,0.00474,0.00003,0.00738,0.00022,0.00011,0.00046
20.00000,0.12794,0.99331,0.00045,0.00040,0.00208,0.00001,0.00343,0.00007,0.00004,0.00021
20.03200,0.12794,0.99615,0.00030,0.00025,0.00133,0.00001,0.00177,0.00002,0.00003,0.00014
20.06400,0.12794,0.99758,0.00031,0.00017,0.00089,0.00001,0.00090,0.00001,0.00002,0.00012
20.09600,0.12794,0.99821,0.00041,0.00013,0.00059,0.00000,0.00051,0.00001,0.00001,0.00012
20.12800,0.12794,0.99846,0.00040,0.00014,0.00045,0.00000,0.00041,0.00001,0.00002,0.00010
20.16000,0.12794,0.99866,0.00036,0.00013,0.00037,0.00000,0.00036,0.00001,0.00001,0.00009
20.19200,0.12794,0.99874,0.00039,0.00012,0.00029,0.00000,0.00034,0.00001,0.00001,0.00008
20.22400,0.12794,0.99822,0.00027,0.00014,0.00053,0.00000,0.00071,0.00002,0.00001,0.00010
20.25600,0.12794,0.99803,0.00022,0.00013,0.00056,0.00000,0.00096,0.00002,0.00001,0.00008
20.28800,0.12794,0.99709,0.00016,0.00017,0.00068,0.00000,0.00180,0.00003,0.00001,0.00006
20.32000,0.12794,0.99555,0.00014,0.00022,0.00091,0.00000,0.00300,0.00006,0.00002,0.00011
20.35200,0.12794,0.99625,0.00024,0.00039,0.00049,0.00001,0.00229,0.00015,0.00004,0.00014
20.38400,0.12794,0.99408,0.00029,0.00074,0.00081,0.00002,0.00344,0.00024,0.00008,0.00031
20.41600,0.12794,0.99151,0.00060,0.00103,0.00144,0.00003,0.00418,0.00035,0.00011,0.00074
20.44800,0.12794,0.98412,0.00117,0.00166,0.00425,0.00006,0.00738,0.00041,0.00024,0.00072
20.48000,0.12794,0.95364,0.00135,0.00181,0.02090,0.00007,0.02052,0.00034,0.00023,0.00114
20.51200,0.12794,0.91906,0.00179,0.00169,0.04151,0.00008,0.03355,0.00044,0.00018,0.00171
20.54400,0.12794,0.90699,0.00134,0.00183,0.04786,0.00007,0.03978,0.00040,0.00020,0.00153
20.57600,0.12794,0.94106,0.00115,0.00214,0.02514,0.00007,0.02868,0.00050,0.00028,0.00098
20.60800,0.12794,0.95889,0.00119,0.00222,0.01817,0.00009,0.01777,0.00042,0.00027,0.00098
20.64000,0.12794,0.98785,0.00100,0.00195,0.00302,0.00006,0.00470,0.00048,0.00037,0.00056
20.67200,0.12794,0.99276,0.00185,0.00156,0.00102,0.00005,0.00146,0.00047,0.00040,0.00043
20.70400,0.12794,0.99472,0.00194,0.00128,0.00050,0.00004,0.00060,0.00027,0.00037,0.00028
20.73600,0.12794,0.99487,0.00196,0.00148,0.00019,0.00003,0.00033,0.00031,0.00073,0.00010
20.76800,0.12794,0.99472,0.00149,0.00155,0.00056,0.00003,0.00077,0.00023,0.00051,0.00013
20.80000,0.12794,0.99551,0.00068,0.00107,0.00085,0.00002,0.00134,0.00016,0.00024,0.00014
20.83200,0.12794,0.99498,0.00036,0.00073,0.00110,0.00001,0.00244,0.00014,0.00011,0.00013
20.86400,0.12794,0.99342,0.00020,0.00032,0.00180,0.00001,0.00394,0.00007,0.00003,0.00021
20.89600,0.12794,0.99503,0.00017,0.00029,0.00108,0.00001,0.00322,0.00006,0.00003,0.00012
20.92800,0.12794,0.99429,0.00014,0.00041,0.00120,0.00001,0.00372,0.00006,0.00004,0.00012
20.96000,0.12794,0.99276,0.00010,0.00031,0.00166,0.00001,0.00488,0.00005,0.00002,0.00020
20.99200,0.12794,0.99356,0.00013,0.00038,0.00125,0.00001,0.00442,0.00008,0.00003,0.00014
21.02400,0.12794,0.99000,0.00009,0.00025,0.00274,0.00001,0.00657,0.00005,0.00002,0.00027
21.05600,0.12794,0.98356,0.00008,0.00023,0.00451,0.00001,0.01125,0.00006,0.00001,0.00030
21.08800,0.12794,0.97708,0.00008,0.00028,0.00689,0.00001,0.01526,0.00006,0.00001,0.00034
21.12000,0.12794,0.98026,0.00013,0.00034,0.00578,0.00001,0.01299,0.00008,0.00002,0.00038
21.15200,0.12794,0.98910,0.00034,0.00052,0.00294,0.00001,0.00666,0.00013,0.00005,0.00024
21.18400,0.12794,0.99381,0.00035,0.00042,0.00150,0.00001,0.00355,0.00010,0.00005,0.00022
21.21600,0.12794,0.99443,0.00039,0.00038,0.00135,0.00001,0.00306,0.00010,0.00004,0.00023
21.24800,0.12794,0.99318,0.00039,0.00043,0.00189,0.00001,0.00365,0.00009,0.00005,0.00031
21.28000,0.12794,0.99124,0.00030,0.00050,0.00226,0.00002,0.00511,0.00012,0.00005,0.00041
21.31200,0.12794,0.98681,0.00030,0.00061,0.00327,0.00002,0.00833,0.00016,0.00005,0.00046
21.34400,0.12794,0.98357,0.00021,0.00062,0.00403,0.00002,0.01096,0.00014,0.00005,0.00042
21.37600,0.12794,0.98052,0.00011,0.00045,0.00468,0.00001,0.01383,0.00008,0.00003,0.00029
21.40800,0.12794,0.98115,0.00005,0.00024,0.00446,0.00000,0.01384,0.00004,0.00001,0.00021
21.44000,0.12794,0.98544,0.00004,0.00015,0.00392,0.00000,0.01016,0.00002,0.00001,0.00025
21.47200,0.12794,0.98877,0.00009,0.00030,0.00284,0.00001,0.00777,0.00004,0.00002,0.00017
21.50400,0.12794,0.98694,0.00018,0.00040,0.00387,0.00001,0.00818,0.00008,0.00003,0.00033
21.53600,0.12794,0.98073,0.00051,0.00149,0.00602,0.00003,0.01046,0.00024,0.00019,0.00033
21.56800,0.12794,0.97180,0.00083,0.00249,0.00904,0.00004,0.01460,0.00047,0.00034,0.00038
21.60000,0.12794,0.97037,0.00064,0.00212,0.01059,0.00004,0.01512,0.00035,0.00022,0.00053
21.63200,0.12794,0.97118,0.00039,0.00262,0.00857,0.00003,0.01636,0.00029,0.00029,0.00027
21.66400,0.12794,0.97240,0.00029,0.00125,0.00952,0.00002,0.01585,0.00016,0.00010,0.00041
21.69600,0.12794,0.98624,0.00086,0.00171,0.00438,0.00004,0.00597,0.00023,0.00025,0.00033
21.72800,0.12794,0.98605,0.00126,0.00177,0.00410,0.00005,0.00577,0.00032,0.00029,0.00040
21.76000,0.12794,0.97410,0.00802,0.00443,0.00453,0.00016,0.00494,0.00157,0.00147,0.00078
21.79200,0.12794,0.92725,0.03421,0.01024,0.00339,0.00037,0.00387,0.01211,0.00748,0.00108
21.82400,0.12794,0.91610,0.02379,0.01145,0.00693,0.00033,0.00981,0.02362,0.00619,0.00178
21.85600,0.12794,0.93659,0.01725,0.00890,0.00574,0.00023,0.00862,0.01693,0.00446,0.00127
21.88800,0.12794,0.98112,0.00557,0.00233,0.00151,0.00005,0.00328,0.00474,0.00073,0.00067
21.92000,0.12794,0.99375,0.00167,0.00081,0.00087,0.00002,0.00183,0.00054,0.00014,0.00037
21.95200,0.12794,0.99546,0.00144,0.00074,0.00047,0.00001,0.00120,0.00034,0.00015,0.00018
21.98400,0.12794,0.99324,0.00275,0.00108,0.00062,0.00003,0.00117,0.00055,0.00025,0.00031
22.01600,0.12794,0.98621,0.00626,0.00176,0.00182,0.00007,0.00170,0.00084,0.00044,0.00089
22.04800,0.12794,0.97291,0.01122,0.00393,0.00335,0.00019,0.00218,0.00212,0.00131,0.00280
22.08000,0.12794,0.94723,0.02627,0.00529,0.00576,0.00042,0.00191,0.00366,0.00242,0.00704
22.11200,0.12794,0.93874,0.03691,0.00557,0.00275,0.00047,0.00089,0.00420,0.00380,0.00666
22.14400,0.12794,0.94450,0.03340,0.00523,0.00242,0.00041,0.00079,0.00357,0.00351,0.00618
22.17600,0.12794,0.95720,0.03122,0.00243,0.00183,0.00017,0.00050,0.00116,0.00107,0.00441
22.20800,0.12794,0.97322,0.02093,0.00137,0.00068,0.00006,0.00025,0.00048,0.00039,0.00262
22.24000,0.12794,0.97030,0.02343,0.00148,0.00092,0.00006,0.00028,0.00037,0.00036,0.00279
22.27200,0.12794,0.97481,0.01992,0.00142,0.00079,0.00005,0.00027,0.00031,0.00035,0.00208
22.30400,0.12794,0.97311,0.02184,0.00147,0.00063,0.00006,0.00027,0.00045,0.00041,0.00175
22.33600,0.12794,0.97536,0.01922,0.00149,0.00093,0.00008,0.00039,0.00046,0.00050,0.00158
22.36800,0.12794,0.98925,0.00696,0.00076,0.00058,0.00003,0.00035,0.00030,0.00018,0.00158
22.40000,0.12794,0.99505,0.00242,0.00056,0.00008,0.00002,0.00014,0.00064,0.00019,0.00091
22.43200,0.12794,0.99587,0.00123,0.00067,0.00004,0.00002,0.00012,0.00087,0.00025,0.00094
22.46400,0.12794,0.99563,0.00100,0.00083,0.00003,0.00002,0.00011,0.00108,0.00032,0.00098
22.49600,0.12794,0.99437,0.00124,0.00126,0.00007,0.00003,0.00023,0.00148,0.00045,0.00088
22.52800,0.12794,0.99086,0.00323,0.00183,0.00069,0.00007,0.00072,0.00055,0.00052,0.00152
22.56000,0.12794,0.99325,0.00282,0.00109,0.00088,0.00004,0.00066,0.00018,0.00024,0.00082
22.59200,0.12794,0.99472,0.00270,0.00092,0.00049,0.00003,0.00041,0.00012,0.00023,0.00037
22.62400,0.12794,0.99606,0.00243,0.00063,0.00017,0.00002,0.00019,0.00008,0.00016,0.00025
22.65600,0.12794,0.99821,0.00104,0.00030,0.00007,0.00001,0.00012,0.00005,0.00006,0.00014
22.68800,0.12794,0.99770,0.00146,0.00032,0.00005,0.00001,0.00011,0.00011,0.00007,0.00018
22.72000,0.12794,0.99776,0.00142,0.00024,0.00005,0.00001,0.00010,0.00011,0.00004,0.00028
22.75200,0.12794,0.99805,0.00120,0.00019,0.00004,0.00000,0.00009,0.00009,0.00003,0.00031
22.78400,0.12794,0.99689,0.00202,0.00026,0.00008,0.00001,0.00013,0.00013,0.00005,0.00044
22.81600,0.12794,0.99561,0.00236,0.00051,0.00034,0.00002,0.00036,0.00014,0.00009,0.00057
22.84800,0.12794,0.99544,0.00202,0.00042,0.00066,0.00002,0.00054,0.00009,0.00006,0.00074
22.88000,0.12794,0.99615,0.00177,0.00044,0.00052,0.00002,0.00047,0.00008,0.00008,0.00046
22.91200,0.12794,0.99717,0.00115,0.00037,0.00035,0.00001,0.00040,0.00007,0.00006,0.00041
22.94400,0.12794,0.99825,0.00060,0.00020,0.00022,0.00001,0.00029,0.00003,0.00003,0.00037
22.97600,0.12794,0.99837,0.00042,0.00025,0.00022,0.00001,0.00041,0.00004,0.00003,0.00025
23.00800,0.12794,0.99778,0.00030,0.00027,0.00047,0.00001,0.00081,0.00004,0.00003,0.00028
23.04000,0.12794,0.99699,0.00034,0.00041,0.00049,0.00001,0.00121,0.00011,0.00005,0.00039
23.07200,0.12794,0.99492,0.00034,0.00050,0.00101,0.00002,0.00237,0.00016,0.00006,0.00062
23.10400,0.12794,0.99575,0.00044,0.00050,0.00087,0.00002,0.00165,0.00013,0.00006,0.00057
23.13600,0.12794,0.99668,0.00058,0.00039,0.00034,0.00001,0.00073,0.00017,0.00004,0.00106
23.16800,0.12794,0.99651,0.00113,0.00030,0.00026,0.00001,0.00038,0.00012,0.00003,0.00126
23.20000,0.12794,0.99688,0.00149,0.00049,0.00014,0.00001,0.00024,0.00014,0.00009,0.00053
23.23200,0.12794,0.99386,0.00292,0.00084,0.00029,0.00002,0.00043,0.00035,0.00017,0.00112
23.26400,0.12794,0.98268,0.00696,0.00210,0.00224,0.00008,0.00190,0.00094,0.00054,0.00257
23.29600,0.12794,0.95931,0.00534,0.00269,0.01608,0.00014,0.00998,0.00101,0.00048,0.00496
23.32800,0.12794,0.94658,0.00904,0.00231,0.02183,0.00016,0.00955,0.00110,0.00040,0.00903
23.36000,0.12794,0.97400,0.00839,0.00149,0.00673,0.00008,0.00383,0.00080,0.00027,0.00439
23.39200,0.12794,0.98769,0.00481,0.00114,0.00214,0.00005,0.00196,0.00053,0.00023,0.00145
23.42400,0.12794,0.99027,0.00484,0.00119,0.00082,0.00004,0.00112,0.00065,0.00030,0.00077
23.45600,0.12794,0.98684,0.00506,0.00205,0.00129,0.00006,0.00176,0.00125,0.00051,0.00118
23.48800,0.12794,0.97115,0.00360,0.00472,0.00672,0.00014,0.00829,0.00222,0.00084,0.00232
23.52000,0.12794,0.97807,0.00261,0.00384,0.00488,0.00009,0.00676,0.00149,0.00062,0.00163
23.55200,0.12794,0.98385,0.00397,0.00338,0.00198,0.00008,0.00266,0.00153,0.00055,0.00201
23.58400,0.12794,0.99354,0.00218,0.00098,0.00035,0.00002,0.00056,0.00043,0.00013,0.00180
23.61600,0.12794,0.99602,0.00199,0.00043,0.00007,0.00001,0.00011,0.00016,0.00007,0.00113
23.64800,0.12794,0.99617,0.00204,0.00037,0.00003,0.00001,0.00006,0.00016,0.00008,0.00107
23.68000,0.12794,0.99868,0.00028,0.00017,0.00000,0.00000,0.00002,0.00007,0.00003,0.00075
23.71200,0.12794,0.99886,0.00012,0.00015,0.00000,0.00000,0.00001,0.00008,0.00002,0.00075
23.74400,0.12794,0.99870,0.00017,0.00026,0.00000,0.00000,0.00002,0.00022,0.00006,0.00057
23.77600,0.12794,0.99746,0.00030,0.00059,0.00001,0.00000,0.00006,0.00041,0.00014,0.00102
23.80800,0.12794,0.99094,0.00269,0.00224,0.00019,0.00004,0.00041,0.00132,0.00094,0.00122
23.84000,0.12794,0.95657,0.02032,0.00795,0.00295,0.00045,0.00206,0.00268,0.00541,0.00161
23.87200,0.12794,0.96634,0.01644,0.00571,0.00279,0.00038,0.00142,0.00134,0.00312,0.00246
23.90400,0.12794,0.98380,0.00930,0.00208,0.00067,0.00012,0.00049,0.00084,0.00091,0.00179
23.93600,0.12794,0.99286,0.00394,0.00097,0.00020,0.00004,0.00023,0.00042,0.00031,0.00104
23.96800,0.12794,0.99730,0.00130,0.00044,0.00004,0.00001,0.00009,0.00020,0.00011,0.00051
24.00000,0.12794,0.99808,0.00083,0.00041,0.00002,0.00001,0.00008,0.00018,0.00009,0.00030
24.03200,0.12794,0.99769,0.00077,0.00069,0.00006,0.00001,0.00015,0.00016,0.00016,0.00031
24.06400,0.12794,0.99734,0.00087,0.00089,0.00008,0.00002,0.00017,0.00015,0.00022,0.00027
24.09600,0.12794,0.99542,0.00148,0.00141,0.00017,0.00004,0.00027,0.00026,0.00042,0.00053
24.12800,0.12794,0.98790,0.00351,0.00401,0.00040,0.00010,0.00052,0.00104,0.00178,0.00074
24.16000,0.12794,0.98286,0.00633,0.00449,0.00035,0.00013,0.00044,0.00179,0.00237,0.00125
24.19200,0.12794,0.98978,0.00300,0.00217,0.00010,0.00004,0.00021,0.00188,0.00083,0.00198
24.22400,0.12794,0.99096,0.00177,0.00201,0.00004,0.00003,0.00014,0.00274,0.00075,0.00156
24.25600,0.12794,0.99554,0.00119,0.00117,0.00003,0.00002,0.00009,0.00071,0.00041,0.00083
24.28800,0.12794,0.99657,0.00083,0.00091,0.00009,0.00002,0.00022,0.00043,0.00024,0.00069
24.32000,0.12794,0.99277,0.00135,0.00157,0.00126,0.00006,0.00148,0.00035,0.00038,0.00078
24.35200,0.12794,0.99561,0.00102,0.00076,0.00060,0.00002,0.00089,0.00025,0.00012,0.00073
24.38400,0.12794,0.99624,0.00069,0.00046,0.00028,0.00001,0.00066,0.00043,0.00005,0.00118
24.41600,0.12794,0.99669,0.00068,0.00066,0.00017,0.00001,0.00059,0.00059,0.00010,0.00052
24.44800,0.12794,0.99623,0.00080,0.00083,0.00007,0.00001,0.00037,0.00111,0.00015,0.00044
24.48000,0.12794,0.99106,0.00236,0.00177,0.00053,0.00004,0.00162,0.00169,0.00041,0.00051
24.51200,0.12794,0.98821,0.00411,0.00226,0.00109,0.00007,0.00221,0.00103,0.00062,0.00041
24.54400,0.12794,0.99353,0.00283,0.00094,0.00057,0.00004,0.00080,0.00032,0.00018,0.00078
24.57600,0.12794,0.99418,0.00308,0.00066,0.00062,0.00003,0.00051,0.00012,0.00013,0.00067
24.60800,0.12794,0.99632,0.00209,0.00045,0.00034,0.00001,0.00025,0.00004,0.00007,0.00043
24.64000,0.12794,0.99653,0.00190,0.00047,0.00031,0.00001,0.00022,0.00004,0.00008,0.00043
24.67200,0.12794,0.99625,0.00221,0.00053,0.00032,0.00001,0.00022,0.00004,0.00010,0.00031
24.70400,0.12794,0.99656,0.00210,0.00051,0.00021,0.00001,0.00014,0.00004,0.00010,0.00032
24.73600,0.12794,0.99646,0.00187,0.00072,0.00015,0.00002,0.00014,0.00007,0.00018,0.00040
24.76800,0.12794,0.99684,0.00150,0.00063,0.00011,0.00002,0.00014,0.00011,0.00015,0.00051
24.80000,0.12794,0.99619,0.00185,0.00075,0.00012,0.00002,0.00019,0.00022,0.00020,0.00044
24.83200,0.12794,0.99628,0.00172,0.00066,0.00017,0.00002,0.00027,0.00023,0.00016,0.00048
24.86400,0.12794,0.99667,0.00167,0.00058,0.00022,0.00002,0.00026,0.00014,0.00014,0.00031
24.89600,0.12794,0.99700,0.00157,0.00048,0.00016,0.00002,0.00020,0.00011,0.00011,0.00035
24.92800,0.12794,0.99605,0.00178,0.00070,0.00020,0.00003,0.00019,0.00013,0.00017,0.00076
24.96000,0.12794,0.99161,0.00350,0.00214,0.00036,0.00009,0.00032,0.00039,0.00085,0.00074
24.99200,0.12794,0.98307,0.00547,0.00488,0.00095,0.00025,0.00076,0.00089,0.00234,0.00138
25.02400,0.12794,0.97460,0.00848,0.00720,0.00148,0.00034,0.00114,0.00169,0.00392,0.00115
25.05600,0.12794,0.98393,0.00704,0.00380,0.00093,0.00013,0.00091,0.00099,0.00160,0.00066
25.08800,0.12794,0.99188,0.00435,0.00157,0.00030,0.00005,0.00038,0.00048,0.00059,0.00040
25.12000,0.12794,0.99428,0.00352,0.00082,0.00021,0.00002,0.00030,0.00030,0.00022,0.00032
25.15200,0.12794,0.99146,0.00414,0.00127,0.00094,0.00004,0.00095,0.00033,0.00031,0.00057
25.18400,0.12794,0.97848,0.00790,0.00393,0.00350,0.00013,0.00298,0.00085,0.00143,0.00079
25.21600,0.12794,0.94106,0.01237,0.00721,0.01987,0.00032,0.01285,0.00193,0.00242,0.00197
25.24800,0.12794,0.90979,0.01801,0.00794,0.03798,0.00047,0.01747,0.00225,0.00238,0.00373
25.28000,0.12794,0.94534,0.02039,0.00593,0.01513,0.00032,0.00717,0.00146,0.00201,0.00225
25.31200,0.12794,0.96142,0.01337,0.00194,0.01331,0.00013,0.00504,0.00059,0.00032,0.00388
25.34400,0.12794,0.97004,0.01197,0.00179,0.00886,0.00012,0.00393,0.00048,0.00030,0.00251
25.37600,0.12794,0.97275,0.00583,0.00189,0.01089,0.00012,0.00603,0.00036,0.00031,0.00181
25.40800,0.12794,0.97034,0.00269,0.00177,0.01257,0.00010,0.01061,0.00038,0.00027,0.00127
25.44000,0.12794,0.96825,0.00124,0.00180,0.01261,0.00007,0.01478,0.00031,0.00029,0.00064
25.47200,0.12794,0.98420,0.00113,0.00102,0.00575,0.00004,0.00698,0.00020,0.00014,0.00054
25.50400,0.12794,0.99455,0.00109,0.00059,0.00136,0.00002,0.00179,0.00013,0.00009,0.00038
25.53600,0.12794,0.99574,0.00119,0.00076,0.00059,0.00002,0.00100,0.00019,0.00015,0.00035
25.56800,0.12794,0.99506,0.00132,0.00120,0.00052,0.00004,0.00079,0.00025,0.00023,0.00060
25.60000,0.12794,0.99391,0.00068,0.00252,0.00041,0.00005,0.00099,0.00045,0.00054,0.00045
25.63200,0.12794,0.98673,0.00244,0.00412,0.00177,0.00009,0.00206,0.00110,0.00052,0.00117
25.66400,0.12794,0.98486,0.00363,0.00311,0.00291,0.00007,0.00177,0.00083,0.00028,0.00254
25.69600,0.12794,0.99004,0.00370,0.00211,0.00129,0.00004,0.00083,0.00048,0.00025,0.00126
25.72800,0.12794,0.99050,0.00394,0.00139,0.00171,0.00004,0.00093,0.00026,0.00018,0.00103
25.76000,0.12794,0.99614,0.00110,0.00095,0.00057,0.00002,0.00058,0.00010,0.00022,0.00032
25.79200,0.12794,0.99730,0.00112,0.00071,0.00025,0.00001,0.00026,0.00004,0.00017,0.00014
25.82400,0.12794,0.99715,0.00164,0.00052,0.00019,0.00001,0.00017,0.00004,0.00009,0.00019
25.85600,0.12794,0.99700,0.00220,0.00031,0.00011,0.00000,0.00009,0.00003,0.00004,0.00022
25.88800,0.12794,0.99601,0.00325,0.00030,0.00009,0.00000,0.00007,0.00003,0.00004,0.00020
25.92000,0.12794,0.99782,0.00154,0.00032,0.00005,0.00000,0.00007,0.00004,0.00006,0.00010
25.95200,0.12794,0.99734,0.00176,0.00047,0.00007,0.00001,0.00010,0.00005,0.00011,0.00011
25.98400,0.12794,0.99594,0.00281,0.00062,0.00010,0.00001,0.00011,0.00007,0.00018,0.00017
26.01600,0.12794,0.99528,0.00346,0.00053,0.00009,0.00001,0.00011,0.00011,0.00012,0.00029
26.04800,0.12794,0.99427,0.00446,0.00049,0.00008,0.00001,0.00012,0.00015,0.00012,0.00030
26.08000,0.12794,0.99513,0.00357,0.00045,0.00011,0.00001,0.00019,0.00019,0.00010,0.00026
26.11200,0.12794,0.99612,0.00223,0.00047,0.00022,0.00001,0.00045,0.00019,0.00009,0.00022
26.14400,0.12794,0.99469,0.00146,0.00062,0.00094,0.00001,0.00174,0.00021,0.00011,0.00021
26.17600,0.12794,0.98874,0.00128,0.00075,0.00326,0.00002,0.00523,0.00028,0.00011,0.00033
26.20800,0.12794,0.99123,0.00149,0.00070,0.00213,0.00002,0.00377,0.00029,0.00011,0.00026
26.24000,0.12794,0.99441,0.00163,0.00061,0.00085,0.00002,0.00178,0.00031,0.00009,0.00030
26.27200,0.12794,0.99533,0.00239,0.00056,0.00029,0.00002,0.00069,0.00034,0.00011,0.00027
26.30400,0.12794,0.99399,0.00401,0.00061,0.00017,0.00002,0.00032,0.00037,0.00014,0.00039
26.33600,0.12794,0.99345,0.00393,0.00080,0.00031,0.00003,0.00052,0.00036,0.00019,0.00042
26.36800,0.12794,0.99162,0.00553,0.00104,0.00037,0.00003,0.00049,0.00032,0.00033,0.00026
26.40000,0.12794,0.99035,0.00564,0.00118,0.00090,0.00004,0.00083,0.00029,0.00033,0.00044
26.43200,0.12794,0.98924,0.00578,0.00142,0.00120,0.00006,0.00110,0.00032,0.00047,0.00042
26.46400,0.12794,0.98964,0.00471,0.00136,0.00164,0.00006,0.00135,0.00029,0.00038,0.00057
26.49600,0.12794,0.98926,0.00451,0.00112,0.00226,0.00005,0.00153,0.00024,0.00024,0.00079
26.52800,0.12794,0.99156,0.00419,0.00095,0.00137,0.00004,0.00091,0.00016,0.00022,0.00061
26.56000,0.12794,0.99311,0.00324,0.00077,0.00133,0.00003,0.00086,0.00011,0.00013,0.00042
26.59200,0.12794,0.99356,0.00330,0.00085,0.00078,0.00003,0.00069,0.00017,0.00018,0.00045
26.62400,0.12794,0.99177,0.00297,0.00135,0.00126,0.00005,0.00144,0.00033,0.00030,0.00054
26.65600,0.12794,0.98616,0.00339,0.00217,0.00289,0.00008,0.00347,0.00067,0.00046,0.00071
26.68800,0.12794,0.97482,0.00559,0.00448,0.00560,0.00017,0.00573,0.00129,0.00141,0.00092
26.72000,0.12794,0.97580,0.00605,0.00435,0.00582,0.00016,0.00467,0.00092,0.00139,0.00083
26.75200,0.12794,0.97387,0.00838,0.00452,0.00567,0.00017,0.00410,0.00095,0.00149,0.00085
26.78400,0.12794,0.98117,0.00896,0.00336,0.00236,0.00013,0.00157,0.00051,0.00135,0.00058
26.81600,0.12794,0.98535,0.00937,0.00210,0.00101,0.00008,0.00065,0.00028,0.00074,0.00041
26.84800,0.12794,0.98188,0.01429,0.00161,0.00068,0.00007,0.00031,0.00016,0.00064,0.00035
26.88000,0.12794,0.98569,0.01217,0.00092,0.00028,0.00004,0.00011,0.00007,0.00032,0.00038
26.91200,0.12794,0.98776,0.01023,0.00079,0.00040,0.00004,0.00016,0.00007,0.00025,0.00031
26.94400,0.12794,0.99435,0.00415,0.00050,0.00034,0.00002,0.00017,0.00004,0.00012,0.00030
26.97600,0.12794,0.99358,0.00395,0.00056,0.00079,0.00002,0.00047,0.00006,0.00011,0.00046
27.00800,0.12794,0.98595,0.00874,0.00121,0.00197,0.00005,0.00103,0.00018,0.00032,0.00054
27.04000,0.12794,0.96801,0.02167,0.00252,0.00356,0.00014,0.00144,0.00048,0.00083,0.00136
27.07200,0.12794,0.93530,0.04834,0.00444,0.00510,0.00026,0.00172,0.00115,0.00166,0.00204
27.10400,0.12794,0.89857,0.07914,0.00643,0.00650,0.00049,0.00166,0.00151,0.00327,0.00243
27.13600,0.12794,0.93046,0.04988,0.00452,0.00739,0.00035,0.00182,0.00103,0.00160,0.00295
27.16800,0.12794,0.95308,0.03251,0.00395,0.00479,0.00021,0.00172,0.00091,0.00144,0.00139
27.20000,0.12794,0.96950,0.01789,0.00292,0.00457,0.00016,0.00196,0.00068,0.00101,0.00131
27.23200,0.12794,0.98501,0.00746,0.00169,0.00259,0.00008,0.00150,0.00036,0.00048,0.00084
27.26400,0.12794,0.98879,0.00607,0.00151,0.00131,0.00006,0.00088,0.00029,0.00049,0.00060
27.29600,0.12794,0.99238,0.00391,0.00097,0.00100,0.00004,0.00059,0.00014,0.00025,0.00073
27.32800,0.12794,0.99385,0.00311,0.00067,0.00069,0.00003,0.00041,0.00011,0.00013,0.00098
27.36000,0.12794,0.99523,0.00215,0.00073,0.00028,0.00003,0.00029,0.00017,0.00016,0.00097
27.39200,0.12794,0.99516,0.00164,0.00084,0.00044,0.00003,0.00061,0.00024,0.00018,0.00085
27.42400,0.12794,0.99573,0.00137,0.00069,0.00039,0.00002,0.00073,0.00026,0.00013,0.00066
27.45600,0.12794,0.99353,0.00128,0.00098,0.00108,0.00004,0.00196,0.00032,0.00019,0.00062
27.48800,0.12794,0.99096,0.00145,0.00104,0.00247,0.00004,0.00310,0.00022,0.00018,0.00055
27.52000,0.12794,0.99236,0.00137,0.00117,0.00168,0.00005,0.00221,0.00028,0.00020,0.00069
27.55200,0.12794,0.99207,0.00116,0.00126,0.00194,0.00006,0.00220,0.00022,0.00022,0.00087
27.58400,0.12794,0.99423,0.00148,0.00122,0.00079,0.00005,0.00087,0.00021,0.00026,0.00089
27.61600,0.12794,0.99508,0.00123,0.00106,0.00053,0.00004,0.00054,0.00019,0.00024,0.00109
27.64800,0.12794,0.99522,0.00109,0.00092,0.00068,0.00004,0.00054,0.00009,0.00017,0.00124
27.68000,0.12794,0.99109,0.00293,0.00180,0.00086,0.00008,0.00063,0.00032,0.00046,0.00183
27.71200,0.12794,0.98397,0.00506,0.00345,0.00182,0.00019,0.00127,0.00072,0.00105,0.00247
27.74400,0.12794,0.97247,0.00959,0.00541,0.00320,0.00027,0.00267,0.00193,0.00166,0.00279
27.77600,0.12794,0.95456,0.01555,0.00779,0.00626,0.00043,0.00496,0.00410,0.00271,0.00365
27.80800,0.12794,0.96988,0.00675,0.00493,0.00601,0.00026,0.00565,0.00203,0.00119,0.00329
27.84000,0.12794,0.97563,0.00526,0.00374,0.00488,0.00019,0.00565,0.00162,0.00084,0.00219
27.87200,0.12794,0.98333,0.00383,0.00276,0.00313,0.00015,0.00384,0.00093,0.00060,0.00143
27.90400,0.12794,0.98105,0.00652,0.00267,0.00318,0.00018,0.00334,0.00108,0.00073,0.00125
27.93600,0.12794,0.97952,0.00814,0.00281,0.00297,0.00019,0.00321,0.00126,0.00082,0.00108
27.96800,0.12794,0.97920,0.00747,0.00272,0.00379,0.00019,0.00352,0.00105,0.00076,0.00130
28.00000,0.12794,0.97739,0.00649,0.00263,0.00540,0.00019,0.00494,0.00093,0.00065,0.00138
28.03200,0.12794,0.98581,0.00342,0.00215,0.00291,0.00011,0.00338,0.00062,0.00046,0.00114
28.06400,0.12794,0.98717,0.00327,0.00177,0.00263,0.00008,0.00307,0.00052,0.00034,0.00115
28.09600,0.12794,0.98640,0.00326,0.00197,0.00247,0.00009,0.00319,0.00075,0.00033,0.00154
28.12800,0.12794,0.98758,0.00280,0.00201,0.00191,0.00009,0.00297,0.00084,0.00036,0.00143
28.16000,0.12794,0.98718,0.00228,0.00191,0.00212,0.00009,0.00350,0.00088,0.00030,0.00174
28.19200,0.12794,0.98923,0.00143,0.00213,0.00151,0.00007,0.00337,0.00085,0.00035,0.00106
28.22400,0.12794,0.99014,0.00115,0.00202,0.00141,0.00006,0.00355,0.00065,0.00037,0.00064
28.25600,0.12794,0.99165,0.00078,0.00128,0.00140,0.00003,0.00371,0.00046,0.00019,0.00050
28.28800,0.12794,0.99320,0.00044,0.00098,0.00110,0.00002,0.00359,0.00026,0.00013,0.00028
28.32000,0.12794,0.99403,0.00020,0.00048,0.00109,0.00001,0.00383,0.00011,0.00004,0.00020
28.35200,0.12794,0.99453,0.00010,0.00026,0.00100,0.00001,0.00390,0.00006,0.00002,0.00014
28.38400,0.12794,0.99347,0.00010,0.00034,0.00115,0.00001,0.00472,0.00006,0.00002,0.00013
28.41600,0.12794,0.99296,0.00025,0.00052,0.00121,0.00001,0.00464,0.00018,0.00005,0.00020
28.44800,0.12794,0.98907,0.00082,0.00126,0.00211,0.00004,0.00551,0.00050,0.00017,0.00051
28.48000,0.12794,0.97989,0.00250,0.00302,0.00402,0.00012,0.00766,0.00127,0.00057,0.00097
28.51200,0.12794,0.97676,0.00299,0.00288,0.00550,0.00013,0.00835,0.00128,0.00052,0.00159
28.54400,0.12794,0.97367,0.00154,0.00188,0.00928,0.00008,0.01116,0.00046,0.00023,0.00171
28.57600,0.12794,0.98141,0.00071,0.00123,0.00532,0.00004,0.00997,0.00029,0.00012,0.00090
28.60800,0.12794,0.98832,0.00029,0.00072,0.00273,0.00002,0.00715,0.00016,0.00006,0.00055
28.64000,0.12794,0.98755,0.00032,0.00107,0.00283,0.00002,0.00752,0.00021,0.00012,0.00037
28.67200,0.12794,0.98414,0.00070,0.00163,0.00429,0.00004,0.00813,0.00032,0.00022,0.00052
28.70400,0.12794,0.97752,0.00180,0.00220,0.00759,0.00007,0.00908,0.00054,0.00041,0.00079
28.73600,0.12794,0.97010,0.00307,0.00297,0.01088,0.00010,0.01043,0.00079,0.00060,0.00107
28.76800,0.12794,0.97506,0.00267,0.00210,0.00877,0.00007,0.00904,0.00071,0.00041,0.00117
28.80000,0.12794,0.97136,0.00361,0.00300,0.00835,0.00010,0.01057,0.00131,0.00073,0.00097
28.83200,0.12794,0.97731,0.00303,0.00308,0.00547,0.00007,0.00855,0.00116,0.00078,0.00054
28.86400,0.12794,0.97443,0.00613,0.00317,0.00598,0.00011,0.00703,0.00134,0.00086,0.00094
28.89600,0.12794,0.97048,0.00916,0.00380,0.00641,0.00015,0.00617,0.00146,0.00112,0.00124
28.92800,0.12794,0.97924,0.00648,0.00232,0.00464,0.00012,0.00442,0.00088,0.00056,0.00135
28.96000,0.12794,0.97943,0.00661,0.00191,0.00459,0.00012,0.00425,0.00084,0.00042,0.00184
28.99200,0.12794,0.98724,0.00314,0.00136,0.00296,0.00007,0.00335,0.00051,0.00028,0.00110
29.02400,0.12794,0.99041,0.00209,0.00131,0.00159,0.00005,0.00278,0.00061,0.00021,0.00095
29.05600,0.12794,0.99300,0.00152,0.00157,0.00075,0.00005,0.00165,0.00057,0.00037,0.00052
29.08800,0.12794,0.99450,0.00092,0.00111,0.00058,0.00004,0.00139,0.00044,0.00017,0.00084
29.12000,0.12794,0.99320,0.00123,0.00162,0.00056,0.00005,0.00162,0.00073,0.00032,0.00067
29.15200,0.12794,0.99477,0.00083,0.00092,0.00068,0.00003,0.00169,0.00035,0.00015,0.00057
29.18400,0.12794,0.99406,0.00081,0.00084,0.00082,0.00002,0.00236,0.00040,0.00011,0.00058
29.21600,0.12794,0.99377,0.00073,0.00085,0.00095,0.00002,0.00280,0.00034,0.00012,0.00042
29.24800,0.12794,0.99411,0.00093,0.00073,0.00102,0.00002,0.00226,0.00028,0.00010,0.00054
29.28000,0.12794,0.99275,0.00137,0.00095,0.00128,0.00003,0.00244,0.00033,0.00014,0.00071
29.31200,0.12794,0.99038,0.00199,0.00096,0.00222,0.00004,0.00321,0.00032,0.00014,0.00074
29.34400,0.12794,0.99279,0.00207,0.00086,0.00134,0.00003,0.00201,0.00026,0.00016,0.00049
29.37600,0.12794,0.99553,0.00119,0.00049,0.00074,0.00002,0.00141,0.00016,0.00007,0.00038
29.40800,0.12794,0.99647,0.00105,0.00043,0.00051,0.00001,0.00105,0.00013,0.00006,0.00027
29.44000,0.12794,0.99745,0.00059,0.00023,0.00043,0.00001,0.00080,0.00006,0.00002,0.00041
29.47200,0.12794,0.99692,0.00037,0.00029,0.00067,0.00001,0.00137,0.00006,0.00003,0.00028
29.50400,0.12794,0.99592,0.00018,0.00023,0.00101,0.00001,0.00232,0.00004,0.00002,0.00028
29.53600,0.12794,0.99552,0.00012,0.00022,0.00105,0.00000,0.00287,0.00003,0.00001,0.00017
29.56800,0.12794,0.99593,0.00011,0.00021,0.00077,0.00000,0.00281,0.00004,0.00002,0.00011
29.60000,0.12794,0.99723,0.00009,0.00014,0.00045,0.00000,0.00194,0.00004,0.00001,0.00009
29.63200,0.12794,0.99717,0.00011,0.00016,0.00046,0.00000,0.00195,0.00005,0.00001,0.00008
29.66400,0.12794,0.99672,0.00014,0.00019,0.00054,0.00000,0.00223,0.00006,0.00002,0.00009
29.69600,0.12794,0.99340,0.00019,0.00029,0.00152,0.00001,0.00429,0.00008,0.00002,0.00021
29.72800,0.12794,0.98925,0.00042,0.00073,0.00251,0.00002,0.00643,0.00024,0.00008,0.00032
29.76000,0.12794,0.98157,0.00095,0.00160,0.00477,0.00005,0.00961,0.00054,0.00022,0.00070
29.79200,0.12794,0.97506,0.00126,0.00265,0.00646,0.00007,0.01237,0.00086,0.00046,0.00082
29.82400,0.12794,0.96866,0.00163,0.00350,0.00822,0.00008,0.01530,0.00114,0.00065,0.00082
29.85600,0.12794,0.96548,0.00112,0.00333,0.00972,0.00007,0.01819,0.00086,0.00058,0.00067
29.88800,0.12794,0.96527,0.00094,0.00237,0.01076,0.00005,0.01916,0.00061,0.00039,0.00044
29.92000,0.12794,0.96755,0.00057,0.00134,0.01074,0.00003,0.01879,0.00036,0.00015,0.00048
29.95200,0.12794,0.97573,0.00044,0.00086,0.00795,0.00002,0.01415,0.00024,0.00008,0.00052
29.98400,0.12794,0.98018,0.00058,0.00058,0.00785,0.00002,0.00983,0.00016,0.00005,0.00076
30.01600,0.12794,0.99009,0.00061,0.00049,0.00331,0.00001,0.00470,0.00013,0.00004,0.00061
30.04800,0.12794,0.99398,0.00101,0.00070,0.00151,0.00002,0.00212,0.00014,0.00010,0.00042
30.08000,0.12794,0.99217,0.00156,0.00118,0.00183,0.00002,0.00243,0.00022,0.00024,0.00034
30.11200,0.12794,0.98878,0.00191,0.00164,0.00266,0.00004,0.00370,0.00039,0.00031,0.00056
30.14400,0.12794,0.98294,0.00171,0.00240,0.00451,0.00007,0.00665,0.00058,0.00046,0.00069
30.17600,0.12794,0.96598,0.00162,0.00284,0.01187,0.00009,0.01528,0.00075,0.00046,0.00111
30.20800,0.12794,0.96918,0.00117,0.00218,0.01151,0.00008,0.01380,0.00052,0.00031,0.00125
30.24000,0.12794,0.96610,0.00097,0.00216,0.01310,0.00008,0.01566,0.00046,0.00031,0.00116
30.27200,0.12794,0.97318,0.00071,0.00156,0.00969,0.00005,0.01349,0.00033,0.00021,0.00079
30.30400,0.12794,0.97726,0.00046,0.00109,0.00745,0.00003,0.01268,0.00023,0.00012,0.00069
30.33600,0.12794,0.98434,0.00028,0.00092,0.00376,0.00002,0.01007,0.00020,0.00010,0.00031
30.36800,0.12794,0.98741,0.00012,0.00044,0.00293,0.00001,0.00874,0.00009,0.00004,0.00022
30.40000,0.12794,0.98731,0.00005,0.00023,0.00290,0.00000,0.00920,0.00004,0.00001,0.00025
30.43200,0.12794,0.98679,0.00006,0.00023,0.00304,0.00000,0.00955,0.00005,0.00001,0.00026
30.46400,0.12794,0.98189,0.00009,0.00024,0.00506,0.00001,0.01230,0.00006,0.00001,0.00035
30.49600,0.12794,0.98129,0.00015,0.00036,0.00496,0.00001,0.01279,0.00010,0.00002,0.00031
30.52800,0.12794,0.98319,0.00041,0.00091,0.00413,0.00002,0.01064,0.00028,0.00010,0.00031
30.56000,0.12794,0.98354,0.00034,0.00105,0.00362,0.00002,0.01071,0.00031,0.00012,0.00029
30.59200,0.12794,0.98729,0.00025,0.00099,0.00249,0.00002,0.00826,0.00028,0.00010,0.00032
30.62400,0.12794,0.98945,0.00020,0.00105,0.00183,0.00002,0.00669,0.00028,0.00011,0.00038
30.65600,0.12794,0.98935,0.00013,0.00069,0.00216,0.00001,0.00709,0.00015,0.00005,0.00035
30.68800,0.12794,0.99143,0.00012,0.00048,0.00188,0.00001,0.00563,0.00010,0.00004,0.00032
30.72000,0.12794,0.99151,0.00012,0.00053,0.00167,0.00001,0.00578,0.00012,0.00005,0.00022
30.75200,0.12794,0.99127,0.00016,0.00049,0.00194,0.00001,0.00577,0.00010,0.00005,0.00020
30.78400,0.12794,0.98914,0.00019,0.00057,0.00246,0.00001,0.00719,0.00013,0.00005,0.00025
30.81600,0.12794,0.99129,0.00017,0.00054,0.00164,0.00001,0.00593,0.00014,0.00005,0.00024
30.84800,0.12794,0.99256,0.00010,0.00034,0.00148,0.00001,0.00519,0.00007,0.00002,0.00023
30.88000,0.12794,0.99185,0.00010,0.00038,0.00158,0.00001,0.00574,0.00008,0.00003,0.00023
30.91200,0.12794,0.98955,0.00020,0.00054,0.00247,0.00001,0.00671,0.00012,0.00004,0.00035
30.94400,0.12794,0.98339,0.00046,0.00101,0.00481,0.00002,0.00957,0.00024,0.00012,0.00037
30.97600,0.12794,0.97247,0.00086,0.00162,0.00961,0.00005,0.01392,0.00042,0.00021,0.00085
31.00800,0.12794,0.97326,0.00094,0.00210,0.00842,0.00006,0.01354,0.00053,0.00032,0.00082
31.04000,0.12794,0.97377,0.00044,0.00171,0.00768,0.00004,0.01527,0.00032,0.00021,0.00054
31.07200,0.12794,0.97978,0.00023,0.00107,0.00510,0.00002,0.01306,0.00020,0.00010,0.00045
31.10400,0.12794,0.97968,0.00015,0.00071,0.00483,0.00001,0.01410,0.00013,0.00005,0.00034
31.13600,0.12794,0.97240,0.00009,0.00034,0.00746,0.00001,0.01913,0.00008,0.00001,0.00047
31.16800,0.12794,0.97393,0.00006,0.00021,0.00721,0.00001,0.01792,0.00005,0.00001,0.00060
31.20000,0.12794,0.97319,0.00004,0.00019,0.00713,0.00000,0.01886,0.00004,0.00001,0.00054
31.23200,0.12794,0.97514,0.00004,0.00025,0.00569,0.00000,0.01851,0.00004,0.00001,0.00032
31.26400,0.12794,0.98205,0.00002,0.00024,0.00332,0.00000,0.01416,0.00003,0.00001,0.00016
31.29600,0.12794,0.98241,0.00002,0.00031,0.00286,0.00000,0.01425,0.00003,0.00001,0.00010
31.32800,0.12794,0.97860,0.00001,0.00019,0.00387,0.00000,0.01715,0.00002,0.00001,0.00016
31.36000,0.12794,0.97580,0.00001,0.00015,0.00497,0.00000,0.01884,0.00002,0.00000,0.00020
31.39200,0.12794,0.97787,0.00003,0.00022,0.00540,0.00000,0.01607,0.00003,0.00001,0.00037
31.42400,0.12794,0.97648,0.00006,0.00046,0.00720,0.00001,0.01485,0.00006,0.00002,0.00085
31.45600,0.12794,0.98751,0.00024,0.00191,0.00244,0.00003,0.00613,0.00064,0.00023,0.00087
31.48800,0.12794,0.98451,0.00044,0.00422,0.00182,0.00006,0.00443,0.00223,0.00066,0.00163
31.52000,0.12794,0.97680,0.00049,0.00836,0.00172,0.00009,0.00463,0.00431,0.00130,0.00230
31.55200,0.12794,0.97877,0.00042,0.00780,0.00107,0.00007,0.00367,0.00551,0.00122,0.00148
31.58400,0.12794,0.97689,0.00030,0.00394,0.00479,0.00005,0.01035,0.00136,0.00031,0.00201
31.61600,0.12794,0.97542,0.00020,0.00210,0.00645,0.00003,0.01385,0.00053,0.00014,0.00129
31.64800,0.12794,0.98206,0.00019,0.00081,0.00472,0.00001,0.01139,0.00025,0.00006,0.00051
31.68000,0.12794,0.98453,0.00016,0.00041,0.00416,0.00001,0.01033,0.00011,0.00003,0.00027
31.71200,0.12794,0.98849,0.00010,0.00032,0.00254,0.00001,0.00831,0.00006,0.00002,0.00016
31.74400,0.12794,0.99140,0.00006,0.00020,0.00180,0.00000,0.00634,0.00004,0.00001,0.00015
31.77600,0.12794,0.99106,0.00005,0.00015,0.00202,0.00000,0.00652,0.00002,0.00001,0.00018
31.80800,0.12794,0.98967,0.00003,0.00015,0.00226,0.00000,0.00758,0.00002,0.00001,0.00028
31.84000,0.12794,0.99475,0.00004,0.00015,0.00096,0.00000,0.00379,0.00003,0.00001,0.00027
31.87200,0.12794,0.99555,0.00009,0.00024,0.00070,0.00001,0.00301,0.00006,0.00001,0.00033
31.90400,0.12794,0.99421,0.00016,0.00034,0.00098,0.00001,0.00355,0.00011,0.00002,0.00062
31.93600,0.12794,0.99292,0.00055,0.00061,0.00128,0.00002,0.00350,0.00027,0.00006,0.00079
31.96800,0.12794,0.99111,0.00070,0.00081,0.00196,0.00003,0.00419,0.00029,0.00010,0.00081
32.00000,0.12794,0.98718,0.00097,0.00109,0.00364,0.00004,0.00582,0.00031,0.00015,0.00080
32.03200,0.12794,0.98606,0.00083,0.00151,0.00409,0.00005,0.00641,0.00027,0.00026,0.00052
32.06400,0.12794,0.99054,0.00042,0.00068,0.00283,0.00002,0.00486,0.00014,0.00008,0.00043
32.09600,0.12794,0.98947,0.00026,0.00083,0.00299,0.00002,0.00595,0.00011,0.00010,0.00026
32.12800,0.12794,0.98998,0.00022,0.00052,0.00279,0.00001,0.00596,0.00011,0.00004,0.00037
32.16000,0.12794,0.98989,0.00018,0.00041,0.00278,0.00001,0.00627,0.00009,0.00003,0.00036
32.19200,0.12794,0.98583,0.00016,0.00051,0.00395,0.00001,0.00910,0.00009,0.00004,0.00030
32.22400,0.12794,0.97866,0.00017,0.00043,0.00651,0.00001,0.01374,0.00009,0.00003,0.00037
32.25600,0.12794,0.98501,0.00017,0.00214,0.00376,0.00003,0.00818,0.00020,0.00030,0.00019
32.28800,0.12794,0.97924,0.00015,0.01232,0.00058,0.00008,0.00241,0.00123,0.00391,0.00009
32.32000,0.12794,0.96555,0.00018,0.02343,0.00064,0.00015,0.00181,0.00154,0.00641,0.00027
32.35200,0.12794,0.96396,0.00014,0.02522,0.00036,0.00015,0.00117,0.00110,0.00771,0.00018
32.38400,0.12794,0.98685,0.00014,0.00756,0.00097,0.00008,0.00241,0.00045,0.00116,0.00038
32.41600,0.12794,0.98605,0.00034,0.00235,0.00428,0.00006,0.00589,0.00015,0.00024,0.00064
32.44800,0.12794,0.98324,0.00064,0.00227,0.00429,0.00006,0.00847,0.00033,0.00034,0.00037
32.48000,0.12794,0.97562,0.00267,0.00367,0.00600,0.00012,0.00918,0.00113,0.00063,0.00098
32.51200,0.12794,0.96857,0.00536,0.00492,0.00665,0.00019,0.00986,0.00207,0.00115,0.00123
32.54400,0.12794,0.95946,0.00473,0.00363,0.01273,0.00016,0.01531,0.00145,0.00059,0.00192
32.57600,0.12794,0.95406,0.00829,0.00489,0.01351,0.00022,0.01468,0.00187,0.00104,0.00146
32.60800,0.12794,0.94763,0.00986,0.00432,0.01730,0.00018,0.01659,0.00200,0.00090,0.00122
32.64000,0.12794,0.96161,0.00691,0.00500,0.01017,0.00018,0.01172,0.00216,0.00112,0.00114
32.67200,0.12794,0.95242,0.01011,0.00885,0.00881,0.00031,0.01111,0.00432,0.00263,0.00144
32.70400,0.12794,0.96472,0.00403,0.00620,0.00812,0.00025,0.01042,0.00233,0.00131,0.00261
32.73600,0.12794,0.97357,0.00155,0.00439,0.00607,0.00015,0.01022,0.00129,0.00073,0.00204
32.76800,0.12794,0.97102,0.00093,0.00352,0.00780,0.00009,0.01444,0.00067,0.00051,0.00101
32.80000,0.12794,0.96615,0.00054,0.00238,0.01143,0.00006,0.01795,0.00034,0.00028,0.00087
32.83200,0.12794,0.96137,0.00046,0.00256,0.01249,0.00005,0.02180,0.00034,0.00029,0.00064
32.86400,0.12794,0.89797,0.00007,0.00213,0.02098,0.00003,0.07786,0.00003,0.00007,0.00086
32.89600,0.12794,0.75511,0.00001,0.00134,0.05132,0.00001,0.18888,0.00000,0.00002,0.00332
32.92800,0.12794,0.43852,0.00000,0.00104,0.07780,0.00000,0.48013,0.00000,0.00000,0.00249
32.96000,0.12794,0.15072,0.00000,0.00029,0.03001,0.00000,0.81780,0.00000,0.00000,0.00118
32.99200,0.12794,0.11821,0.00000,0.00019,0.03472,0.00000,0.84601,0.00000,0.00000,0.00087
33.02400,0.12794,0.08243,0.00000,0.00016,0.02593,0.00000,0.89113,0.00000,0.00000,0.00036
33.05600,0.12794,0.08899,0.00000,0.00015,0.04086,0.00000,0.86955,0.00000,0.00000,0.00045
33.08800,0.12794,0.10117,0.00000,0.00026,0.10207,0.00000,0.79595,0.00000,0.00000,0.00054
33.12000,0.12794,0.09046,0.00000,0.00056,0.04736,0.00000,0.86125,0.00000,0.00000,0.00037
33.15200,0.12794,0.11424,0.00000,0.00066,0.09766,0.00000,0.78667,0.00000,0.00000,0.00076
33.18400,0.12794,0.12931,0.00000,0.00069,0.09670,0.00000,0.77219,0.00000,0.00000,0.00111
33.21600,0.12794,0.11293,0.00000,0.00071,0.14577,0.00000,0.73941,0.00000,0.00000,0.00119
33.24800,0.12794,0.07123,0.00000,0.00036,0.23620,0.00000,0.69145,0.00000,0.00000,0.00076
33.28000,0.12794,0.02607,0.00000,0.00014,0.06787,0.00000,0.90585,0.00000,0.00000,0.00008
33.31200,0.12794,0.01893,0.00000,0.00013,0.02802,0.00000,0.95289,0.00000,0.00000,0.00004
33.34400,0.12794,0.01821,0.00000,0.00008,0.00902,0.00000,0.97266,0.00000,0.00000,0.00002
33.37600,0.12794,0.02617,0.00000,0.00007,0.00929,0.00000,0.96442,0.00000,0.00000,0.00005
33.40800,0.12794,0.04081,0.00000,0.00013,0.00650,0.00000,0.95246,0.00000,0.00000,0.00011
33.44000,0.12794,0.02925,0.00000,0.00007,0.00497,0.00000,0.96565,0.00000,0.00000,0.00006
33.47200,0.12794,0.03180,0.00000,0.00005,0.01134,0.00000,0.95672,0.00000,0.00000,0.00009
33.50400,0.12794,0.02836,0.00000,0.00005,0.00446,0.00000,0.96705,0.00000,0.00000,0.00008
33.53600,0.12794,0.04218,0.00000,0.00006,0.00533,0.00000,0.95223,0.00000,0.00000,0.00020
33.56800,0.12794,0.04859,0.00000,0.00009,0.00227,0.00000,0.94866,0.00000,0.00000,0.00039
33.60000,0.12794,0.03557,0.00000,0.00010,0.00091,0.00000,0.96309,0.00000,0.00000,0.00033
33.63200,0.12794,0.03245,0.00000,0.00007,0.00256,0.00000,0.96442,0.00000,0.00000,0.00049
33.66400,0.12794,0.01703,0.00000,0.00006,0.00108,0.00000,0.98161,0.00000,0.00000,0.00022
33.69600,0.12794,0.01395,0.00000,0.00006,0.00484,0.00000,0.98098,0.00000,0.00000,0.00018
33.72800,0.12794,0.01823,0.00000,0.00006,0.00786,0.00000,0.97358,0.00000,0.00000,0.00027
33.76000,0.12794,0.02486,0.00000,0.00007,0.00874,0.00000,0.96588,0.00000,0.00000,0.00044
33.79200,0.12794,0.04155,0.00000,0.00006,0.09168,0.00000,0.86505,0.00000,0.00000,0.00166
33.82400,0.12794,0.06433,0.00000,0.00004,0.06438,0.00000,0.86763,0.00000,0.00000,0.00362
33.85600,0.12794,0.06524,0.00000,0.00003,0.04661,0.00000,0.88399,0.00000,0.00000,0.00413
33.88800,0.12794,0.05337,0.00000,0.00002,0.03966,0.00000,0.90489,0.00000,0.00000,0.00206
33.92000,0.12794,0.04307,0.00000,0.00002,0.01202,0.00000,0.94397,0.00000,0.00000,0.00092
33.95200,0.12794,0.04374,0.00000,0.00004,0.01069,0.00000,0.94441,0.00000,0.00000,0.00113
33.98400,0.12794,0.05140,0.00000,0.00005,0.01192,0.00000,0.93502,0.00000,0.00000,0.00161
34.01600,0.12794,0.06277,0.00000,0.00008,0.02923,0.00000,0.90307,0.00000,0.00000,0.00486
34.04800,0.12794,0.05895,0.00000,0.00009,0.09628,0.00000,0.83910,0.00000,0.00000,0.00558
34.08000,0.12794,0.02821,0.00000,0.00007,0.23556,0.00000,0.73443,0.00000,0.00000,0.00173
34.11200,0.12794,0.00690,0.00000,0.00004,0.46110,0.00000,0.53181,0.00000,0.00000,0.00015
34.14400,0.12794,0.00461,0.00000,0.00003,0.43426,0.00000,0.56107,0.00000,0.00000,0.00004
34.17600,0.12794,0.00664,0.00000,0.00004,0.12654,0.00000,0.86673,0.00000,0.00000,0.00004
34.20800,0.12794,0.01400,0.00000,0.00006,0.03767,0.00000,0.94815,0.00000,0.00000,0.00013
34.24000,0.12794,0.02561,0.00000,0.00008,0.01731,0.00000,0.95647,0.00000,0.00000,0.00053
34.27200,0.12794,0.02238,0.00000,0.00010,0.00539,0.00000,0.97173,0.00000,0.00000,0.00039
34.30400,0.12794,0.01716,0.00000,0.00011,0.00700,0.00000,0.97553,0.00000,0.00000,0.00020
34.33600,0.12794,0.01039,0.00000,0.00009,0.00613,0.00000,0.98332,0.00000,0.00000,0.00006
34.36800,0.12794,0.01084,0.00000,0.00008,0.00429,0.00000,0.98475,0.00000,0.00000,0.00004
34.40000,0.12794,0.01047,0.00000,0.00008,0.00421,0.00000,0.98520,0.00000,0.00000,0.00004
34.43200,0.12794,0.01293,0.00000,0.00009,0.00268,0.00000,0.98425,0.00000,0.00000,0.00006
34.46400,0.12794,0.01538,0.00000,0.00009,0.00231,0.00000,0.98214,0.00000,0.00000,0.00008
34.49600,0.12794,0.01614,0.00000,0.00009,0.00196,0.00000,0.98165,0.00000,0.00000,0.00015
34.52800,0.12794,0.02347,0.00000,0.00009,0.00430,0.00000,0.97165,0.00000,0.00000,0.00050
34.56000,0.12794,0.02109,0.00000,0.00008,0.00826,0.00000,0.97005,0.00000,0.00000,0.00051
34.59200,0.12794,0.01855,0.00000,0.00008,0.01640,0.00000,0.96452,0.00000,0.00000,0.00045
34.62400,0.12794,0.01976,0.00000,0.00008,0.02022,0.00000,0.95942,0.00000,0.00000,0.00052
34.65600,0.12794,0.02079,0.00000,0.00011,0.00760,0.00000,0.97108,0.00000,0.00000,0.00042
34.68800,0.12794,0.01820,0.00000,0.00011,0.00437,0.00000,0.97709,0.00000,0.00000,0.00023
34.72000,0.12794,0.02616,0.00000,0.00012,0.00364,0.00000,0.96959,0.00000,0.00000,0.00049
34.75200,0.12794,0.02782,0.00000,0.00009,0.00332,0.00000,0.96825,0.00000,0.00000,0.00052
34.78400,0.12794,0.02202,0.00000,0.00006,0.00690,0.00000,0.97050,0.00000,0.00000,0.00053
34.81600,0.12794,0.02878,0.00000,0.00007,0.01842,0.00000,0.95104,0.00000,0.00000,0.00169
34.84800,0.12794,0.02018,0.00000,0.00006,0.04746,0.00000,0.93130,0.00000,0.00000,0.00100
34.88000,0.12794,0.02326,0.00000,0.00008,0.09581,0.00000,0.87909,0.00000,0.00000,0.00175
34.91200,0.12794,0.03275,0.00000,0.00009,0.09396,0.00000,0.87079,0.00000,0.00000,0.00240
34.94400,0.12794,0.03653,0.00000,0.00008,0.06948,0.00000,0.89110,0.00000,0.00000,0.00281
34.97600,0.12794,0.04592,0.00000,0.00006,0.02809,0.00000,0.92284,0.00000,0.00000,0.00309
35.00800,0.12794,0.03936,0.00000,0.00004,0.02664,0.00000,0.93222,0.00000,0.00000,0.00174
35.04000,0.12794,0.03450,0.00000,0.00003,0.05192,0.00000,0.91144,0.00000,0.00000,0.00212
35.07200,0.12794,0.04169,0.00000,0.00002,0.07555,0.00000,0.87974,0.00000,0.00000,0.00299
35.10400,0.12794,0.04925,0.00000,0.00003,0.13991,0.00000,0.80594,0.00000,0.00000,0.00488
35.13600,0.12794,0.05356,0.00000,0.00003,0.23557,0.00000,0.70564,0.00000,0.00000,0.00521
35.16800,0.12794,0.05168,0.00000,0.00004,0.16272,0.00000,0.78125,0.00000,0.00000,0.00431
35.20000,0.12794,0.04407,0.00000,0.00005,0.09141,0.00000,0.86131,0.00000,0.00000,0.00316
35.23200,0.12794,0.03853,0.00000,0.00005,0.07304,0.00000,0.88589,0.00000,0.00000,0.00248
35.26400,0.12794,0.02577,0.00000,0.00004,0.03198,0.00000,0.94061,0.00000,0.00000,0.00159
35.29600,0.12794,0.01864,0.00000,0.00003,0.01755,0.00000,0.96293,0.00000,0.00000,0.00085
35.32800,0.12794,0.02205,0.00000,0.00003,0.01823,0.00000,0.95894,0.00000,0.00000,0.00075
35.36000,0.12794,0.01735,0.00000,0.00002,0.01026,0.00000,0.97195,0.00000,0.00000,0.00042
35.39200,0.12794,0.02999,0.00000,0.00004,0.00728,0.00000,0.96216,0.00000,0.00000,0.00052
35.42400,0.12794,0.05039,0.00000,0.00007,0.06790,0.00000,0.87974,0.00000,0.00000,0.00190
35.45600,0.12794,0.04289,0.00000,0.00005,0.02919,0.00000,0.92663,0.00000,0.00000,0.00124
35.48800,0.12794,0.04623,0.00000,0.00007,0.01049,0.00000,0.94222,0.00000,0.00000,0.00098
35.52000,0.12794,0.03668,0.00000,0.00007,0.00473,0.00000,0.95753,0.00000,0.00000,0.00099
35.55200,0.12794,0.02896,0.00000,0.00006,0.00015,0.00000,0.97062,0.00000,0.00000,0.00021
35.58400,0.12794,0.03721,0.00000,0.00007,0.00032,0.00000,0.96203,0.00000,0.00000,0.00037
35.61600,0.12794,0.04366,0.00000,0.00008,0.00042,0.00000,0.95537,0.00000,0.00000,0.00046
35.64800,0.12794,0.04172,0.00000,0.00006,0.00066,0.00000,0.95721,0.00000,0.00000,0.00035
35.68000,0.12794,0.04235,0.00000,0.00006,0.00198,0.00001,0.95525,0.00000,0.00000,0.00035
35.71200,0.12794,0.05327,0.00000,0.00009,0.00413,0.00001,0.94221,0.00000,0.00000,0.00029
35.74400,0.12794,0.04065,0.00000,0.00007,0.00314,0.00000,0.95598,0.00000,0.00000,0.00016
35.77600,0.12794,0.03931,0.00000,0.00006,0.00175,0.00000,0.95877,0.00000,0.00000,0.00012
35.80800,0.12794,0.03424,0.00000,0.00004,0.00060,0.00000,0.96500,0.00000,0.00000,0.00012
35.84000,0.12794,0.02189,0.00000,0.00003,0.00013,0.00000,0.97788,0.00000,0.00000,0.00007
35.87200,0.12794,0.01800,0.00000,0.00002,0.00042,0.00000,0.98149,0.00000,0.00000,0.00007
35.90400,0.12794,0.01538,0.00000,0.00002,0.00093,0.00000,0.98360,0.00000,0.00000,0.00007
35.93600,0.12794,0.02136,0.00000,0.00002,0.00213,0.00000,0.97639,0.00000,0.00000,0.00010
35.96800,0.12794,0.03770,0.00000,0.00003,0.00410,0.00000,0.95791,0.00000,0.00000,0.00026
36.00000,0.12794,0.05079,0.00000,0.00003,0.00329,0.00000,0.94559,0.00000,0.00000,0.00029
36.03200,0.12794,0.07250,0.00000,0.00004,0.00623,0.00000,0.92060,0.00000,0.00000,0.00063
36.06400,0.12794,0.07321,0.00000,0.00004,0.00453,0.00000,0.92182,0.00000,0.00000,0.00040
36.09600,0.12794,0.06176,0.00000,0.00003,0.00295,0.00000,0.93503,0.00000,0.00000,0.00023
36.12800,0.12794,0.07855,0.00000,0.00004,0.00347,0.00000,0.91755,0.00000,0.00000,0.00039
36.16000,0.12794,0.07450,0.00000,0.00004,0.00197,0.00000,0.92322,0.00000,0.00000,0.00026
36.19200,0.12794,0.07246,0.00000,0.00004,0.00358,0.00000,0.92362,0.00000,0.00000,0.00030
36.22400,0.12794,0.06739,0.00000,0.00005,0.00748,0.00000,0.92475,0.00000,0.00000,0.00032
36.25600,0.12794,0.06437,0.00000,0.00005,0.02109,0.00000,0.91413,0.00000,0.00000,0.00036
36.28800,0.12794,0.04838,0.00000,0.00004,0.02613,0.00000,0.92524,0.00000,0.00000,0.00021
36.32000,0.12794,0.05418,0.00000,0.00005,0.02954,0.00000,0.91579,0.00000,0.00000,0.00043
36.35200,0.12794,0.04226,0.00000,0.00004,0.01938,0.00000,0.93803,0.00000,0.00000,0.00029
36.38400,0.12794,0.03371,0.00000,0.00004,0.01190,0.00000,0.95411,0.00000,0.00000,0.00023
36.41600,0.12794,0.02943,0.00000,0.00004,0.01463,0.00000,0.95565,0.00000,0.00000,0.00024
36.44800,0.12794,0.03247,0.00000,0.00005,0.01241,0.00000,0.95485,0.00000,0.00000,0.00022
36.48000,0.12794,0.05201,0.00000,0.00012,0.01880,0.00000,0.92847,0.00000,0.00000,0.00059
36.51200,0.12794,0.05990,0.00000,0.00013,0.00955,0.00000,0.92988,0.00000,0.00000,0.00054
36.54400,0.12794,0.07876,0.00000,0.00017,0.00747,0.00000,0.91291,0.00000,0.00000,0.00068
36.57600,0.12794,0.05592,0.00000,0.00014,0.00648,0.00000,0.93711,0.00000,0.00000,0.00036
36.60800,0.12794,0.03689,0.00000,0.00007,0.00729,0.00000,0.95557,0.00000,0.00000,0.00018
36.64000,0.12794,0.03255,0.00000,0.00007,0.01250,0.00000,0.95470,0.00000,0.00000,0.00018
36.67200,0.12794,0.03991,0.00000,0.00007,0.01089,0.00000,0.94884,0.00000,0.00000,0.00028
36.70400,0.12794,0.04863,0.00000,0.00007,0.01582,0.00000,0.93501,0.00000,0.00000,0.00047
36.73600,0.12794,0.05077,0.00000,0.00007,0.00801,0.00000,0.94072,0.00000,0.00000,0.00042
36.76800,0.12794,0.05055,0.00000,0.00007,0.00501,0.00000,0.94396,0.00000,0.00000,0.00040
36.80000,0.12794,0.05853,0.00000,0.00007,0.00440,0.00000,0.93655,0.00000,0.00000,0.00045
36.83200,0.12794,0.06135,0.00000,0.00005,0.00488,0.00000,0.93333,0.00000,0.00000,0.00039
36.86400,0.12794,0.08093,0.00000,0.00004,0.00633,0.00000,0.91214,0.00000,0.00000,0.00055
36.89600,0.12794,0.09630,0.00000,0.00004,0.00746,0.00000,0.89562,0.00000,0.00000,0.00057
36.92800,0.12794,0.09991,0.00000,0.00004,0.01224,0.00000,0.88714,0.00000,0.00000,0.00067
36.96000,0.12794,0.10249,0.00000,0.00005,0.00783,0.00000,0.88905,0.00000,0.00000,0.00058
36.99200,0.12794,0.10194,0.00000,0.00007,0.00775,0.00000,0.88968,0.00000,0.00000,0.00056
37.02400,0.12794,0.10880,0.00000,0.00008,0.01254,0.00000,0.87787,0.00000,0.00000,0.00071
37.05600,0.12794,0.10769,0.00000,0.00007,0.01170,0.00000,0.87988,0.00000,0.00000,0.00065
37.08800,0.12794,0.12066,0.00000,0.00008,0.01657,0.00000,0.86174,0.00000,0.00000,0.00095
37.12000,0.12794,0.11123,0.00000,0.00009,0.01560,0.00000,0.87211,0.00000,0.00000,0.00096
37.15200,0.12794,0.11402,0.00000,0.00010,0.00954,0.00000,0.87544,0.00000,0.00000,0.00090
37.18400,0.12794,0.12498,0.00000,0.00012,0.00825,0.00000,0.86554,0.00000,0.00000,0.00111
37.21600,0.12794,0.13537,0.00000,0.00010,0.00681,0.00000,0.85667,0.00000,0.00000,0.00104
37.24800,0.12794,0.15035,0.00000,0.00011,0.00858,0.00000,0.83990,0.00000,0.00000,0.00107
37.28000,0.12794,0.18647,0.00000,0.00009,0.01138,0.00000,0.80074,0.00000,0.00000,0.00132
37.31200,0.12794,0.16688,0.00000,0.00010,0.00557,0.00000,0.82692,0.00000,0.00000,0.00053
37.34400,0.12794,0.18765,0.00000,0.00015,0.00794,0.00000,0.80363,0.00000,0.00000,0.00063
37.37600,0.12794,0.19628,0.00000,0.00015,0.00790,0.00000,0.79501,0.00000,0.00000,0.00065
37.40800,0.12794,0.14622,0.00000,0.00012,0.00600,0.00000,0.84734,0.00000,0.00000,0.00031
37.44000,0.12794,0.13749,0.00000,0.00010,0.01187,0.00000,0.85017,0.00000,0.00000,0.00037
37.47200,0.12794,0.09469,0.00000,0.00007,0.00669,0.00000,0.89839,0.00000,0.00000,0.00016
37.50400,0.12794,0.07747,0.00000,0.00005,0.00436,0.00000,0.91802,0.00000,0.00000,0.00009
37.53600,0.12794,0.07209,0.00000,0.00005,0.00296,0.00000,0.92483,0.00000,0.00000,0.00007
37.56800,0.12794,0.06986,0.00000,0.00004,0.00135,0.00000,0.92870,0.00000,0.00000,0.00005
37.60000,0.12794,0.06928,0.00000,0.00003,0.00088,0.00000,0.92975,0.00000,0.00000,0.00005
37.63200,0.12794,0.06535,0.00000,0.00004,0.00132,0.00000,0.93324,0.00000,0.00000,0.00005
37.66400,0.12794,0.07467,0.00000,0.00003,0.00285,0.00000,0.92236,0.00000,0.00000,0.00009
37.69600,0.12794,0.07913,0.00000,0.00003,0.00709,0.00000,0.91356,0.00000,0.00000,0.00018
37.72800,0.12794,0.07113,0.00000,0.00004,0.01250,0.00000,0.91610,0.00000,0.00000,0.00023
37.76000,0.12794,0.08512,0.00000,0.00003,0.01111,0.00000,0.90344,0.00000,0.00000,0.00030
37.79200,0.12794,0.09619,0.00000,0.00005,0.00743,0.00000,0.89605,0.00000,0.00000,0.00029
37.82400,0.12794,0.11008,0.00000,0.00006,0.00669,0.00000,0.88284,0.00000,0.00000,0.00033
37.85600,0.12794,0.14848,0.00000,0.00006,0.01020,0.00000,0.84050,0.00000,0.00000,0.00074
37.88800,0.12794,0.14276,0.00000,0.00009,0.01909,0.00000,0.83682,0.00000,0.00000,0.00125
37.92000,0.12794,0.11337,0.00000,0.00008,0.01997,0.00000,0.86514,0.00000,0.00000,0.00144
37.95200,0.12794,0.10182,0.00000,0.00010,0.04179,0.00000,0.85388,0.00000,0.00000,0.00240
37.98400,0.12794,0.08279,0.00000,0.00010,0.03315,0.00000,0.88226,0.00000,0.00000,0.00169
38.01600,0.12794,0.08274,0.00000,0.00008,0.01933,0.00000,0.89660,0.00000,0.00000,0.00125
38.04800,0.12794,0.08265,0.00000,0.00006,0.01625,0.00000,0.90018,0.00000,0.00000,0.00086
38.08000,0.12794,0.06845,0.00000,0.00004,0.00627,0.00000,0.92479,0.00000,0.00000,0.00045
38.11200,0.12794,0.04873,0.00000,0.00003,0.00196,0.00000,0.94908,0.00000,0.00000,0.00019
38.14400,0.12794,0.04967,0.00000,0.00004,0.00256,0.00000,0.94755,0.00000,0.00000,0.00019
38.17600,0.12794,0.04268,0.00000,0.00005,0.00139,0.00000,0.95570,0.00000,0.00000,0.00018
38.20800,0.12794,0.04779,0.00000,0.00007,0.00151,0.00000,0.95035,0.00000,0.00000,0.00027
38.24000,0.12794,0.04892,0.00000,0.00008,0.00340,0.00000,0.94714,0.00000,0.00000,0.00046
38.27200,0.12794,0.02814,0.00000,0.00005,0.00647,0.00000,0.96485,0.00000,0.00000,0.00050
38.30400,0.12794,0.02460,0.00000,0.00004,0.01546,0.00000,0.95922,0.00000,0.00000,0.00068
38.33600,0.12794,0.01619,0.00000,0.00002,0.01316,0.00000,0.97019,0.00000,0.00000,0.00044
38.36800,0.12794,0.01302,0.00000,0.00002,0.01392,0.00000,0.97262,0.00000,0.00000,0.00041
38.40000,0.12794,0.01799,0.00000,0.00002,0.01332,0.00000,0.96808,0.00000,0.00000,0.00059
38.43200,0.12794,0.02199,0.00000,0.00003,0.02258,0.00000,0.95426,0.00000,0.00000,0.00115
38.46400,0.12794,0.03243,0.00000,0.00002,0.17055,0.00000,0.79431,0.00000,0.00000,0.00269
38.49600,0.12794,0.04156,0.00000,0.00002,0.31441,0.00000,0.63967,0.00000,0.00000,0.00434
38.52800,0.12794,0.04352,0.00000,0.00002,0.18984,0.00000,0.76240,0.00000,0.00000,0.00422
38.56000,0.12794,0.04432,0.00000,0.00002,0.09657,0.00000,0.85664,0.00000,0.00000,0.00245
38.59200,0.12794,0.03707,0.00000,0.00002,0.01988,0.00000,0.94203,0.00000,0.00000,0.00099
38.62400,0.12794,0.02651,0.00000,0.00003,0.00823,0.00000,0.96467,0.00000,0.00000,0.00056
38.65600,0.12794,0.03046,0.00000,0.00003,0.00922,0.00000,0.95961,0.00000,0.00000,0.00068
38.68800,0.12794,0.02730,0.00000,0.00004,0.02704,0.00000,0.94454,0.00000,0.00000,0.00108
38.72000,0.12794,0.02325,0.00000,0.00007,0.07766,0.00000,0.89763,0.00000,0.00000,0.00139
38.75200,0.12794,0.01910,0.00000,0.00008,0.07930,0.00000,0.90044,0.00000,0.00000,0.00108
38.78400,0.12794,0.00930,0.00000,0.00007,0.03920,0.00000,0.95115,0.00000,0.00000,0.00028
38.81600,0.12794,0.01037,0.00000,0.00009,0.03985,0.00000,0.94942,0.00000,0.00000,0.00026
38.84800,0.12794,0.01002,0.00000,0.00008,0.01321,0.00000,0.97652,0.00000,0.00000,0.00017
38.88000,0.12794,0.01514,0.00000,0.00007,0.01213,0.00000,0.97239,0.00000,0.00000,0.00028
38.91200,0.12794,0.02498,0.00000,0.00008,0.02698,0.00000,0.94703,0.00000,0.00000,0.00094
38.94400,0.12794,0.01612,0.00000,0.00008,0.00808,0.00000,0.97545,0.00000,0.00000,0.00027
38.97600,0.12794,0.02186,0.00000,0.00009,0.00894,0.00000,0.96861,0.00000,0.00000,0.00051
39.00800,0.12794,0.01367,0.00000,0.00011,0.01290,0.00000,0.97317,0.00000,0.00000,0.00014
39.04000,0.12794,0.01689,0.00000,0.00015,0.00814,0.00000,0.97468,0.00000,0.00000,0.00014
39.07200,0.12794,0.01610,0.00000,0.00013,0.01127,0.00000,0.97236,0.00000,0.00000,0.00014
39.10400,0.12794,0.01689,0.00000,0.00017,0.00691,0.00000,0.97590,0.00000,0.00000,0.00014
39.13600,0.12794,0.02018,0.00000,0.00013,0.00197,0.00001,0.97753,0.00000,0.00000,0.00019
39.16800,0.12794,0.01431,0.00000,0.00011,0.00217,0.00000,0.98327,0.00000,0.00000,0.00013
39.20000,0.12794,0.01852,0.00000,0.00010,0.00259,0.00000,0.97843,0.00000,0.00000,0.00036
39.23200,0.12794,0.01760,0.00000,0.00008,0.00636,0.00000,0.97550,0.00000,0.00000,0.00047
39.26400,0.12794,0.01877,0.00000,0.00008,0.01756,0.00000,0.96295,0.00000,0.00000,0.00064
39.29600,0.12794,0.01897,0.00000,0.00009,0.02823,0.00000,0.95216,0.00000,0.00000,0.00055
39.32800,0.12794,0.01642,0.00000,0.00007,0.01820,0.00000,0.96502,0.00000,0.00000,0.00030
39.36000,0.12794,0.01268,0.00000,0.00008,0.01136,0.00000,0.97579,0.00000,0.00000,0.00009
39.39200,0.12794,0.01271,0.00000,0.00010,0.00694,0.00000,0.98016,0.00000,0.00000,0.00009
39.42400,0.12794,0.01634,0.00000,0.00012,0.00619,0.00000,0.97718,0.00000,0.00000,0.00017
39.45600,0.12794,0.02010,0.00000,0.00012,0.01619,0.00000,0.96308,0.00000,0.00000,0.00051
39.48800,0.12794,0.01945,0.00000,0.00012,0.02200,0.00000,0.95691,0.00000,0.00000,0.00152
39.52000,0.12794,0.01733,0.00000,0.00010,0.05180,0.00000,0.92875,0.00000,0.00000,0.00202
39.55200,0.12794,0.01838,0.00000,0.00010,0.05504,0.00000,0.92376,0.00000,0.00000,0.00272
39.58400,0.12794,0.02170,0.00000,0.00012,0.03623,0.00000,0.93992,0.00000,0.00000,0.00203
39.61600,0.12794,0.03649,0.00000,0.00010,0.03167,0.00000,0.92849,0.00000,0.00000,0.00324
39.64800,0.12794,0.04608,0.00000,0.00009,0.01658,0.00000,0.93406,0.00000,0.00000,0.00320
39.68000,0.12794,0.04637,0.00000,0.00006,0.01829,0.00000,0.93316,0.00000,0.00000,0.00213
39.71200,0.12794,0.05077,0.00000,0.00005,0.04027,0.00000,0.90572,0.00000,0.00000,0.00319
39.74400,0.12794,0.04164,0.00000,0.00003,0.05603,0.00000,0.89992,0.00000,0.00000,0.00238
39.77600,0.12794,0.05070,0.00000,0.00002,0.08011,0.00000,0.86575,0.00000,0.00000,0.00342
39.80800,0.12794,0.06252,0.00000,0.00003,0.11417,0.00000,0.81786,0.00000,0.00000,0.00542
39.84000,0.12794,0.04806,0.00000,0.00003,0.09752,0.00000,0.85072,0.00000,0.00000,0.00367
39.87200,0.12794,0.05123,0.00000,0.00004,0.13427,0.00000,0.80960,0.00000,0.00000,0.00486
39.90400,0.12794,0.03534,0.00000,0.00004,0.06027,0.00000,0.90086,0.00000,0.00000,0.00349
39.93600,0.12794,0.01724,0.00000,0.00003,0.02515,0.00000,0.95656,0.00000,0.00000,0.00103
39.96800,0.12794,0.01587,0.00000,0.00003,0.01451,0.00000,0.96886,0.00000,0.00000,0.00073
40.00000,0.12794,0.01133,0.00000,0.00003,0.00427,0.00000,0.98404,0.00000,0.00000,0.00034
40.03200,0.12794,0.01501,0.00000,0.00004,0.00490,0.00000,0.97968,0.00000,0.00000,0.00037
40.06400,0.12794,0.02751,0.00000,0.00005,0.00915,0.00000,0.96241,0.00000,0.00000,0.00089
40.09600,0.12794,0.01772,0.00000,0.00002,0.00411,0.00000,0.97789,0.00000,0.00000,0.00025
40.12800,0.12794,0.01594,0.00000,0.00002,0.00322,0.00000,0.98067,0.00000,0.00000,0.00014
40.16000,0.12794,0.02007,0.00000,0.00003,0.00176,0.00000,0.97801,0.00000,0.00000,0.00014
40.19200,0.12794,0.01636,0.00000,0.00003,0.00026,0.00000,0.98331,0.00000,0.00000,0.00005
40.22400,0.12794,0.02852,0.00000,0.00008,0.00047,0.00000,0.97081,0.00000,0.00000,0.00012
40.25600,0.12794,0.04050,0.00000,0.00009,0.00127,0.00000,0.95785,0.00000,0.00000,0.00028
40.28800,0.12794,0.03275,0.00000,0.00007,0.00116,0.00000,0.96582,0.00000,0.00000,0.00019
40.32000,0.12794,0.03394,0.00000,0.00009,0.00217,0.00000,0.96354,0.00000,0.00000,0.00026
40.35200,0.12794,0.03251,0.00000,0.00008,0.00166,0.00001,0.96556,0.00000,0.00000,0.00018
40.38400,0.12794,0.04731,0.00000,0.00012,0.00225,0.00002,0.95011,0.00000,0.00000,0.00020
40.41600,0.12794,0.05922,0.00000,0.00013,0.00530,0.00001,0.93511,0.00000,0.00000,0.00023
40.44800,0.12794,0.05630,0.00000,0.00009,0.00556,0.00000,0.93787,0.00000,0.00000,0.00017
40.48000,0.12794,0.05659,0.00000,0.00008,0.00448,0.00000,0.93868,0.00000,0.00000,0.00016
40.51200,0.12794,0.02942,0.00000,0.00004,0.00254,0.00000,0.96795,0.00000,0.00000,0.00006
40.54400,0.12794,0.01757,0.00000,0.00002,0.00345,0.00000,0.97892,0.00000,0.00000,0.00002
40.57600,0.12794,0.01538,0.00000,0.00002,0.00549,0.00000,0.97909,0.00000,0.00000,0.00003
40.60800,0.12794,0.02027,0.00000,0.00003,0.00357,0.00000,0.97609,0.00000,0.00000,0.00004
40.64000,0.12794,0.03206,0.00000,0.00005,0.00300,0.00000,0.96474,0.00000,0.00000,0.00015
40.67200,0.12794,0.04965,0.00000,0.00006,0.00086,0.00000,0.94920,0.00000,0.00000,0.00023
40.70400,0.12794,0.06804,0.00000,0.00006,0.00148,0.00000,0.93004,0.00000,0.00000,0.00038
40.73600,0.12794,0.06032,0.00000,0.00005,0.00267,0.00000,0.93665,0.00000,0.00000,0.00030
40.76800,0.12794,0.06144,0.00000,0.00003,0.00314,0.00000,0.93517,0.00000,0.00000,0.00022
40.80000,0.12794,0.07086,0.00000,0.00003,0.00584,0.00000,0.92284,0.00000,0.00000,0.00044
40.83200,0.12794,0.06372,0.00000,0.00003,0.00301,0.00000,0.93302,0.00000,0.00000,0.00022
40.86400,0.12794,0.06885,0.00000,0.00004,0.00368,0.00000,0.92707,0.00000,0.00000,0.00036
40.89600,0.12794,0.05442,0.00000,0.00005,0.00275,0.00000,0.94257,0.00000,0.00000,0.00022
40.92800,0.12794,0.03911,0.00000,0.00003,0.00419,0.00000,0.95656,0.00000,0.00000,0.00010
40.96000,0.12794,0.03975,0.00000,0.00003,0.00526,0.00000,0.95481,0.00000,0.00000,0.00014
40.99200,0.12794,0.04767,0.00000,0.00004,0.00704,0.00000,0.94501,0.00000,0.00000,0.00023
41.02400,0.12794,0.06716,0.00000,0.00006,0.01159,0.00000,0.92054,0.00000,0.00000,0.00064
41.05600,0.12794,0.08756,0.00000,0.00009,0.01435,0.00000,0.89640,0.00000,0.00000,0.00160
41.08800,0.12794,0.06581,0.00000,0.00010,0.01659,0.00000,0.91632,0.00000,0.00000,0.00118
41.12000,0.12794,0.06352,0.00000,0.00010,0.02451,0.00000,0.91063,0.00000,0.00000,0.00124
41.15200,0.12794,0.05121,0.00000,0.00009,0.03502,0.00000,0.91254,0.00000,0.00000,0.00113
41.18400,0.12794,0.05230,0.00000,0.00009,0.02719,0.00000,0.91935,0.00000,0.00000,0.00106
41.21600,0.12794,0.07880,0.00000,0.00010,0.02763,0.00000,0.89162,0.00000,0.00000,0.00185
41.24800,0.12794,0.05713,0.00000,0.00007,0.01425,0.00000,0.92774,0.00000,0.00000,0.00081
41.28000,0.12794,0.06682,0.00000,0.00009,0.01503,0.00000,0.91732,0.00000,0.00000,0.00074
41.31200,0.12794,0.05351,0.00000,0.00007,0.01608,0.00000,0.92981,0.00000,0.00000,0.00053
41.34400,0.12794,0.05807,0.00000,0.00010,0.01534,0.00000,0.92597,0.00000,0.00000,0.00052
41.37600,0.12794,0.06653,0.00000,0.00014,0.01955,0.00000,0.91308,0.00000,0.00000,0.00070
41.40800,0.12794,0.05703,0.00000,0.00012,0.00914,0.00000,0.93324,0.00000,0.00000,0.00047
41.44000,0.12794,0.06645,0.00000,0.00014,0.00807,0.00000,0.92467,0.00000,0.00000,0.00067
41.47200,0.12794,0.06270,0.00000,0.00012,0.00829,0.00000,0.92818,0.00000,0.00000,0.00072
41.50400,0.12794,0.06650,0.00000,0.00008,0.01538,0.00000,0.91725,0.00000,0.00000,0.00079
41.53600,0.12794,0.07491,0.00000,0.00007,0.02822,0.00000,0.89561,0.00000,0.00000,0.00119
41.56800,0.12794,0.08341,0.00000,0.00005,0.03521,0.00000,0.88019,0.00000,0.00000,0.00114
41.60000,0.12794,0.10012,0.00000,0.00005,0.05054,0.00000,0.84783,0.00000,0.00000,0.00145
41.63200,0.12794,0.10742,0.00000,0.00005,0.03906,0.00000,0.85210,0.00000,0.00000,0.00137
41.66400,0.12794,0.11947,0.00000,0.00005,0.02785,0.00000,0.85122,0.00000,0.00000,0.00141
41.69600,0.12794,0.10749,0.00000,0.00005,0.02631,0.00000,0.86514,0.00000,0.00000,0.00101
41.72800,0.12794,0.11182,0.00000,0.00006,0.02703,0.00000,0.85999,0.00000,0.00000,0.00110
41.76000,0.12794,0.10293,0.00000,0.00006,0.01608,0.00000,0.88008,0.00000,0.00000,0.00084
41.79200,0.12794,0.11022,0.00000,0.00006,0.01772,0.00000,0.87104,0.00000,0.00000,0.00096
41.82400,0.12794,0.12699,0.00000,0.00007,0.01925,0.00000,0.85237,0.00000,0.00000,0.00132
41.85600,0.12794,0.13279,0.00000,0.00007,0.01501,0.00000,0.85097,0.00000,0.00000,0.00115
41.88800,0.12794,0.16398,0.00000,0.00007,0.01270,0.00000,0.82178,0.00000,0.00000,0.00147
41.92000,0.12794,0.17704,0.00000,0.00012,0.01067,0.00000,0.81079,0.00000,0.00000,0.00138
41.95200,0.12794,0.16467,0.00000,0.00011,0.00665,0.00000,0.82768,0.00000,0.00000,0.00088
41.98400,0.12794,0.21768,0.00000,0.00015,0.03202,0.00000,0.74721,0.00000,0.00000,0.00294
42.01600,0.12794,0.18653,0.00000,0.00014,0.01301,0.00000,0.79916,0.00000,0.00000,0.00116
42.04800,0.12794,0.18743,0.00000,0.00015,0.01569,0.00000,0.79560,0.00000,0.00000,0.00112
42.08000,0.12794,0.19020,0.00000,0.00014,0.02376,0.00000,0.78471,0.00000,0.00000,0.00120
42.11200,0.12794,0.12258,0.00000,0.00007,0.00416,0.00000,0.87298,0.00000,0.00000,0.00022
42.14400,0.12794,0.11748,0.00000,0.00006,0.00973,0.00000,0.87247,0.00000,0.00000,0.00027
42.17600,0.12794,0.09452,0.00000,0.00004,0.00882,0.00000,0.89644,0.00000,0.00000,0.00018
42.20800,0.12794,0.09718,0.00000,0.00004,0.00502,0.00000,0.89760,0.00000,0.00000,0.00016
42.24000,0.12794,0.08936,0.00000,0.00004,0.00390,0.00000,0.90659,0.00000,0.00000,0.00011
42.27200,0.12794,0.08816,0.00000,0.00003,0.00153,0.00000,0.91020,0.00000,0.00000,0.00008
42.30400,0.12794,0.07533,0.00000,0.00003,0.00091,0.00000,0.92368,0.00000,0.00000,0.00006
42.33600,0.12794,0.06290,0.00000,0.00002,0.00092,0.00000,0.93611,0.00000,0.00000,0.00005
42.36800,0.12794,0.06992,0.00000,0.00003,0.00125,0.00000,0.92873,0.00000,0.00000,0.00007
42.40000,0.12794,0.06471,0.00000,0.00003,0.00285,0.00000,0.93230,0.00000,0.00000,0.00010
42.43200,0.12794,0.07463,0.00000,0.00003,0.00463,0.00000,0.92057,0.00000,0.00000,0.00013
42.46400,0.12794,0.07503,0.00000,0.00004,0.00448,0.00000,0.92034,0.00000,0.00000,0.00012
42.49600,0.12794,0.09654,0.00000,0.00004,0.00535,0.00000,0.89786,0.00000,0.00000,0.00021
42.52800,0.12794,0.10945,0.00000,0.00004,0.00653,0.00000,0.88365,0.00000,0.00000,0.00032
42.56000,0.12794,0.11200,0.00000,0.00005,0.01139,0.00000,0.87600,0.00000,0.00000,0.00056
42.59200,0.12794,0.10333,0.00000,0.00006,0.01538,0.00000,0.88026,0.00000,0.00000,0.00096
42.62400,0.12794,0.08783,0.00000,0.00006,0.02779,0.00000,0.88298,0.00000,0.00000,0.00135
42.65600,0.12794,0.07636,0.00000,0.00007,0.02936,0.00000,0.89277,0.00000,0.00000,0.00144
42.68800,0.12794,0.07445,0.00000,0.00007,0.01834,0.00000,0.90611,0.00000,0.00000,0.00104
42.72000,0.12794,0.07226,0.00000,0.00006,0.02119,0.00000,0.90566,0.00000,0.00000,0.00083
42.75200,0.12794,0.06226,0.00000,0.00007,0.00666,0.00000,0.93048,0.00000,0.00000,0.00053
42.78400,0.12794,0.04974,0.00000,0.00006,0.00269,0.00000,0.94722,0.00000,0.00000,0.00028
42.81600,0.12794,0.04157,0.00000,0.00006,0.00278,0.00000,0.95538,0.00000,0.00000,0.00022
42.84800,0.12794,0.03780,0.00000,0.00006,0.00181,0.00000,0.96013,0.00000,0.00000,0.00020
42.88000,0.12794,0.03996,0.00000,0.00006,0.00117,0.00000,0.95856,0.00000,0.00000,0.00025
42.91200,0.12794,0.04514,0.00000,0.00007,0.00072,0.00001,0.95379,0.00000,0.00000,0.00028
42.94400,0.12794,0.03368,0.00000,0.00005,0.00043,0.00000,0.96558,0.00000,0.00000,0.00025
42.97600,0.12794,0.03014,0.00000,0.00005,0.00066,0.00000,0.96883,0.00000,0.00000,0.00032
43.00800,0.12794,0.02933,0.00000,0.00003,0.00198,0.00000,0.96823,0.00000,0.00000,0.00043
43.04000,0.12794,0.02127,0.00000,0.00002,0.00492,0.00000,0.97327,0.00000,0.00000,0.00051
43.07200,0.12794,0.02477,0.00000,0.00003,0.01279,0.00000,0.96146,0.00000,0.00000,0.00095
43.10400,0.12794,0.02807,0.00000,0.00003,0.01794,0.00000,0.95237,0.00000,0.00000,0.00159
43.13600,0.12794,0.02984,0.00000,0.00004,0.06516,0.00000,0.90296,0.00000,0.00000,0.00200
43.16800,0.12794,0.05391,0.00000,0.00004,0.16800,0.00000,0.77220,0.00000,0.00000,0.00585
43.20000,0.12794,0.06592,0.00000,0.00004,0.21224,0.00000,0.71300,0.00000,0.00000,0.00880
43.23200,0.12794,0.06405,0.00000,0.00003,0.13530,0.00000,0.79377,0.00000,0.00000,0.00684
43.26400,0.12794,0.06466,0.00000,0.00004,0.04398,0.00000,0.88621,0.00000,0.00000,0.00511
43.29600,0.12794,0.04235,0.00000,0.00004,0.02331,0.00000,0.93166,0.00000,0.00000,0.00263
43.32800,0.12794,0.03891,0.00000,0.00005,0.00900,0.00000,0.95032,0.00000,0.00000,0.00171
43.36000,0.12794,0.04827,0.00000,0.00006,0.01524,0.00000,0.93346,0.00000,0.00000,0.00296
43.39200,0.12794,0.04317,0.00000,0.00009,0.02068,0.00000,0.93306,0.00000,0.00000,0.00299
43.42400,0.12794,0.03137,0.00000,0.00011,0.02233,0.00000,0.94449,0.00000,0.00000,0.00171
43.45600,0.12794,0.01509,0.00000,0.00009,0.08373,0.00000,0.90050,0.00000,0.00000,0.00058
43.48800,0.12794,0.00817,0.00000,0.00008,0.07815,0.00000,0.91345,0.00000,0.00000,0.00014
43.52000,0.12794,0.00806,0.00000,0.00006,0.06029,0.00000,0.93147,0.00000,0.00000,0.00012
43.55200,0.12794,0.01014,0.00000,0.00004,0.04292,0.00000,0.94674,0.00000,0.00000,0.00015
43.58400,0.12794,0.01166,0.00000,0.00004,0.01175,0.00000,0.97638,0.00000,0.00000,0.00016
43.61600,0.12794,0.01349,0.00000,0.00005,0.00692,0.00000,0.97938,0.00000,0.00000,0.00015
43.64800,0.12794,0.01140,0.00000,0.00006,0.00468,0.00000,0.98376,0.00000,0.00000,0.00010
43.68000,0.12794,0.01151,0.00000,0.00008,0.00496,0.00000,0.98338,0.00000,0.00000,0.00008
43.71200,0.12794,0.01657,0.00000,0.00013,0.00428,0.00000,0.97889,0.00000,0.00000,0.00013
43.74400,0.12794,0.01510,0.00000,0.00011,0.00491,0.00000,0.97976,0.00000,0.00000,0.00012
43.77600,0.12794,0.01501,0.00000,0.00012,0.00454,0.00001,0.98022,0.00000,0.00000,0.00010
43.80800,0.12794,0.02324,0.00000,0.00013,0.00694,0.00000,0.96940,0.00000,0.00000,0.00029
43.84000,0.12794,0.01794,0.00000,0.00010,0.00498,0.00000,0.97681,0.00000,0.00000,0.00017
43.87200,0.12794,0.02657,0.00000,0.00009,0.00593,0.00000,0.96680,0.00000,0.00000,0.00060
43.90400,0.12794,0.02558,0.00000,0.00007,0.01218,0.00000,0.96139,0.00000,0.00000,0.00077
43.93600,0.12794,0.01374,0.00000,0.00006,0.01178,0.00000,0.97408,0.00000,0.00000,0.00034
43.96800,0.12794,0.01336,0.00000,0.00007,0.02174,0.00000,0.96445,0.00000,0.00000,0.00039
44.00000,0.12794,0.01126,0.00000,0.00007,0.00596,0.00000,0.98253,0.00000,0.00000,0.00019
44.03200,0.12794,0.01709,0.00000,0.00010,0.00220,0.00000,0.98037,0.00000,0.00000,0.00025
44.06400,0.12794,0.02255,0.00000,0.00012,0.00117,0.00000,0.97588,0.00000,0.00000,0.00026
44.09600,0.12794,0.02454,0.00000,0.00013,0.00181,0.00000,0.97306,0.00000,0.00000,0.00045
44.12800,0.12794,0.02708,0.00000,0.00012,0.00911,0.00000,0.96254,0.00000,0.00000,0.00115
44.16000,0.12794,0.01365,0.00000,0.00007,0.01475,0.00000,0.97098,0.00000,0.00000,0.00055
44.19200,0.12794,0.00618,0.00000,0.00004,0.15611,0.00000,0.83752,0.00000,0.00000,0.00015
44.22400,0.12794,0.00760,0.00000,0.00005,0.14543,0.00000,0.84669,0.00000,0.00000,0.00022
44.25600,0.12794,0.00962,0.00000,0.00006,0.10400,0.00000,0.88608,0.00000,0.00000,0.00023
44.28800,0.12794,0.01804,0.00000,0.00009,0.07392,0.00000,0.90725,0.00000,0.00000,0.00070
44.32000,0.12794,0.03867,0.00000,0.00012,0.01955,0.00000,0.93844,0.00000,0.00000,0.00321
44.35200,0.12794,0.03788,0.00000,0.00005,0.01853,0.00000,0.94187,0.00000,0.00000,0.00167
44.38400,0.12794,0.03423,0.00000,0.00003,0.03440,0.00000,0.92961,0.00000,0.00000,0.00174
44.41600,0.12794,0.03803,0.00000,0.00002,0.06947,0.00000,0.89017,0.00000,0.00000,0.00231
44.44800,0.12794,0.04519,0.00000,0.00001,0.05750,0.00000,0.89442,0.00000,0.00000,0.00287
44.48000,0.12794,0.06325,0.00000,0.00002,0.15739,0.00000,0.77084,0.00000,0.00000,0.00849
44.51200,0.12794,0.06444,0.00000,0.00003,0.14840,0.00000,0.78008,0.00000,0.00000,0.00704
44.54400,0.12794,0.05733,0.00000,0.00004,0.15556,0.00000,0.78086,0.00000,0.00000,0.00621
44.57600,0.12794,0.04504,0.00000,0.00004,0.13999,0.00000,0.80980,0.00000,0.00000,0.00512
44.60800,0.12794,0.02121,0.00000,0.00002,0.05096,0.00000,0.92642,0.00000,0.00000,0.00138
44.64000,0.12794,0.01343,0.00000,0.00002,0.03016,0.00000,0.95585,0.00000,0.00000,0.00054
44.67200,0.12794,0.01038,0.00000,0.00002,0.01124,0.00000,0.97805,0.00000,0.00000,0.00031
44.70400,0.12794,0.01139,0.00000,0.00002,0.00401,0.00000,0.98437,0.00000,0.00000,0.00021
44.73600,0.12794,0.01000,0.00000,0.00002,0.00361,0.00000,0.98624,0.00000,0.00000,0.00014
44.76800,0.12794,0.03239,0.00000,0.00005,0.00775,0.00000,0.95913,0.00000,0.00000,0.00067
44.80000,0.12794,0.04952,0.00000,0.00008,0.01495,0.00000,0.93457,0.00000,0.00000,0.00088
44.83200,0.12794,0.05519,0.00000,0.00011,0.01199,0.00000,0.93184,0.00000,0.00000,0.00088
44.86400,0.12794,0.07559,0.00000,0.00016,0.00272,0.00001,0.92060,0.00000,0.00000,0.00092
44.89600,0.12794,0.03198,0.00000,0.00007,0.00069,0.00000,0.96703,0.00000,0.00000,0.00023
44.92800,0.12794,0.02530,0.00000,0.00005,0.00026,0.00000,0.97422,0.00000,0.00000,0.00017
44.96000,0.12794,0.02591,0.00000,0.00005,0.00074,0.00000,0.97308,0.00000,0.00000,0.00022
44.99200,0.12794,0.02418,0.00000,0.00006,0.00068,0.00000,0.97488,0.00000,0.00000,0.00021
45.02400,0.12794,0.02677,0.00000,0.00004,0.00081,0.00000,0.97221,0.00000,0.00000,0.00017
45.05600,0.12794,0.02652,0.00000,0.00004,0.00156,0.00000,0.97176,0.00000,0.00000,0.00011
45.08800,0.12794,0.02716,0.00000,0.00004,0.00197,0.00000,0.97076,0.00000,0.00000,0.00006
45.12000,0.12794,0.03008,0.00000,0.00004,0.00276,0.00000,0.96705,0.00000,0.00000,0.00006
45.15200,0.12794,0.03025,0.00000,0.00005,0.00141,0.00000,0.96823,0.00000,0.00000,0.00006
45.18400,0.12794,0.02395,0.00000,0.00004,0.00083,0.00000,0.97514,0.00000,0.00000,0.00005
45.21600,0.12794,0.02251,0.00000,0.00003,0.00027,0.00000,0.97713,0.00000,0.00000,0.00005
45.24800,0.12794,0.02026,0.00000,0.00003,0.00088,0.00000,0.97876,0.00000,0.00000,0.00007
45.28000,0.12794,0.02309,0.00000,0.00003,0.00051,0.00000,0.97630,0.00000,0.00000,0.00007
45.31200,0.12794,0.04015,0.00000,0.00005,0.00100,0.00000,0.95859,0.00000,0.00000,0.00022
45.34400,0.12794,0.04763,0.00000,0.00005,0.00378,0.00000,0.94802,0.00000,0.00000,0.00051
45.37600,0.12794,0.05587,0.00000,0.00004,0.00703,0.00000,0.93634,0.00000,0.00000,0.00072
45.40800,0.12794,0.05271,0.00000,0.00003,0.03070,0.00000,0.91565,0.00000,0.00000,0.00090
45.44000,0.12794,0.05357,0.00000,0.00003,0.02417,0.00000,0.92134,0.00000,0.00000,0.00089
45.47200,0.12794,0.06883,0.00000,0.00005,0.01732,0.00000,0.91295,0.00000,0.00000,0.00085
45.50400,0.12794,0.07848,0.00000,0.00006,0.00898,0.00000,0.91190,0.00000,0.00000,0.00059
45.53600,0.12794,0.08936,0.00000,0.00010,0.01609,0.00000,0.89347,0.00000,0.00000,0.00097
45.56800,0.12794,0.08099,0.00000,0.00009,0.02995,0.00000,0.88820,0.00000,0.00000,0.00077
45.60000,0.12794,0.06588,0.00000,0.00008,0.07103,0.00000,0.86240,0.00000,0.00000,0.00062
45.63200,0.12794,0.05392,0.00000,0.00006,0.12854,0.00000,0.81690,0.00000,0.00000,0.00058
45.66400,0.12794,0.04967,0.00000,0.00005,0.07628,0.00000,0.87359,0.00000,0.00000,0.00041
45.69600,0.12794,0.05872,0.00000,0.00005,0.06243,0.00000,0.87807,0.00000,0.00000,0.00073
45.72800,0.12794,0.04914,0.00000,0.00004,0.02035,0.00000,0.93003,0.00000,0.00000,0.00043
45.76000,0.12794,0.05940,0.00000,0.00006,0.00984,0.00000,0.93004,0.00000,0.00000,0.00066
45.79200,0.12794,0.04549,0.00000,0.00004,0.00534,0.00000,0.94861,0.00000,0.00000,0.00052
45.82400,0.12794,0.02846,0.00000,0.00005,0.00186,0.00000,0.96943,0.00000,0.00000,0.00020
45.85600,0.12794,0.03281,0.00000,0.00006,0.00109,0.00000,0.96585,0.00000,0.00000,0.00020
45.88800,0.12794,0.03202,0.00000,0.00005,0.00090,0.00000,0.96689,0.00000,0.00000,0.00013
45.92000,0.12794,0.04408,0.00000,0.00010,0.00120,0.00000,0.95446,0.00000,0.00000,0.00016
45.95200,0.12794,0.05838,0.00000,0.00010,0.00197,0.00000,0.93931,0.00000,0.00000,0.00023
45.98400,0.12794,0.05583,0.00000,0.00009,0.00339,0.00000,0.94041,0.00000,0.00000,0.00028
46.01600,0.12794,0.05903,0.00000,0.00011,0.00436,0.00000,0.93617,0.00000,0.00000,0.00035
46.04800,0.12794,0.05540,0.00000,0.00008,0.00519,0.00000,0.93895,0.00000,0.00000,0.00037
46.08000,0.12794,0.06094,0.00000,0.00009,0.00694,0.00000,0.93162,0.00000,0.00000,0.00041
46.11200,0.12794,0.06804,0.00000,0.00012,0.00726,0.00000,0.92399,0.00000,0.00000,0.00058
46.14400,0.12794,0.06403,0.00000,0.00010,0.00753,0.00000,0.92770,0.00000,0.00000,0.00064
46.17600,0.12794,0.07961,0.00000,0.00013,0.01441,0.00000,0.90483,0.00000,0.00000,0.00102
46.20800,0.12794,0.08611,0.00000,0.00009,0.02149,0.00000,0.89088,0.00000,0.00000,0.00143
46.24000,0.12794,0.08868,0.00000,0.00007,0.03244,0.00000,0.87766,0.00000,0.00000,0.00115
46.27200,0.12794,0.09904,0.00000,0.00005,0.05993,0.00000,0.83952,0.00000,0.00000,0.00147
46.30400,0.12794,0.10591,0.00000,0.00004,0.04781,0.00000,0.84494,0.00000,0.00000,0.00131
46.33600,0.12794,0.12734,0.00000,0.00004,0.04019,0.00000,0.83097,0.00000,0.00000,0.00145
46.36800,0.12794,0.12687,0.00000,0.00004,0.03491,0.00000,0.83686,0.00000,0.00000,0.00132
46.40000,0.12794,0.13535,0.00000,0.00007,0.04524,0.00000,0.81789,0.00000,0.00000,0.00146
46.43200,0.12794,0.12657,0.00000,0.00008,0.05268,0.00000,0.81912,0.00000,0.00000,0.00155
46.46400,0.12794,0.10669,0.00000,0.00007,0.05543,0.00000,0.83640,0.00000,0.00000,0.00141
46.49600,0.12794,0.11846,0.00000,0.00007,0.04211,0.00000,0.83774,0.00000,0.00000,0.00162
46.52800,0.12794,0.11870,0.00000,0.00006,0.03209,0.00000,0.84775,0.00000,0.00000,0.00140
46.56000,0.12794,0.12351,0.00000,0.00007,0.01955,0.00000,0.85565,0.00000,0.00000,0.00123
46.59200,0.12794,0.14395,0.00000,0.00010,0.01431,0.00000,0.84045,0.00000,0.00000,0.00119
46.62400,0.12794,0.20873,0.00000,0.00017,0.01715,0.00000,0.77186,0.00000,0.00000,0.00209
46.65600,0.12794,0.18698,0.00000,0.00016,0.00844,0.00000,0.80335,0.00000,0.00000,0.00107
46.68800,0.12794,0.14260,0.00000,0.00023,0.01630,0.00000,0.84016,0.00000,0.00000,0.00072
46.72000,0.12794,0.15513,0.00000,0.00018,0.02378,0.00000,0.82007,0.00000,0.00000,0.00083
46.75200,0.12794,0.11308,0.00000,0.00011,0.02167,0.00000,0.86470,0.00000,0.00000,0.00044
46.78400,0.12794,0.12198,0.00000,0.00007,0.02984,0.00000,0.84746,0.00000,0.00000,0.00065
46.81600,0.12794,0.14820,0.00000,0.00005,0.01214,0.00000,0.83908,0.00000,0.00000,0.00053
46.84800,0.12794,0.12705,0.00000,0.00004,0.00585,0.00000,0.86674,0.00000,0.00000,0.00032
46.88000,0.12794,0.09721,0.00000,0.00003,0.00267,0.00000,0.89996,0.00000,0.00000,0.00014
46.91200,0.12794,0.09532,0.00000,0.00003,0.00094,0.00000,0.90363,0.00000,0.00000,0.00009
46.94400,0.12794,0.09159,0.00000,0.00003,0.00076,0.00000,0.90754,0.00000,0.00000,0.00008
46.97600,0.12794,0.07699,0.00000,0.00002,0.00076,0.00000,0.92217,0.00000,0.00000,0.00006
47.00800,0.12794,0.08395,0.00000,0.00003,0.00087,0.00000,0.91508,0.00000,0.00000,0.00008
47.04000,0.12794,0.06992,0.00000,0.00003,0.00109,0.00000,0.92888,0.00000,0.00000,0.00007
47.07200,0.12794,0.05643,0.00000,0.00002,0.00151,0.00000,0.94198,0.00000,0.00000,0.00006
47.10400,0.12794,0.06820,0.00000,0.00002,0.00223,0.00000,0.92945,0.00000,0.00000,0.00010
47.13600,0.12794,0.06223,0.00000,0.00002,0.00297,0.00000,0.93468,0.00000,0.00000,0.00009
47.16800,0.12794,0.07738,0.00000,0.00003,0.00850,0.00000,0.91386,0.00000,0.00000,0.00023
47.20000,0.12794,0.10128,0.00000,0.00004,0.01177,0.00000,0.88636,0.00000,0.00000,0.00054
47.23200,0.12794,0.09284,0.00000,0.00005,0.01169,0.00000,0.89479,0.00000,0.00000,0.00063
47.26400,0.12794,0.09483,0.00000,0.00006,0.01024,0.00000,0.89395,0.00000,0.00000,0.00093
47.29600,0.12794,0.07056,0.00000,0.00006,0.00441,0.00000,0.92442,0.00000,0.00000,0.00055
47.32800,0.12794,0.05384,0.00000,0.00006,0.00267,0.00000,0.94305,0.00000,0.00000,0.00037
47.36000,0.12794,0.05680,0.00000,0.00007,0.00426,0.00000,0.93845,0.00000,0.00000,0.00042
47.39200,0.12794,0.06151,0.00000,0.00006,0.00508,0.00000,0.93289,0.00000,0.00000,0.00046
47.42400,0.12794,0.06741,0.00000,0.00005,0.01039,0.00000,0.92147,0.00000,0.00000,0.00068
47.45600,0.12794,0.06084,0.00000,0.00005,0.00690,0.00000,0.93170,0.00000,0.00000,0.00051
47.48800,0.12794,0.05100,0.00000,0.00005,0.00426,0.00000,0.94439,0.00000,0.00000,0.00030
47.52000,0.12794,0.03221,0.00000,0.00004,0.00341,0.00000,0.96420,0.00000,0.00000,0.00014
47.55200,0.12794,0.02872,0.00000,0.00004,0.00080,0.00000,0.97033,0.00000,0.00000,0.00010
47.58400,0.12794,0.02708,0.00000,0.00006,0.00051,0.00000,0.97225,0.00000,0.00000,0.00010
47.61600,0.12794,0.04129,0.00000,0.00008,0.00063,0.00000,0.95774,0.00000,0.00000,0.00026
47.64800,0.12794,0.04044,0.00000,0.00009,0.00078,0.00000,0.95842,0.00000,0.00000,0.00027
47.68000,0.12794,0.03495,0.00000,0.00006,0.00217,0.00000,0.96255,0.00000,0.00000,0.00028
47.71200,0.12794,0.03092,0.00000,0.00004,0.00706,0.00000,0.96163,0.00000,0.00000,0.00035
47.74400,0.12794,0.01860,0.00000,0.00002,0.01946,0.00000,0.96160,0.00000,0.00000,0.00033
47.77600,0.12794,0.03486,0.00000,0.00002,0.04907,0.00000,0.91444,0.00000,0.00000,0.00162
47.80800,0.12794,0.03713,0.00000,0.00002,0.20730,0.00000,0.75311,0.00000,0.00000,0.00244
47.84000,0.12794,0.06207,0.00000,0.00002,0.28176,0.00000,0.64909,0.00000,0.00000,0.00706
47.87200,0.12794,0.07215,0.00000,0.00003,0.15276,0.00000,0.76886,0.00000,0.00000,0.00620
47.90400,0.12794,0.05619,0.00000,0.00003,0.08847,0.00000,0.85042,0.00000,0.00000,0.00488
47.93600,0.12794,0.07149,0.00000,0.00005,0.02455,0.00000,0.89830,0.00000,0.00000,0.00561
47.96800,0.12794,0.06320,0.00000,0.00007,0.02386,0.00000,0.90787,0.00000,0.00000,0.00501
48.00000,0.12794,0.06420,0.00000,0.00007,0.02267,0.00000,0.90742,0.00000,0.00000,0.00563
48.03200,0.12794,0.06281,0.00000,0.00010,0.05014,0.00000,0.87977,0.00000,0.00000,0.00717
48.06400,0.12794,0.04245,0.00000,0.00012,0.13994,0.00000,0.81133,0.00000,0.00000,0.00616
48.09600,0.12794,0.03838,0.00000,0.00016,0.16875,0.00000,0.78552,0.00000,0.00000,0.00720
48.12800,0.12794,0.01654,0.00000,0.00011,0.32653,0.00000,0.65464,0.00000,0.00000,0.00219
48.16000,0.12794,0.00759,0.00000,0.00007,0.49433,0.00000,0.49771,0.00000,0.00000,0.00031
48.19200,0.12794,0.01079,0.00000,0.00008,0.25846,0.00000,0.73040,0.00000,0.00000,0.00028
48.22400,0.12794,0.01089,0.00000,0.00004,0.29091,0.00000,0.69789,0.00000,0.00000,0.00028
48.25600,0.12794,0.02000,0.00000,0.00005,0.11894,0.00000,0.86045,0.00000,0.00000,0.00057
48.28800,0.12794,0.02520,0.00000,0.00006,0.03787,0.00000,0.93611,0.00000,0.00000,0.00075
48.32000,0.12794,0.01924,0.00000,0.00005,0.05309,0.00000,0.92715,0.00000,0.00000,0.00047
48.35200,0.12794,0.01210,0.00000,0.00007,0.03059,0.00000,0.95705,0.00000,0.00000,0.00018
48.38400,0.12794,0.01100,0.00000,0.00007,0.04410,0.00000,0.94467,0.00000,0.00000,0.00017
48.41600,0.12794,0.01269,0.00000,0.00008,0.02008,0.00000,0.96693,0.00000,0.00000,0.00023
48.44800,0.12794,0.01293,0.00000,0.00008,0.00947,0.00000,0.97733,0.00000,0.00000,0.00018
48.48000,0.12794,0.01600,0.00000,0.00008,0.00426,0.00000,0.97945,0.00000,0.00000,0.00020
48.51200,0.12794,0.01563,0.00000,0.00007,0.00522,0.00000,0.97891,0.00000,0.00000,0.00016
48.54400,0.12794,0.01669,0.00000,0.00008,0.01228,0.00000,0.97069,0.00000,0.00000,0.00025
48.57600,0.12794,0.01673,0.00000,0.00008,0.03653,0.00000,0.94626,0.00000,0.00000,0.00039
48.60800,0.12794,0.01492,0.00000,0.00009,0.11023,0.00000,0.87430,0.00000,0.00000,0.00047
48.64000,0.12794,0.02008,0.00000,0.00014,0.07127,0.00000,0.90761,0.00000,0.00000,0.00090
48.67200,0.12794,0.02646,0.00000,0.00010,0.05454,0.00000,0.91779,0.00000,0.00000,0.00111
48.70400,0.12794,0.02706,0.00000,0.00009,0.04827,0.00000,0.92367,0.00000,0.00000,0.00091
48.73600,0.12794,0.02792,0.00000,0.00011,0.02349,0.00000,0.94766,0.00000,0.00000,0.00081
48.76800,0.12794,0.02312,0.00000,0.00010,0.03679,0.00000,0.93922,0.00000,0.00000,0.00077
48.80000,0.12794,0.01616,0.00000,0.00009,0.09799,0.00000,0.88501,0.00000,0.00000,0.00075
48.83200,0.12794,0.02190,0.00000,0.00012,0.10796,0.00000,0.86820,0.00000,0.00000,0.00182
48.86400,0.12794,0.01533,0.00000,0.00008,0.19246,0.00000,0.79076,0.00000,0.00000,0.00137
48.89600,0.12794,0.02256,0.00000,0.00008,0.14032,0.00000,0.83496,0.00000,0.00000,0.00207
48.92800,0.12794,0.03656,0.00000,0.00010,0.06266,0.00000,0.89779,0.00000,0.00000,0.00288
48.96000,0.12794,0.04443,0.00000,0.00008,0.04261,0.00000,0.90957,0.00000,0.00000,0.00331
48.99200,0.12794,0.05615,0.00000,0.00007,0.02792,0.00000,0.91206,0.00000,0.00000,0.00380
49.02400,0.12794,0.04740,0.00000,0.00005,0.01790,0.00000,0.93240,0.00000,0.00000,0.00225
49.05600,0.12794,0.06041,0.00000,0.00006,0.02592,0.00000,0.90973,0.00000,0.00000,0.00388
49.08800,0.12794,0.06119,0.00000,0.00004,0.05411,0.00000,0.87924,0.00000,0.00000,0.00543
49.12000,0.12794,0.08520,0.00000,0.00003,0.06896,0.00000,0.83525,0.00000,0.00000,0.01056
49.15200,0.12794,0.10761,0.00000,0.00005,0.13103,0.00000,0.74146,0.00000,0.00000,0.01985
49.18400,0.12794,0.08074,0.00000,0.00006,0.10425,0.00000,0.80362,0.00000,0.00000,0.01134
49.21600,0.12794,0.07627,0.00000,0.00006,0.09480,0.00000,0.81944,0.00000,0.00000,0.00942
49.24800,0.12794,0.06719,0.00000,0.00006,0.15973,0.00000,0.76322,0.00000,0.00000,0.00980
49.28000,0.12794,0.03380,0.00000,0.00004,0.18722,0.00000,0.77546,0.00000,0.00000,0.00347
49.31200,0.12794,0.02228,0.00000,0.00003,0.16603,0.00000,0.80979,0.00000,0.00000,0.00187
49.34400,0.12794,0.02248,0.00000,0.00003,0.10988,0.00000,0.86633,0.00000,0.00000,0.00127
49.37600,0.12794,0.01727,0.00000,0.00003,0.01789,0.00000,0.96446,0.00000,0.00000,0.00034
49.40800,0.12794,0.01889,0.00000,0.00003,0.00993,0.00000,0.97086,0.00000,0.00000,0.00028
49.44000,0.12794,0.03734,0.00000,0.00003,0.01062,0.00000,0.95143,0.00000,0.00000,0.00057
49.47200,0.12794,0.04889,0.00000,0.00005,0.00617,0.00000,0.94430,0.00000,0.00000,0.00059
49.50400,0.12794,0.05565,0.00000,0.00005,0.00332,0.00000,0.94008,0.00000,0.00000,0.00089
49.53600,0.12794,0.06705,0.00000,0.00008,0.00108,0.00000,0.93090,0.00000,0.00000,0.00089
49.56800,0.12794,0.04024,0.00000,0.00006,0.00021,0.00000,0.95917,0.00000,0.00000,0.00032
49.60000,0.12794,0.02045,0.00000,0.00004,0.00017,0.00000,0.97921,0.00000,0.00000,0.00014
49.63200,0.12794,0.02120,0.00000,0.00005,0.00029,0.00000,0.97832,0.00000,0.00000,0.00014
49.66400,0.12794,0.01808,0.00000,0.00004,0.00025,0.00000,0.98154,0.00000,0.00000,0.00009
49.69600,0.12794,0.02277,0.00000,0.00007,0.00066,0.00001,0.97639,0.00000,0.00000,0.00011
49.72800,0.12794,0.02956,0.00000,0.00009,0.00098,0.00001,0.96925,0.00000,0.00000,0.00011
49.76000,0.12794,0.02981,0.00000,0.00009,0.00275,0.00001,0.96726,0.00000,0.00000,0.00009
49.79200,0.12794,0.03012,0.00000,0.00006,0.00400,0.00001,0.96574,0.00000,0.00000,0.00007
49.82400,0.12794,0.02450,0.00000,0.00004,0.00165,0.00000,0.97374,0.00000,0.00000,0.00006
49.85600,0.12794,0.02140,0.00000,0.00004,0.00112,0.00000,0.97741,0.00000,0.00000,0.00004
49.88800,0.12794,0.02142,0.00000,0.00003,0.00073,0.00000,0.97777,0.00000,0.00000,0.00005
49.92000,0.12794,0.02061,0.00000,0.00003,0.00163,0.00000,0.97768,0.00000,0.00000,0.00006
49.95200,0.12794,0.02184,0.00000,0.00003,0.00259,0.00000,0.97546,0.00000,0.00000,0.00008
49.98400,0.12794,0.03580,0.00000,0.00003,0.00339,0.00000,0.96051,0.00000,0.00000,0.00027
50.01600,0.12794,0.04289,0.00000,0.00002,0.00363,0.00000,0.95308,0.00000,0.00000,0.00037
50.04800,0.12794,0.05392,0.00000,0.00002,0.00449,0.00000,0.94099,0.00000,0.00000,0.00057
50.08000,0.12794,0.06074,0.00000,0.00003,0.00312,0.00000,0.93571,0.00000,0.00000,0.00040
50.11200,0.12794,0.05941,0.00000,0.00002,0.00220,0.00000,0.93810,0.00000,0.00000,0.00028
50.14400,0.12794,0.06655,0.00000,0.00003,0.00164,0.00000,0.93150,0.00000,0.00000,0.00028
50.17600,0.12794,0.07680,0.00000,0.00003,0.00109,0.00000,0.92178,0.00000,0.00000,0.00030
50.20800,0.12794,0.08904,0.00000,0.00003,0.00318,0.00000,0.90716,0.00000,0.00000,0.00058
50.24000,0.12794,0.08475,0.00000,0.00004,0.00594,0.00000,0.90866,0.00000,0.00000,0.00061
50.27200,0.12794,0.08519,0.00000,0.00004,0.01775,0.00000,0.89616,0.00000,0.00000,0.00085
50.30400,0.12794,0.07593,0.00000,0.00004,0.03924,0.00000,0.88387,0.00000,0.00000,0.00092
50.33600,0.12794,0.07648,0.00000,0.00004,0.05983,0.00000,0.86227,0.00000,0.00000,0.00138
50.36800,0.12794,0.07716,0.00000,0.00004,0.05088,0.00000,0.87020,0.00000,0.00000,0.00172
50.40000,0.12794,0.05707,0.00000,0.00004,0.03281,0.00000,0.90917,0.00000,0.00000,0.00092
50.43200,0.12794,0.05930,0.00000,0.00005,0.02747,0.00000,0.91222,0.00000,0.00000,0.00096
50.46400,0.12794,0.04988,0.00000,0.00007,0.01723,0.00000,0.93224,0.00000,0.00000,0.00058
50.49600,0.12794,0.05416,0.00000,0.00008,0.01909,0.00000,0.92603,0.00000,0.00000,0.00064
50.52800,0.12794,0.06075,0.00000,0.00009,0.01481,0.00000,0.92346,0.00000,0.00000,0.00089
50.56000,0.12794,0.05613,0.00000,0.00009,0.01093,0.00000,0.93216,0.00000,0.00000,0.00069
50.59200,0.12794,0.05980,0.00000,0.00007,0.01558,0.00000,0.92356,0.00000,0.00000,0.00099
50.62400,0.12794,0.04931,0.00000,0.00007,0.02116,0.00000,0.92856,0.00000,0.00000,0.00089
50.65600,0.12794,0.04611,0.00000,0.00007,0.03565,0.00000,0.91751,0.00000,0.00000,0.00067
50.68800,0.12794,0.05749,0.00000,0.00008,0.05239,0.00000,0.88906,0.00000,0.00000,0.00099
50.72000,0.12794,0.05369,0.00000,0.00008,0.02322,0.00000,0.92237,0.00000,0.00000,0.00064
50.75200,0.12794,0.05439,0.00000,0.00007,0.00649,0.00000,0.93863,0.00000,0.00000,0.00043
50.78400,0.12794,0.05667,0.00000,0.00008,0.00202,0.00000,0.94079,0.00000,0.00000,0.00045
50.81600,0.12794,0.05076,0.00000,0.00007,0.00090,0.00000,0.94797,0.00000,0.00000,0.00029
50.84800,0.12794,0.05845,0.00000,0.00008,0.00231,0.00000,0.93878,0.00000,0.00000,0.00038
50.88000,0.12794,0.07005,0.00000,0.00008,0.00660,0.00000,0.92270,0.00000,0.00000,0.00057
50.91200,0.12794,0.07041,0.00000,0.00007,0.01193,0.00000,0.91706,0.00000,0.00000,0.00053
50.94400,0.12794,0.07883,0.00000,0.00006,0.04595,0.00000,0.87438,0.00000,0.00000,0.00079
50.97600,0.12794,0.08715,0.00000,0.00004,0.03892,0.00000,0.87311,0.00000,0.00000,0.00078
51.00800,0.12794,0.10305,0.00000,0.00003,0.05187,0.00000,0.84398,0.00000,0.00000,0.00106
51.04000,0.12794,0.11188,0.00000,0.00003,0.04566,0.00000,0.84135,0.00000,0.00000,0.00107
51.07200,0.12794,0.12207,0.00000,0.00004,0.02356,0.00000,0.85323,0.00000,0.00000,0.00110
51.10400,0.12794,0.11397,0.00000,0.00005,0.01949,0.00000,0.86541,0.00000,0.00000,0.00108
51.13600,0.12794,0.11358,0.00000,0.00008,0.01403,0.00000,0.87129,0.00000,0.00000,0.00102
51.16800,0.12794,0.12472,0.00000,0.00008,0.01753,0.00000,0.85632,0.00000,0.00000,0.00135
51.20000,0.12794,0.14228,0.00000,0.00011,0.02119,0.00000,0.83476,0.00000,0.00000,0.00166
51.23200,0.12794,0.16249,0.00000,0.00010,0.02166,0.00000,0.81361,0.00000,0.00000,0.00213
51.26400,0.12794,0.17808,0.00000,0.00009,0.02003,0.00000,0.79982,0.00000,0.00000,0.00198
51.29600,0.12794,0.18535,0.00000,0.00010,0.01703,0.00000,0.79574,0.00000,0.00000,0.00179
51.32800,0.12794,0.16693,0.00000,0.00008,0.00516,0.00000,0.82711,0.00000,0.00000,0.00073
51.36000,0.12794,0.13440,0.00000,0.00008,0.00175,0.00000,0.86360,0.00000,0.00000,0.00016
51.39200,0.12794,0.11358,0.00000,0.00006,0.00108,0.00000,0.88518,0.00000,0.00000,0.00008
51.42400,0.12794,0.10105,0.00000,0.00005,0.00125,0.00000,0.89757,0.00000,0.00000,0.00007
51.45600,0.12794,0.09139,0.00000,0.00005,0.00226,0.00000,0.90622,0.00000,0.00000,0.00008
51.48800,0.12794,0.09258,0.00000,0.00005,0.00405,0.00000,0.90320,0.00000,0.00000,0.00012
51.52000,0.12794,0.08753,0.00000,0.00004,0.00493,0.00000,0.90736,0.00000,0.00000,0.00013
51.55200,0.12794,0.09084,0.00000,0.00005,0.00259,0.00000,0.90640,0.00000,0.00000,0.00012
51.58400,0.12794,0.08493,0.00000,0.00005,0.00124,0.00000,0.91370,0.00000,0.00000,0.00008
51.61600,0.12794,0.09164,0.00000,0.00005,0.00105,0.00000,0.90718,0.00000,0.00000,0.00009
51.64800,0.12794,0.07129,0.00000,0.00004,0.00075,0.00000,0.92787,0.00000,0.00000,0.00005
51.68000,0.12794,0.07728,0.00000,0.00004,0.00124,0.00000,0.92137,0.00000,0.00000,0.00007
51.71200,0.12794,0.07272,0.00000,0.00003,0.00295,0.00000,0.92422,0.00000,0.00000,0.00008
51.74400,0.12794,0.08707,0.00000,0.00003,0.00828,0.00000,0.90444,0.00000,0.00000,0.00018
51.77600,0.12794,0.09813,0.00000,0.00002,0.01092,0.00000,0.89061,0.00000,0.00000,0.00032
51.80800,0.12794,0.08824,0.00000,0.00002,0.00863,0.00000,0.90285,0.00000,0.00000,0.00025
51.84000,0.12794,0.12487,0.00000,0.00004,0.01361,0.00000,0.86087,0.00000,0.00000,0.00060
51.87200,0.12794,0.13066,0.00000,0.00006,0.01479,0.00000,0.85371,0.00000,0.00000,0.00079
51.90400,0.12794,0.14264,0.00000,0.00007,0.02814,0.00000,0.82775,0.00000,0.00000,0.00140
51.93600,0.12794,0.14262,0.00000,0.00009,0.04595,0.00000,0.80852,0.00000,0.00000,0.00282
51.96800,0.12794,0.12818,0.00000,0.00011,0.04059,0.00000,0.82771,0.00000,0.00000,0.00340
52.00000,0.12794,0.10292,0.00000,0.00013,0.03489,0.00000,0.85935,0.00000,0.00000,0.00270
52.03200,0.12794,0.09194,0.00000,0.00011,0.01619,0.00000,0.89006,0.00000,0.00000,0.00171
52.06400,0.12794,0.09247,0.00000,0.00008,0.01166,0.00000,0.89449,0.00000,0.00000,0.00129
52.09600,0.12794,0.06865,0.00000,0.00005,0.00701,0.00000,0.92364,0.00000,0.00000,0.00065
52.12800,0.12794,0.05663,0.00000,0.00004,0.00282,0.00000,0.94015,0.00000,0.00000,0.00036
52.16000,0.12794,0.04667,0.00000,0.00004,0.00199,0.00000,0.95106,0.00000,0.00000,0.00024
52.19200,0.12794,0.04363,0.00000,0.00005,0.00227,0.00000,0.95379,0.00000,0.00000,0.00026
52.22400,0.12794,0.03854,0.00000,0.00005,0.00051,0.00000,0.96067,0.00000,0.00000,0.00022
52.25600,0.12794,0.04103,0.00000,0.00008,0.00041,0.00000,0.95822,0.00000,0.00000,0.00026
52.28800,0.12794,0.07096,0.00000,0.00018,0.00142,0.00001,0.92653,0.00000,0.00000,0.00091
52.32000,0.12794,0.05417,0.00000,0.00015,0.00133,0.00001,0.94355,0.00000,0.00000,0.00080
52.35200,0.12794,0.05897,0.00000,0.00014,0.00302,0.00000,0.93671,0.00000,0.00000,0.00116
52.38400,0.12794,0.04575,0.00000,0.00008,0.00384,0.00000,0.94917,0.00000,0.00000,0.00116
52.41600,0.12794,0.03031,0.00000,0.00005,0.00252,0.00000,0.96605,0.00000,0.00000,0.00107
52.44800,0.12794,0.04188,0.00000,0.00007,0.00817,0.00000,0.94703,0.00000,0.00000,0.00285
52.48000,0.12794,0.05580,0.00000,0.00012,0.03025,0.00000,0.90858,0.00000,0.00000,0.00525
52.51200,0.12794,0.07541,0.00000,0.00011,0.06634,0.00000,0.84951,0.00000,0.00000,0.00862
52.54400,0.12794,0.09865,0.00000,0.00011,0.10686,0.00000,0.78227,0.00000,0.00000,0.01210
52.57600,0.12794,0.09411,0.00000,0.00008,0.04613,0.00000,0.85176,0.00000,0.00000,0.00791
52.60800,0.12794,0.08153,0.00000,0.00007,0.01933,0.00000,0.89382,0.00000,0.00000,0.00525
52.64000,0.12794,0.06822,0.00000,0.00011,0.01016,0.00001,0.91699,0.00000,0.00000,0.00451
52.67200,0.12794,0.05319,0.00000,0.00009,0.00547,0.00000,0.93828,0.00000,0.00000,0.00296
52.70400,0.12794,0.05454,0.00000,0.00013,0.00694,0.00000,0.93436,0.00000,0.00000,0.00403
52.73600,0.12794,0.05104,0.00000,0.00015,0.01037,0.00000,0.93210,0.00000,0.00000,0.00633
52.76800,0.12794,0.04346,0.00000,0.00010,0.01035,0.00000,0.94124,0.00000,0.00000,0.00484
52.80000,0.12794,0.02922,0.00000,0.00015,0.00455,0.00000,0.96361,0.00000,0.00000,0.00246
52.83200,0.12794,0.02198,0.00000,0.00016,0.00319,0.00000,0.97317,0.00000,0.00000,0.00150
52.86400,0.12794,0.02644,0.00000,0.00010,0.00436,0.00000,0.96771,0.00000,0.00000,0.00138
52.89600,0.12794,0.04132,0.00000,0.00013,0.00527,0.00000,0.95096,0.00000,0.00000,0.00231
52.92800,0.12794,0.04994,0.00000,0.00009,0.00612,0.00000,0.94142,0.00000,0.00000,0.00243
52.96000,0.12794,0.06216,0.00000,0.00010,0.00405,0.00000,0.93136,0.00000,0.00000,0.00233
52.99200,0.12794,0.05394,0.00000,0.00015,0.00127,0.00001,0.94326,0.00000,0.00000,0.00137
53.02400,0.12794,0.04213,0.00000,0.00017,0.00068,0.00001,0.95634,0.00000,0.00000,0.00066
53.05600,0.12794,0.05977,0.00000,0.00028,0.00124,0.00001,0.93709,0.00000,0.00000,0.00161
53.08800,0.12794,0.06146,0.00000,0.00041,0.00095,0.00003,0.93543,0.00000,0.00000,0.00172
53.12000,0.12794,0.05921,0.00000,0.00048,0.00073,0.00004,0.93818,0.00000,0.00000,0.00136
53.15200,0.12794,0.06946,0.00000,0.00044,0.00102,0.00003,0.92683,0.00000,0.00000,0.00222
53.18400,0.12794,0.05799,0.00000,0.00034,0.00085,0.00002,0.93909,0.00000,0.00000,0.00170
53.21600,0.12794,0.06687,0.00000,0.00027,0.00234,0.00001,0.92713,0.00000,0.00000,0.00338
53.24800,0.12794,0.06060,0.00000,0.00023,0.00634,0.00000,0.92761,0.00000,0.00000,0.00522
53.28000,0.12794,0.04197,0.00000,0.00022,0.00758,0.00000,0.94678,0.00000,0.00000,0.00345
53.31200,0.12794,0.02799,0.00000,0.00023,0.00396,0.00000,0.96653,0.00000,0.00000,0.00128
53.34400,0.12794,0.02548,0.00000,0.00021,0.00184,0.00001,0.97169,0.00000,0.00000,0.00078
53.37600,0.12794,0.03952,0.00000,0.00021,0.00181,0.00001,0.95738,0.00000,0.00000,0.00108
53.40800,0.12794,0.06152,0.00000,0.00034,0.00130,0.00002,0.93489,0.00000,0.00000,0.00193
53.44000,0.12794,0.08878,0.00000,0.00034,0.00148,0.00002,0.90595,0.00000,0.00000,0.00343
53.47200,0.12794,0.08535,0.00000,0.00032,0.00338,0.00002,0.90639,0.00000,0.00000,0.00454
53.50400,0.12794,0.05307,0.00000,0.00021,0.00327,0.00001,0.94082,0.00000,0.00000,0.00262
53.53600,0.12794,0.03399,0.00000,0.00012,0.00771,0.00000,0.95626,0.00000,0.00000,0.00191
53.56800,0.12794,0.02927,0.00000,0.00009,0.01567,0.00000,0.95275,0.00000,0.00000,0.00222
53.60000,0.12794,0.03622,0.00000,0.00010,0.01377,0.00000,0.94732,0.00000,0.00000,0.00258
53.63200,0.12794,0.05431,0.00000,0.00010,0.02651,0.00000,0.91323,0.00000,0.00000,0.00584
53.66400,0.12794,0.09968,0.00000,0.00012,0.03822,0.00000,0.84565,0.00000,0.00000,0.01632
53.69600,0.12794,0.12183,0.00000,0.00010,0.04109,0.00000,0.81861,0.00000,0.00000,0.01837
53.72800,0.12794,0.10135,0.00000,0.00007,0.05262,0.00000,0.82791,0.00000,0.00000,0.01804
53.76000,0.12794,0.08442,0.00000,0.00005,0.05663,0.00000,0.84608,0.00000,0.00000,0.01281
53.79200,0.12794,0.05604,0.00000,0.00003,0.04506,0.00000,0.89368,0.00000,0.00000,0.00518
53.82400,0.12794,0.05690,0.00000,0.00004,0.05911,0.00000,0.87810,0.00000,0.00000,0.00585
53.85600,0.12794,0.07305,0.00000,0.00008,0.06437,0.00000,0.85433,0.00000,0.00000,0.00817
53.88800,0.12794,0.07972,0.00000,0.00011,0.08933,0.00000,0.81715,0.00000,0.00000,0.01369
53.92000,0.12794,0.09207,0.00000,0.00019,0.05657,0.00000,0.82879,0.00000,0.00000,0.02238
53.95200,0.12794,0.06211,0.00000,0.00016,0.01802,0.00000,0.91213,0.00000,0.00000,0.00758
53.98400,0.12794,0.02619,0.00000,0.00008,0.00638,0.00000,0.96590,0.00000,0.00000,0.00144
54.01600,0.12794,0.01567,0.00000,0.00006,0.00162,0.00000,0.98235,0.00000,0.00000,0.00030
54.04800,0.12794,0.01189,0.00000,0.00004,0.00122,0.00000,0.98672,0.00000,0.00000,0.00014
54.08000,0.12794,0.01402,0.00000,0.00005,0.00156,0.00000,0.98419,0.00000,0.00000,0.00018
54.11200,0.12794,0.02367,0.00000,0.00007,0.00399,0.00000,0.97201,0.00000,0.00000,0.00026
54.14400,0.12794,0.03798,0.00000,0.00016,0.00781,0.00000,0.95374,0.00000,0.00000,0.00031
54.17600,0.12794,0.04310,0.00000,0.00023,0.00236,0.00000,0.95405,0.00000,0.00000,0.00026
54.20800,0.12794,0.04530,0.00000,0.00023,0.00133,0.00000,0.95286,0.00000,0.00000,0.00028
54.24000,0.12794,0.05197,0.00000,0.00034,0.00092,0.00000,0.94635,0.00000,0.00000,0.00042
54.27200,0.12794,0.04564,0.00000,0.00020,0.00030,0.00000,0.95339,0.00000,0.00000,0.00046
54.30400,0.12794,0.05758,0.00000,0.00027,0.00076,0.00000,0.94072,0.00000,0.00000,0.00066
54.33600,0.12794,0.05473,0.00000,0.00028,0.00076,0.00001,0.94374,0.00000,0.00000,0.00048
54.36800,0.12794,0.05601,0.00000,0.00021,0.00070,0.00003,0.94260,0.00000,0.00000,0.00045
54.40000,0.12794,0.08321,0.00000,0.00026,0.00205,0.00005,0.91383,0.00000,0.00000,0.00060
54.43200,0.12794,0.08103,0.00000,0.00019,0.00530,0.00003,0.91310,0.00000,0.00000,0.00036
54.46400,0.12794,0.07406,0.00000,0.00015,0.00460,0.00001,0.92086,0.00000,0.00000,0.00032
54.49600,0.12794,0.05913,0.00000,0.00010,0.00197,0.00001,0.93860,0.00000,0.00000,0.00019
54.52800,0.12794,0.03704,0.00000,0.00006,0.00076,0.00000,0.96205,0.00000,0.00000,0.00008
54.56000,0.12794,0.02515,0.00000,0.00005,0.00040,0.00000,0.97434,0.00000,0.00000,0.00006
54.59200,0.12794,0.02237,0.00000,0.00004,0.00124,0.00000,0.97629,0.00000,0.00000,0.00006
54.62400,0.12794,0.02328,0.00000,0.00004,0.00304,0.00000,0.97356,0.00000,0.00000,0.00008
54.65600,0.12794,0.03060,0.00000,0.00005,0.00483,0.00000,0.96438,0.00000,0.00000,0.00014
54.68800,0.12794,0.04989,0.00000,0.00007,0.00455,0.00000,0.94521,0.00000,0.00000,0.00028
54.72000,0.12794,0.06192,0.00000,0.00007,0.00420,0.00000,0.93338,0.00000,0.00000,0.00042
54.75200,0.12794,0.07628,0.00000,0.00007,0.00685,0.00000,0.91623,0.00000,0.00000,0.00057
54.78400,0.12794,0.07801,0.00000,0.00006,0.01160,0.00000,0.90972,0.00000,0.00000,0.00061
54.81600,0.12794,0.07939,0.00000,0.00005,0.02285,0.00000,0.89705,0.00000,0.00000,0.00067
54.84800,0.12794,0.10143,0.00000,0.00005,0.02800,0.00000,0.86964,0.00000,0.00000,0.00087
54.88000,0.12794,0.08061,0.00000,0.00006,0.04728,0.00000,0.87130,0.00000,0.00000,0.00075
54.91200,0.12794,0.08579,0.00000,0.00009,0.11554,0.00000,0.79717,0.00000,0.00000,0.00141
54.94400,0.12794,0.06626,0.00000,0.00009,0.18354,0.00000,0.74889,0.00000,0.00000,0.00123
54.97600,0.12794,0.04534,0.00000,0.00007,0.29219,0.00000,0.66151,0.00000,0.00000,0.00089
55.00800,0.12794,0.03943,0.00000,0.00006,0.34210,0.00000,0.61766,0.00000,0.00000,0.00075
55.04000,0.12794,0.04529,0.00000,0.00006,0.39870,0.00000,0.55480,0.00000,0.00000,0.00114
55.07200,0.12794,0.04283,0.00000,0.00005,0.49101,0.00000,0.46499,0.00000,0.00000,0.00112
55.10400,0.12794,0.03972,0.00000,0.00004,0.46668,0.00000,0.49274,0.00000,0.00000,0.00081
55.13600,0.12794,0.06282,0.00000,0.00007,0.44688,0.00000,0.48818,0.00000,0.00000,0.00206
55.16800,0.12794,0.05124,0.00000,0.00003,0.40064,0.00000,0.54693,0.00000,0.00000,0.00116
55.20000,0.12794,0.07797,0.00000,0.00004,0.27234,0.00000,0.64734,0.00000,0.00000,0.00231
55.23200,0.12794,0.11348,0.00000,0.00005,0.16882,0.00000,0.71302,0.00000,0.00000,0.00463
55.26400,0.12794,0.08141,0.00000,0.00003,0.06383,0.00000,0.85336,0.00000,0.00000,0.00137
55.29600,0.12794,0.07563,0.00000,0.00005,0.02837,0.00000,0.89497,0.00000,0.00000,0.00098
55.32800,0.12794,0.04664,0.00000,0.00004,0.01184,0.00000,0.94117,0.00000,0.00000,0.00031
55.36000,0.12794,0.03969,0.00000,0.00004,0.00609,0.00000,0.95401,0.00000,0.00000,0.00018
55.39200,0.12794,0.03750,0.00000,0.00004,0.00445,0.00000,0.95781,0.00000,0.00000,0.00020
55.42400,0.12794,0.03441,0.00000,0.00003,0.00248,0.00000,0.96293,0.00000,0.00000,0.00015
55.45600,0.12794,0.04035,0.00000,0.00004,0.00253,0.00000,0.95688,0.00000,0.00000,0.00020
55.48800,0.12794,0.04208,0.00000,0.00002,0.00282,0.00000,0.95482,0.00000,0.00000,0.00026
55.52000,0.12794,0.04229,0.00000,0.00003,0.00318,0.00000,0.95431,0.00000,0.00000,0.00020
55.55200,0.12794,0.05156,0.00000,0.00003,0.00425,0.00000,0.94390,0.00000,0.00000,0.00026
55.58400,0.12794,0.06807,0.00000,0.00003,0.00528,0.00000,0.92628,0.00000,0.00000,0.00035
55.61600,0.12794,0.09969,0.00000,0.00004,0.00959,0.00000,0.88992,0.00000,0.00000,0.00077
55.64800,0.12794,0.12381,0.00000,0.00005,0.00837,0.00000,0.86680,0.00000,0.00000,0.00098
55.68000,0.12794,0.15883,0.00000,0.00007,0.00867,0.00000,0.83109,0.00000,0.00000,0.00134
55.71200,0.12794,0.14694,0.00000,0.00008,0.00672,0.00000,0.84526,0.00000,0.00000,0.00100
55.74400,0.12794,0.14521,0.00000,0.00006,0.00591,0.00000,0.84800,0.00000,0.00000,0.00082
55.77600,0.12794,0.15046,0.00000,0.00006,0.00691,0.00000,0.84152,0.00000,0.00000,0.00105
55.80800,0.12794,0.11387,0.00000,0.00005,0.00529,0.00000,0.88003,0.00000,0.00000,0.00075
55.84000,0.12794,0.13002,0.00000,0.00006,0.00594,0.00000,0.86295,0.00000,0.00000,0.00102
55.87200,0.12794,0.11473,0.00000,0.00007,0.00318,0.00000,0.88135,0.00000,0.00000,0.00067
55.90400,0.12794,0.12745,0.00000,0.00009,0.00237,0.00000,0.86945,0.00000,0.00000,0.00064
55.93600,0.12794,0.13576,0.00000,0.00013,0.00194,0.00000,0.86158,0.00000,0.00000,0.00060
55.96800,0.12794,0.13058,0.00000,0.00009,0.00126,0.00000,0.86773,0.00000,0.00000,0.00035
56.00000,0.12794,0.18558,0.00000,0.00022,0.00118,0.00001,0.81234,0.00000,0.00000,0.00067
56.03200,0.12794,0.20297,0.00000,0.00020,0.00067,0.00001,0.79567,0.00000,0.00000,0.00048
56.06400,0.12794,0.20311,0.00000,0.00019,0.00114,0.00001,0.79502,0.00000,0.00000,0.00053
56.09600,0.12794,0.18873,0.00000,0.00023,0.00111,0.00002,0.80951,0.00000,0.00000,0.00041
56.12800,0.12794,0.12169,0.00000,0.00007,0.00099,0.00000,0.87712,0.00000,0.00000,0.00012
56.16000,0.12794,0.09302,0.00000,0.00006,0.00174,0.00000,0.90509,0.00000,0.00000,0.00009
56.19200,0.12794,0.07510,0.00000,0.00006,0.00127,0.00000,0.92353,0.00000,0.00000,0.00004
56.22400,0.12794,0.07088,0.00000,0.00007,0.00130,0.00000,0.92770,0.00000,0.00000,0.00005
56.25600,0.12794,0.06509,0.00000,0.00007,0.00114,0.00000,0.93366,0.00000,0.00000,0.00004
56.28800,0.12794,0.06450,0.00000,0.00006,0.00066,0.00000,0.93475,0.00000,0.00000,0.00003
56.32000,0.12794,0.05595,0.00000,0.00004,0.00041,0.00000,0.94358,0.00000,0.00000,0.00002
56.35200,0.12794,0.05162,0.00000,0.00004,0.00042,0.00000,0.94791,0.00000,0.00000,0.00001
56.38400,0.12794,0.04502,0.00000,0.00003,0.00030,0.00000,0.95464,0.00000,0.00000,0.00001
56.41600,0.12794,0.03975,0.00000,0.00003,0.00050,0.00000,0.95971,0.00000,0.00000,0.00001
56.44800,0.12794,0.05147,0.00000,0.00005,0.00088,0.00000,0.94757,0.00000,0.00000,0.00003
56.48000,0.12794,0.05221,0.00000,0.00006,0.00173,0.00000,0.94594,0.00000,0.00000,0.00005
56.51200,0.12794,0.05708,0.00000,0.00009,0.00339,0.00000,0.93939,0.00000,0.00000,0.00005
56.54400,0.12794,0.07941,0.00000,0.00014,0.00342,0.00001,0.91689,0.00000,0.00000,0.00013
56.57600,0.12794,0.07008,0.00000,0.00013,0.00236,0.00000,0.92732,0.00000,0.00000,0.00010
56.60800,0.12794,0.07418,0.00000,0.00012,0.00093,0.00001,0.92467,0.00000,0.00000,0.00010
56.64000,0.12794,0.09421,0.00000,0.00013,0.00091,0.00001,0.90457,0.00000,0.00000,0.00017
56.67200,0.12794,0.09906,0.00000,0.00015,0.00069,0.00001,0.89995,0.00000,0.00000,0.00014
56.70400,0.12794,0.11314,0.00000,0.00013,0.00071,0.00001,0.88587,0.00000,0.00000,0.00015
56.73600,0.12794,0.13685,0.00000,0.00012,0.00116,0.00001,0.86165,0.00000,0.00000,0.00020
56.76800,0.12794,0.11537,0.00000,0.00012,0.00139,0.00001,0.88297,0.00000,0.00000,0.00015
56.80000,0.12794,0.09043,0.00000,0.00009,0.00179,0.00000,0.90758,0.00000,0.00000,0.00011
56.83200,0.12794,0.08087,0.00000,0.00015,0.00206,0.00000,0.91679,0.00000,0.00000,0.00012
56.86400,0.12794,0.10589,0.00000,0.00025,0.00846,0.00000,0.88505,0.00000,0.00000,0.00035
56.89600,0.12794,0.28733,0.00000,0.00099,0.03549,0.00001,0.67455,0.00000,0.00001,0.00162
56.92800,0.12794,0.58783,0.00007,0.00243,0.09959,0.00006,0.30301,0.00005,0.00010,0.00686
56.96000,0.12794,0.83633,0.00206,0.00267,0.08413,0.00015,0.06450,0.00094,0.00044,0.00879
56.99200,0.12794,0.93472,0.00393,0.00228,0.02977,0.00011,0.02392,0.00114,0.00031,0.00382
57.02400,0.12794,0.95317,0.00166,0.00124,0.01924,0.00005,0.02199,0.00063,0.00013,0.00190
57.05600,0.12794,0.97464,0.00048,0.00072,0.00860,0.00002,0.01476,0.00020,0.00007,0.00051
57.08800,0.12794,0.96450,0.00021,0.00050,0.01246,0.00001,0.02172,0.00011,0.00003,0.00047
57.12000,0.12794,0.96703,0.00020,0.00048,0.01083,0.00001,0.02093,0.00011,0.00003,0.00038
57.15200,0.12794,0.97254,0.00021,0.00039,0.00981,0.00001,0.01642,0.00009,0.00002,0.00050
57.18400,0.12794,0.97006,0.00028,0.00046,0.01085,0.00001,0.01738,0.00013,0.00003,0.00080
57.21600,0.12794,0.97787,0.00040,0.00082,0.00769,0.00002,0.01226,0.00019,0.00008,0.00068
57.24800,0.12794,0.97506,0.00050,0.00102,0.00919,0.00003,0.01303,0.00022,0.00011,0.00085
57.28000,0.12794,0.96778,0.00060,0.00157,0.01157,0.00004,0.01717,0.00033,0.00020,0.00075
57.31200,0.12794,0.96489,0.00036,0.00091,0.01366,0.00002,0.01891,0.00020,0.00008,0.00096
57.34400,0.12794,0.94924,0.00048,0.00085,0.02080,0.00002,0.02750,0.00023,0.00007,0.00080
57.37600,0.12794,0.92716,0.00029,0.00064,0.03231,0.00002,0.03831,0.00015,0.00004,0.00109
57.40800,0.12794,0.94354,0.00025,0.00053,0.02404,0.00002,0.03040,0.00012,0.00003,0.00107
57.44000,0.12794,0.95279,0.00046,0.00083,0.02138,0.00003,0.02341,0.00016,0.00008,0.00087
57.47200,0.12794,0.96209,0.00032,0.00051,0.01769,0.00002,0.01822,0.00009,0.00004,0.00102
57.50400,0.12794,0.98017,0.00053,0.00066,0.00790,0.00002,0.00996,0.00013,0.00007,0.00057
57.53600,0.12794,0.98419,0.00030,0.00044,0.00608,0.00001,0.00844,0.00007,0.00004,0.00042
57.56800,0.12794,0.98560,0.00016,0.00032,0.00447,0.00001,0.00911,0.00006,0.00002,0.00026
57.60000,0.12794,0.98879,0.00006,0.00017,0.00275,0.00000,0.00796,0.00003,0.00001,0.00022
57.63200,0.12794,0.98877,0.00002,0.00010,0.00248,0.00000,0.00842,0.00002,0.00000,0.00019
57.66400,0.12794,0.99063,0.00002,0.00010,0.00167,0.00000,0.00743,0.00002,0.00000,0.00013
57.69600,0.12794,0.98910,0.00001,0.00008,0.00208,0.00000,0.00851,0.00001,0.00000,0.00020
57.72800,0.12794,0.99068,0.00002,0.00014,0.00160,0.00000,0.00743,0.00002,0.00001,0.00009
57.76000,0.12794,0.99189,0.00002,0.00012,0.00132,0.00000,0.00655,0.00002,0.00001,0.00008
57.79200,0.12794,0.99128,0.00001,0.00009,0.00148,0.00000,0.00703,0.00001,0.00000,0.00009
57.82400,0.12794,0.99112,0.00001,0.00008,0.00152,0.00000,0.00718,0.00001,0.00000,0.00007
57.85600,0.12794,0.98201,0.00001,0.00005,0.00429,0.00000,0.01333,0.00001,0.00000,0.00029
57.88800,0.12794,0.97211,0.00002,0.00011,0.00770,0.00000,0.01964,0.00002,0.00000,0.00038
57.92000,0.12794,0.95792,0.00004,0.00020,0.01355,0.00000,0.02771,0.00003,0.00001,0.00053
57.95200,0.12794,0.95118,0.00008,0.00040,0.01645,0.00001,0.03132,0.00007,0.00002,0.00047
57.98400,0.12794,0.97015,0.00011,0.00053,0.00819,0.00001,0.02069,0.00009,0.00004,0.00020
58.01600,0.12794,0.97398,0.00008,0.00035,0.00698,0.00001,0.01830,0.00007,0.00002,0.00023
58.04800,0.12794,0.97791,0.00008,0.00025,0.00559,0.00000,0.01586,0.00006,0.00001,0.00023
58.08000,0.12794,0.98020,0.00004,0.00011,0.00532,0.00000,0.01392,0.00003,0.00000,0.00039
58.11200,0.12794,0.98233,0.00005,0.00013,0.00473,0.00000,0.01245,0.00003,0.00000,0.00026
58.14400,0.12794,0.98247,0.00002,0.00007,0.00571,0.00000,0.01135,0.00001,0.00000,0.00037
58.17600,0.12794,0.98589,0.00002,0.00007,0.00474,0.00000,0.00898,0.00001,0.00000,0.00029
58.20800,0.12794,0.99303,0.00012,0.00018,0.00289,0.00000,0.00364,0.00001,0.00001,0.00011
58.24000,0.12794,0.99413,0.00009,0.00008,0.00327,0.00000,0.00218,0.00000,0.00000,0.00024
58.27200,0.12794,0.99660,0.00082,0.00049,0.00106,0.00001,0.00088,0.00002,0.00009,0.00005
58.30400,0.12794,0.99700,0.00090,0.00036,0.00093,0.00001,0.00068,0.00001,0.00005,0.00005
58.33600,0.12794,0.99636,0.00064,0.00043,0.00119,0.00001,0.00121,0.00002,0.00007,0.00006
58.36800,0.12794,0.99584,0.00059,0.00046,0.00127,0.00001,0.00165,0.00003,0.00008,0.00007
58.40000,0.12794,0.99450,0.00022,0.00014,0.00261,0.00000,0.00234,0.00001,0.00001,0.00017
58.43200,0.12794,0.99484,0.00024,0.00020,0.00223,0.00000,0.00235,0.00002,0.00001,0.00012
58.46400,0.12794,0.99458,0.00005,0.00004,0.00257,0.00000,0.00249,0.00000,0.00000,0.00026
58.49600,0.12794,0.99498,0.00003,0.00004,0.00188,0.00000,0.00288,0.00000,0.00000,0.00019
58.52800,0.12794,0.99571,0.00003,0.00008,0.00096,0.00000,0.00315,0.00001,0.00000,0.00005
58.56000,0.12794,0.99514,0.00004,0.00013,0.00089,0.00000,0.00376,0.00002,0.00001,0.00003
58.59200,0.12794,0.99353,0.00013,0.00059,0.00074,0.00000,0.00480,0.00009,0.00010,0.00001
58.62400,0.12794,0.98899,0.00050,0.00183,0.00162,0.00002,0.00625,0.00027,0.00051,0.00002
58.65600,0.12794,0.98390,0.00037,0.00099,0.00472,0.00002,0.00962,0.00015,0.00013,0.00010
58.68800,0.12794,0.97851,0.00020,0.00040,0.00874,0.00001,0.01164,0.00007,0.00002,0.00040
58.72000,0.12794,0.96639,0.00021,0.00019,0.01873,0.00001,0.01228,0.00003,0.00001,0.00215
58.75200,0.12794,0.96678,0.00051,0.00034,0.01786,0.00002,0.01181,0.00008,0.00002,0.00258
58.78400,0.12794,0.97512,0.00128,0.00144,0.01099,0.00008,0.00808,0.00026,0.00016,0.00258
58.81600,0.12794,0.96716,0.00653,0.00584,0.00924,0.00028,0.00636,0.00105,0.00179,0.00174
58.84800,0.12794,0.95102,0.00961,0.01502,0.00514,0.00040,0.00546,0.00245,0.01030,0.00059
58.88000,0.12794,0.97771,0.00304,0.00688,0.00284,0.00013,0.00456,0.00112,0.00343,0.00030
58.91200,0.12794,0.98643,0.00093,0.00102,0.00454,0.00003,0.00620,0.00023,0.00014,0.00048
58.94400,0.12794,0.98422,0.00057,0.00064,0.00582,0.00002,0.00784,0.00016,0.00006,0.00068
58.97600,0.12794,0.98609,0.00045,0.00044,0.00516,0.00002,0.00661,0.00012,0.00003,0.00107
59.00800,0.12794,0.98874,0.00075,0.00044,0.00339,0.00003,0.00410,0.00019,0.00003,0.00234
59.04000,0.12794,0.99070,0.00128,0.00124,0.00128,0.00006,0.00253,0.00063,0.00017,0.00211
59.07200,0.12794,0.99203,0.00150,0.00158,0.00061,0.00007,0.00170,0.00097,0.00033,0.00122
59.10400,0.12794,0.99002,0.00266,0.00232,0.00047,0.00008,0.00144,0.00161,0.00072,0.00068
59.13600,0.12794,0.98027,0.00547,0.00452,0.00188,0.00016,0.00368,0.00168,0.00184,0.00049
59.16800,0.12794,0.98125,0.00442,0.00261,0.00383,0.00009,0.00573,0.00087,0.00070,0.00050
59.20000,0.12794,0.98032,0.00182,0.00112,0.00708,0.00005,0.00829,0.00032,0.00014,0.00087
59.23200,0.12794,0.97003,0.00070,0.00048,0.01402,0.00003,0.01239,0.00013,0.00003,0.00220
59.26400,0.12794,0.97704,0.00043,0.00031,0.00995,0.00002,0.00964,0.00010,0.00002,0.00248
59.29600,0.12794,0.96937,0.00142,0.00123,0.01292,0.00007,0.01295,0.00038,0.00016,0.00152
59.32800,0.12794,0.96172,0.00256,0.00225,0.01581,0.00010,0.01546,0.00063,0.00043,0.00104
59.36000,0.12794,0.96567,0.00383,0.00325,0.01104,0.00010,0.01368,0.00102,0.00091,0.00049
59.39200,0.12794,0.97296,0.00193,0.00243,0.00764,0.00005,0.01353,0.00064,0.00064,0.00018
59.42400,0.12794,0.98272,0.00024,0.00045,0.00495,0.00001,0.01132,0.00010,0.00004,0.00017
59.45600,0.12794,0.99045,0.00018,0.00024,0.00237,0.00001,0.00646,0.00008,0.00002,0.00021
59.48800,0.12794,0.99155,0.00014,0.00019,0.00203,0.00001,0.00569,0.00006,0.00001,0.00032
59.52000,0.12794,0.99399,0.00013,0.00011,0.00136,0.00000,0.00375,0.00005,0.00000,0.00059
59.55200,0.12794,0.99442,0.00039,0.00026,0.00109,0.00001,0.00328,0.00015,0.00002,0.00038
59.58400,0.12794,0.99279,0.00056,0.00052,0.00130,0.00001,0.00412,0.00028,0.00005,0.00036
59.61600,0.12794,0.99351,0.00055,0.00133,0.00073,0.00003,0.00303,0.00041,0.00024,0.00017
59.64800,0.12794,0.98972,0.00075,0.00236,0.00121,0.00005,0.00445,0.00068,0.00054,0.00024
59.68000,0.12794,0.98878,0.00059,0.00172,0.00195,0.00005,0.00552,0.00052,0.00024,0.00063
59.71200,0.12794,0.98648,0.00040,0.00144,0.00322,0.00004,0.00731,0.00028,0.00018,0.00065
59.74400,0.12794,0.96411,0.00039,0.00048,0.01682,0.00002,0.01566,0.00012,0.00003,0.00237
59.77600,0.12794,0.95997,0.00032,0.00041,0.02063,0.00002,0.01687,0.00008,0.00002,0.00167
59.80800,0.12794,0.96561,0.00039,0.00041,0.01884,0.00002,0.01363,0.00006,0.00003,0.00101
59.84000,0.12794,0.96079,0.00066,0.00054,0.02141,0.00002,0.01557,0.00009,0.00004,0.00087
59.87200,0.12794,0.97005,0.00081,0.00080,0.01421,0.00002,0.01326,0.00014,0.00009,0.00062
59.90400,0.12794,0.97401,0.00102,0.00083,0.01263,0.00003,0.01072,0.00013,0.00010,0.00052
59.93600,0.12794,0.96891,0.00091,0.00069,0.01630,0.00003,0.01222,0.00011,0.00007,0.00077
59.96800,0.12794,0.97840,0.00048,0.00033,0.01072,0.00001,0.00919,0.00006,0.00002,0.00078
60.00000,0.12794,0.98737,0.00028,0.00023,0.00499,0.00001,0.00670,0.00005,0.00001,0.00037
60.03200,0.12794,0.98574,0.00015,0.00019,0.00495,0.00000,0.00863,0.00004,0.00001,0.00029
60.06400,0.12794,0.97995,0.00015,0.00026,0.00701,0.00001,0.01232,0.00005,0.00001,0.00024
60.09600,0.12794,0.97226,0.00028,0.00049,0.01061,0.00001,0.01589,0.00009,0.00004,0.00033
60.12800,0.12794,0.96009,0.00060,0.00114,0.01794,0.00003,0.01946,0.00014,0.00012,0.00048
60.16000,0.12794,0.93663,0.00087,0.00107,0.03581,0.00004,0.02396,0.00015,0.00010,0.00136
60.19200,0.12794,0.92112,0.00106,0.00107,0.04741,0.00006,0.02678,0.00018,0.00009,0.00222
60.22400,0.12794,0.90192,0.00067,0.00106,0.06081,0.00007,0.03253,0.00013,0.00009,0.00272
60.25600,0.12794,0.90111,0.00061,0.00069,0.06238,0.00005,0.03201,0.00011,0.00005,0.00300
60.28800,0.12794,0.93352,0.00057,0.00088,0.03747,0.00006,0.02576,0.00012,0.00008,0.00154
60.32000,0.12794,0.95636,0.00087,0.00131,0.02027,0.00006,0.01993,0.00020,0.00015,0.00086
60.35200,0.12794,0.97237,0.00074,0.00072,0.01135,0.00003,0.01378,0.00019,0.00007,0.00076
60.38400,0.12794,0.97713,0.00123,0.00088,0.00776,0.00003,0.01172,0.00041,0.00009,0.00075
60.41600,0.12794,0.98577,0.00131,0.00060,0.00417,0.00003,0.00697,0.00036,0.00006,0.00074
60.44800,0.12794,0.99243,0.00138,0.00037,0.00175,0.00002,0.00312,0.00030,0.00004,0.00060
60.48000,0.12794,0.99535,0.00147,0.00037,0.00064,0.00002,0.00150,0.00029,0.00005,0.00030
60.51200,0.12794,0.99656,0.00073,0.00026,0.00064,0.00001,0.00146,0.00012,0.00003,0.00019
60.54400,0.12794,0.99525,0.00066,0.00039,0.00105,0.00001,0.00229,0.00013,0.00006,0.00015
60.57600,0.12794,0.98919,0.00058,0.00063,0.00319,0.00002,0.00592,0.00015,0.00008,0.00023
60.60800,0.12794,0.97829,0.00057,0.00072,0.00816,0.00003,0.01171,0.00015,0.00009,0.00029
60.64000,0.12794,0.97141,0.00067,0.00067,0.01083,0.00002,0.01571,0.00020,0.00007,0.00042
60.67200,0.12794,0.97364,0.00030,0.00029,0.01038,0.00001,0.01465,0.00009,0.00002,0.00062
60.70400,0.12794,0.97871,0.00012,0.00021,0.00742,0.00001,0.01314,0.00004,0.00001,0.00035
60.73600,0.12794,0.97835,0.00009,0.00014,0.00729,0.00000,0.01360,0.00004,0.00000,0.00048
60.76800,0.12794,0.98430,0.00003,0.00018,0.00416,0.00001,0.01106,0.00002,0.00001,0.00025
60.80000,0.12794,0.98547,0.00004,0.00047,0.00353,0.00001,0.01026,0.00002,0.00003,0.00016
60.83200,0.12794,0.99083,0.00005,0.00023,0.00192,0.00001,0.00665,0.00003,0.00001,0.00027
60.86400,0.12794,0.99028,0.00004,0.00080,0.00178,0.00002,0.00685,0.00003,0.00007,0.00012
60.89600,0.12794,0.99092,0.00008,0.00087,0.00162,0.00002,0.00615,0.00007,0.00007,0.00019
60.92800,0.12794,0.99270,0.00002,0.00049,0.00092,0.00001,0.00561,0.00002,0.00002,0.00020
60.96000,0.12794,0.99269,0.00000,0.00182,0.00016,0.00012,0.00515,0.00000,0.00004,0.00003
60.99200,0.12794,0.99743,0.00000,0.00028,0.00004,0.00001,0.00219,0.00000,0.00000,0.00005
61.02400,0.12794,0.99882,0.00000,0.00004,0.00001,0.00000,0.00108,0.00000,0.00000,0.00004
61.05600,0.12794,0.99905,0.00000,0.00004,0.00001,0.00000,0.00088,0.00000,0.00000,0.00002
61.08800,0.12794,0.99915,0.00000,0.00003,0.00000,0.00000,0.00080,0.00000,0.00000,0.00001
61.12000,0.12794,0.99858,0.00000,0.00025,0.00000,0.00003,0.00113,0.00000,0.00000,0.00000
61.15200,0.12794,0.99783,0.00000,0.00058,0.00000,0.00009,0.00150,0.00000,0.00000,0.00000
61.18400,0.12794,0.99871,0.00000,0.00025,0.00000,0.00005,0.00098,0.00000,0.00000,0.00001
61.21600,0.12794,0.99843,0.00000,0.00014,0.00002,0.00001,0.00136,0.00000,0.00000,0.00003
61.24800,0.12794,0.99772,0.00001,0.00007,0.00018,0.00000,0.00191,0.00001,0.00000,0.00009
61.28000,0.12794,0.99678,0.00002,0.00015,0.00036,0.00001,0.00259,0.00001,0.00000,0.00008
61.31200,0.12794,0.99793,0.00001,0.00011,0.00018,0.00000,0.00166,0.00001,0.00000,0.00008
61.34400,0.12794,0.99866,0.00000,0.00008,0.00004,0.00000,0.00114,0.00000,0.00000,0.00006
61.37600,0.12794,0.99926,0.00000,0.00012,0.00000,0.00002,0.00059,0.00000,0.00000,0.00002
61.40800,0.12794,0.99923,0.00000,0.00012,0.00000,0.00002,0.00062,0.00000,0.00000,0.00001
61.44000,0.12794,0.99830,0.00000,0.00022,0.00000,0.00004,0.00143,0.00000,0.00000,0.00001
