Time (seconds), Duration (seconds),pred_unlabeled,pred_down,pred_bottom left,pred_bottom right,pred_left,pred_right,pred_top,pred_top left,pred_top right
0.00000,0.12794,0.99232,0.00000,0.00001,0.00034,0.00000,0.00731,0.00000,0.00000,0.00003
0.03200,0.12794,0.98944,0.00000,0.00003,0.00067,0.00000,0.00983,0.00000,0.00000,0.00003
0.06400,0.12794,0.98371,0.00000,0.00007,0.00171,0.00000,0.01445,0.00000,0.00000,0.00005
0.09600,0.12794,0.98516,0.00000,0.00009,0.00197,0.00000,0.01271,0.00000,0.00000,0.00007
0.12800,0.12794,0.97966,0.00000,0.00016,0.00425,0.00000,0.01580,0.00000,0.00000,0.00012
0.16000,0.12794,0.98454,0.00000,0.00008,0.00290,0.00000,0.01232,0.00000,0.00000,0.00016
0.19200,0.12794,0.98732,0.00001,0.00006,0.00220,0.00000,0.01021,0.00001,0.00000,0.00018
0.22400,0.12794,0.97819,0.00001,0.00016,0.00486,0.00000,0.01656,0.00001,0.00000,0.00020
0.25600,0.12794,0.97913,0.00006,0.00032,0.00480,0.00001,0.01521,0.00006,0.00001,0.00040
0.28800,0.12794,0.96973,0.00075,0.00164,0.00939,0.00004,0.01699,0.00058,0.00021,0.00067
0.32000,0.12794,0.95395,0.00266,0.00380,0.01638,0.00013,0.01935,0.00159,0.00072,0.00143
0.35200,0.12794,0.94796,0.00527,0.00584,0.01719,0.00021,0.01772,0.00275,0.00129,0.00177
0.38400,0.12794,0.94244,0.00215,0.00442,0.02513,0.00016,0.02240,0.00099,0.00079,0.00153
0.41600,0.12794,0.95416,0.00053,0.00122,0.01849,0.00003,0.02395,0.00031,0.00009,0.00122
0.44800,0.12794,0.96248,0.00018,0.00061,0.01416,0.00002,0.02163,0.00011,0.00003,0.00078
0.48000,0.12794,0.99132,0.00007,0.00033,0.00206,0.00001,0.00528,0.00007,0.00002,0.00085
0.51200,0.12794,0.99831,0.00003,0.00023,0.00007,0.00000,0.00040,0.00012,0.00002,0.00082
0.54400,0.12794,0.99784,0.00002,0.00019,0.00001,0.00000,0.00005,0.00015,0.00002,0.00173
0.57600,0.12794,0.99611,0.00002,0.00077,0.00000,0.00001,0.00001,0.00040,0.00015,0.00253
0.60800,0.12794,0.98997,0.00003,0.00197,0.00000,0.00002,0.00001,0.00109,0.00051,0.00639
0.64000,0.12794,0.98089,0.00013,0.00480,0.00002,0.00013,0.00004,0.00222,0.00171,0.01005
0.67200,0.12794,0.97294,0.00065,0.00714,0.00004,0.00039,0.00008,0.00391,0.00376,0.01109
0.70400,0.12794,0.97812,0.00160,0.00335,0.00004,0.00027,0.00009,0.00412,0.00170,0.01071
0.73600,0.12794,0.98369,0.00316,0.00158,0.00009,0.00019,0.00018,0.00246,0.00066,0.00800
0.76800,0.12794,0.99099,0.00305,0.00111,0.00015,0.00009,0.00033,0.00124,0.00040,0.00264
0.80000,0.12794,0.99238,0.00220,0.00118,0.00053,0.00008,0.00111,0.00089,0.00032,0.00132
0.83200,0.12794,0.98990,0.00197,0.00131,0.00190,0.00006,0.00329,0.00059,0.00029,0.00070
0.86400,0.12794,0.98813,0.00099,0.00135,0.00271,0.00004,0.00566,0.00045,0.00023,0.00044
0.89600,0.12794,0.97945,0.00208,0.00217,0.00596,0.00007,0.00837,0.00066,0.00038,0.00087
0.92800,0.12794,0.96748,0.00392,0.00393,0.01088,0.00016,0.01062,0.00093,0.00087,0.00121
0.96000,0.12794,0.97689,0.00311,0.00342,0.00611,0.00015,0.00740,0.00090,0.00068,0.00133
0.99200,0.12794,0.98177,0.00455,0.00366,0.00206,0.00015,0.00358,0.00189,0.00092,0.00142
1.02400,0.12794,0.99121,0.00157,0.00186,0.00078,0.00007,0.00214,0.00096,0.00035,0.00107
1.05600,0.12794,0.99625,0.00046,0.00081,0.00026,0.00002,0.00120,0.00037,0.00012,0.00051
1.08800,0.12794,0.99708,0.00027,0.00050,0.00024,0.00001,0.00124,0.00024,0.00006,0.00036
1.12000,0.12794,0.99626,0.00034,0.00051,0.00059,0.00001,0.00176,0.00013,0.00006,0.00033
1.15200,0.12794,0.99577,0.00058,0.00073,0.00056,0.00002,0.00168,0.00024,0.00011,0.00032
1.18400,0.12794,0.99531,0.00102,0.00059,0.00069,0.00002,0.00145,0.00026,0.00008,0.00058
1.21600,0.12794,0.99295,0.00250,0.00102,0.00091,0.00004,0.00144,0.00042,0.00021,0.00051
1.24800,0.12794,0.99306,0.00232,0.00103,0.00089,0.00003,0.00160,0.00042,0.00021,0.00044
1.28000,0.12794,0.99192,0.00178,0.00104,0.00180,0.00003,0.00263,0.00026,0.00020,0.00033
1.31200,0.12794,0.98565,0.00142,0.00147,0.00480,0.00004,0.00569,0.00022,0.00026,0.00045
1.34400,0.12794,0.98586,0.00107,0.00147,0.00485,0.00004,0.00576,0.00020,0.00024,0.00050
1.37600,0.12794,0.98730,0.00092,0.00312,0.00281,0.00008,0.00395,0.00044,0.00067,0.00071
1.40800,0.12794,0.98894,0.00104,0.00380,0.00096,0.00010,0.00173,0.00117,0.00102,0.00123
1.44000,0.12794,0.98893,0.00100,0.00404,0.00012,0.00007,0.00041,0.00297,0.00164,0.00081
1.47200,0.12794,0.98834,0.00057,0.00391,0.00004,0.00006,0.00019,0.00427,0.00154,0.00108
1.50400,0.12794,0.99185,0.00065,0.00268,0.00003,0.00004,0.00018,0.00281,0.00112,0.00064
1.53600,0.12794,0.99344,0.00074,0.00237,0.00007,0.00004,0.00032,0.00176,0.00074,0.00051
1.56800,0.12794,0.99270,0.00110,0.00272,0.00022,0.00006,0.00071,0.00120,0.00072,0.00058
1.60000,0.12794,0.98939,0.00256,0.00296,0.00077,0.00007,0.00177,0.00119,0.00084,0.00045
1.63200,0.12794,0.98987,0.00197,0.00173,0.00177,0.00005,0.00295,0.00070,0.00030,0.00066
1.66400,0.12794,0.99164,0.00137,0.00109,0.00183,0.00003,0.00290,0.00039,0.00016,0.00060
1.69600,0.12794,0.98567,0.00108,0.00154,0.00384,0.00004,0.00644,0.00052,0.00022,0.00066
1.72800,0.12794,0.98351,0.00067,0.00158,0.00459,0.00004,0.00835,0.00041,0.00019,0.00066
1.76000,0.12794,0.97914,0.00082,0.00225,0.00551,0.00004,0.01084,0.00057,0.00033,0.00050
1.79200,0.12794,0.96588,0.00069,0.00201,0.01105,0.00005,0.01862,0.00058,0.00023,0.00089
1.82400,0.12794,0.97676,0.00059,0.00151,0.00647,0.00003,0.01362,0.00038,0.00019,0.00045
1.85600,0.12794,0.98354,0.00044,0.00117,0.00358,0.00002,0.01041,0.00037,0.00014,0.00033
1.88800,0.12794,0.98647,0.00018,0.00077,0.00250,0.00001,0.00955,0.00019,0.00007,0.00026
1.92000,0.12794,0.99074,0.00008,0.00049,0.00142,0.00001,0.00697,0.00010,0.00004,0.00015
1.95200,0.12794,0.99189,0.00005,0.00027,0.00125,0.00000,0.00627,0.00006,0.00001,0.00020
1.98400,0.12794,0.98999,0.00004,0.00020,0.00197,0.00000,0.00753,0.00004,0.00001,0.00021
2.01600,0.12794,0.98806,0.00006,0.00020,0.00289,0.00000,0.00854,0.00004,0.00001,0.00020
2.04800,0.12794,0.98396,0.00008,0.00023,0.00431,0.00000,0.01115,0.00005,0.00001,0.00021
2.08000,0.12794,0.97716,0.00010,0.00032,0.00647,0.00001,0.01566,0.00006,0.00002,0.00019
2.11200,0.12794,0.96671,0.00008,0.00029,0.01042,0.00001,0.02218,0.00005,0.00002,0.00025
2.14400,0.12794,0.96861,0.00004,0.00021,0.00870,0.00000,0.02210,0.00004,0.00001,0.00028
2.17600,0.12794,0.97207,0.00004,0.00019,0.00737,0.00000,0.02001,0.00004,0.00001,0.00027
2.20800,0.12794,0.98008,0.00005,0.00021,0.00501,0.00000,0.01430,0.00004,0.00001,0.00030
2.24000,0.12794,0.98808,0.00004,0.00039,0.00233,0.00000,0.00891,0.00006,0.00002,0.00016
2.27200,0.12794,0.99313,0.00011,0.00133,0.00102,0.00001,0.00369,0.00027,0.00012,0.00032
2.30400,0.12794,0.98790,0.00024,0.00583,0.00087,0.00005,0.00272,0.00095,0.00082,0.00062
2.33600,0.12794,0.98083,0.00061,0.00935,0.00114,0.00013,0.00285,0.00228,0.00153,0.00130
2.36800,0.12794,0.95682,0.00177,0.02231,0.00133,0.00031,0.00244,0.00703,0.00553,0.00245
2.40000,0.12794,0.94058,0.00218,0.03400,0.00356,0.00037,0.00458,0.00500,0.00750,0.00224
2.43200,0.12794,0.94724,0.00085,0.03051,0.00069,0.00025,0.00127,0.00632,0.01133,0.00155
2.46400,0.12794,0.95783,0.00023,0.02348,0.00009,0.00013,0.00024,0.00539,0.01075,0.00187
2.49600,0.12794,0.99310,0.00003,0.00169,0.00000,0.00000,0.00002,0.00063,0.00025,0.00428
2.52800,0.12794,0.99540,0.00001,0.00032,0.00000,0.00000,0.00000,0.00042,0.00005,0.00379
2.56000,0.12794,0.99214,0.00001,0.00012,0.00000,0.00000,0.00000,0.00019,0.00001,0.00752
2.59200,0.12794,0.99354,0.00006,0.00020,0.00000,0.00000,0.00001,0.00035,0.00002,0.00582
2.62400,0.12794,0.98988,0.00089,0.00167,0.00002,0.00004,0.00011,0.00414,0.00066,0.00259
2.65600,0.12794,0.98518,0.00202,0.00367,0.00018,0.00013,0.00056,0.00450,0.00144,0.00230
2.68800,0.12794,0.97719,0.00398,0.00607,0.00156,0.00025,0.00320,0.00401,0.00242,0.00133
2.72000,0.12794,0.97901,0.00173,0.00322,0.00504,0.00013,0.00762,0.00117,0.00065,0.00143
2.75200,0.12794,0.96250,0.00054,0.00196,0.01516,0.00007,0.01804,0.00029,0.00024,0.00120
2.78400,0.12794,0.96799,0.00031,0.00130,0.01247,0.00004,0.01645,0.00023,0.00013,0.00109
2.81600,0.12794,0.98276,0.00023,0.00143,0.00536,0.00003,0.00871,0.00031,0.00015,0.00102
2.84800,0.12794,0.99364,0.00014,0.00182,0.00063,0.00002,0.00232,0.00066,0.00025,0.00052
2.88000,0.12794,0.99526,0.00010,0.00184,0.00022,0.00002,0.00117,0.00070,0.00022,0.00049
2.91200,0.12794,0.99618,0.00008,0.00145,0.00015,0.00001,0.00104,0.00054,0.00015,0.00039
2.94400,0.12794,0.99649,0.00005,0.00075,0.00025,0.00001,0.00190,0.00023,0.00006,0.00027
2.97600,0.12794,0.99286,0.00002,0.00031,0.00095,0.00000,0.00550,0.00005,0.00001,0.00028
3.00800,0.12794,0.99166,0.00002,0.00018,0.00103,0.00000,0.00694,0.00003,0.00001,0.00013
3.04000,0.12794,0.98311,0.00001,0.00014,0.00278,0.00000,0.01379,0.00002,0.00000,0.00013
3.07200,0.12794,0.97672,0.00002,0.00015,0.00463,0.00000,0.01829,0.00002,0.00000,0.00016
3.10400,0.12794,0.96733,0.00004,0.00031,0.00798,0.00000,0.02406,0.00005,0.00001,0.00020
3.13600,0.12794,0.94610,0.00008,0.00037,0.01804,0.00001,0.03473,0.00007,0.00001,0.00060
3.16800,0.12794,0.94607,0.00012,0.00056,0.01813,0.00001,0.03441,0.00011,0.00003,0.00057
3.20000,0.12794,0.95114,0.00012,0.00050,0.01552,0.00001,0.03196,0.00012,0.00002,0.00062
3.23200,0.12794,0.95986,0.00006,0.00039,0.01055,0.00001,0.02864,0.00007,0.00002,0.00040
3.26400,0.12794,0.96387,0.00003,0.00032,0.00816,0.00000,0.02733,0.00004,0.00001,0.00023
3.29600,0.12794,0.97386,0.00001,0.00023,0.00461,0.00000,0.02110,0.00003,0.00001,0.00014
3.32800,0.12794,0.97889,0.00001,0.00024,0.00334,0.00000,0.01738,0.00002,0.00001,0.00011
3.36000,0.12794,0.98332,0.00001,0.00023,0.00238,0.00000,0.01392,0.00002,0.00001,0.00010
3.39200,0.12794,0.98304,0.00001,0.00017,0.00278,0.00000,0.01382,0.00002,0.00001,0.00015
3.42400,0.12794,0.98614,0.00001,0.00011,0.00242,0.00000,0.01113,0.00002,0.00000,0.00017
3.45600,0.12794,0.98801,0.00001,0.00007,0.00221,0.00000,0.00948,0.00001,0.00000,0.00020
3.48800,0.12794,0.98863,0.00002,0.00009,0.00228,0.00000,0.00878,0.00001,0.00000,0.00018
3.52000,0.12794,0.99019,0.00003,0.00015,0.00191,0.00000,0.00754,0.00003,0.00001,0.00015
3.55200,0.12794,0.98732,0.00006,0.00037,0.00258,0.00000,0.00944,0.00006,0.00003,0.00014
3.58400,0.12794,0.98458,0.00008,0.00059,0.00298,0.00001,0.01147,0.00010,0.00005,0.00015
3.61600,0.12794,0.98268,0.00007,0.00051,0.00344,0.00001,0.01299,0.00009,0.00003,0.00018
3.64800,0.12794,0.98303,0.00006,0.00051,0.00342,0.00001,0.01273,0.00007,0.00004,0.00015
3.68000,0.12794,0.99245,0.00007,0.00049,0.00134,0.00001,0.00524,0.00010,0.00004,0.00025
3.71200,0.12794,0.99441,0.00021,0.00133,0.00069,0.00004,0.00235,0.00033,0.00021,0.00044
3.74400,0.12794,0.99267,0.00059,0.00296,0.00031,0.00015,0.00090,0.00078,0.00092,0.00071
3.77600,0.12794,0.98678,0.00176,0.00524,0.00023,0.00030,0.00058,0.00169,0.00274,0.00069
3.80800,0.12794,0.98751,0.00279,0.00441,0.00052,0.00022,0.00086,0.00103,0.00212,0.00053
3.84000,0.12794,0.99309,0.00202,0.00140,0.00092,0.00005,0.00135,0.00040,0.00039,0.00038
3.87200,0.12794,0.99070,0.00177,0.00074,0.00271,0.00003,0.00332,0.00025,0.00012,0.00038
3.90400,0.12794,0.99277,0.00131,0.00045,0.00222,0.00002,0.00263,0.00015,0.00005,0.00040
3.93600,0.12794,0.99339,0.00100,0.00028,0.00230,0.00001,0.00231,0.00009,0.00002,0.00060
3.96800,0.12794,0.99151,0.00151,0.00058,0.00280,0.00002,0.00264,0.00016,0.00007,0.00071
4.00000,0.12794,0.99124,0.00218,0.00103,0.00211,0.00003,0.00222,0.00033,0.00015,0.00071
4.03200,0.12794,0.98858,0.00294,0.00177,0.00226,0.00004,0.00271,0.00068,0.00035,0.00066
4.06400,0.12794,0.98570,0.00338,0.00265,0.00250,0.00006,0.00334,0.00106,0.00066,0.00065
4.09600,0.12794,0.98795,0.00181,0.00313,0.00168,0.00006,0.00313,0.00097,0.00081,0.00046
4.12800,0.12794,0.99063,0.00102,0.00337,0.00072,0.00006,0.00198,0.00087,0.00100,0.00035
4.16000,0.12794,0.99247,0.00058,0.00228,0.00081,0.00005,0.00237,0.00056,0.00044,0.00043
4.19200,0.12794,0.99097,0.00038,0.00285,0.00099,0.00005,0.00323,0.00058,0.00050,0.00043
4.22400,0.12794,0.99380,0.00028,0.00120,0.00092,0.00002,0.00293,0.00027,0.00014,0.00043
4.25600,0.12794,0.99262,0.00019,0.00061,0.00172,0.00001,0.00433,0.00010,0.00005,0.00037
4.28800,0.12794,0.99228,0.00015,0.00062,0.00172,0.00001,0.00489,0.00008,0.00005,0.00019
4.32000,0.12794,0.99278,0.00008,0.00034,0.00151,0.00001,0.00507,0.00005,0.00002,0.00014
4.35200,0.12794,0.98668,0.00019,0.00059,0.00373,0.00001,0.00843,0.00009,0.00005,0.00023
4.38400,0.12794,0.97662,0.00045,0.00080,0.00822,0.00002,0.01294,0.00019,0.00007,0.00069
4.41600,0.12794,0.96379,0.00071,0.00095,0.01429,0.00004,0.01855,0.00030,0.00008,0.00129
4.44800,0.12794,0.95586,0.00132,0.00134,0.01844,0.00005,0.02075,0.00051,0.00013,0.00160
4.48000,0.12794,0.96555,0.00114,0.00155,0.01173,0.00006,0.01794,0.00067,0.00019,0.00117
4.51200,0.12794,0.97213,0.00104,0.00166,0.00846,0.00005,0.01499,0.00064,0.00022,0.00082
4.54400,0.12794,0.97152,0.00104,0.00207,0.00870,0.00006,0.01489,0.00059,0.00031,0.00082
4.57600,0.12794,0.97339,0.00164,0.00255,0.00810,0.00009,0.01204,0.00074,0.00045,0.00099
4.60800,0.12794,0.96701,0.00156,0.00196,0.01302,0.00009,0.01422,0.00046,0.00027,0.00141
4.64000,0.12794,0.97332,0.00119,0.00166,0.00991,0.00007,0.01225,0.00038,0.00023,0.00099
4.67200,0.12794,0.97044,0.00138,0.00183,0.01167,0.00008,0.01267,0.00042,0.00024,0.00127
4.70400,0.12794,0.96985,0.00170,0.00209,0.01104,0.00010,0.01286,0.00060,0.00031,0.00144
4.73600,0.12794,0.98032,0.00153,0.00200,0.00511,0.00007,0.00892,0.00078,0.00031,0.00096
4.76800,0.12794,0.97944,0.00142,0.00200,0.00552,0.00006,0.00973,0.00074,0.00031,0.00079
4.80000,0.12794,0.98447,0.00083,0.00119,0.00400,0.00004,0.00826,0.00046,0.00016,0.00058
4.83200,0.12794,0.98669,0.00025,0.00063,0.00345,0.00001,0.00843,0.00015,0.00006,0.00033
4.86400,0.12794,0.98556,0.00015,0.00050,0.00367,0.00001,0.00968,0.00011,0.00004,0.00028
4.89600,0.12794,0.99012,0.00011,0.00029,0.00225,0.00001,0.00680,0.00008,0.00002,0.00034
4.92800,0.12794,0.98915,0.00013,0.00032,0.00284,0.00001,0.00704,0.00008,0.00002,0.00042
4.96000,0.12794,0.98289,0.00029,0.00073,0.00488,0.00002,0.01038,0.00020,0.00006,0.00056
4.99200,0.12794,0.97821,0.00044,0.00129,0.00665,0.00003,0.01234,0.00029,0.00015,0.00061
5.02400,0.12794,0.96158,0.00064,0.00217,0.01394,0.00005,0.02008,0.00043,0.00028,0.00082
5.05600,0.12794,0.96214,0.00086,0.00239,0.01301,0.00007,0.01969,0.00058,0.00030,0.00097
5.08800,0.12794,0.98286,0.00143,0.00275,0.00356,0.00012,0.00674,0.00112,0.00051,0.00091
5.12000,0.12794,0.97828,0.00451,0.00356,0.00407,0.00026,0.00499,0.00177,0.00081,0.00174
5.15200,0.12794,0.97263,0.00869,0.00442,0.00425,0.00039,0.00436,0.00206,0.00112,0.00209
5.18400,0.12794,0.97044,0.01277,0.00476,0.00288,0.00041,0.00284,0.00216,0.00128,0.00245
5.21600,0.12794,0.96986,0.01008,0.00456,0.00570,0.00035,0.00416,0.00131,0.00108,0.00291
5.24800,0.12794,0.98266,0.00380,0.00330,0.00310,0.00021,0.00318,0.00080,0.00065,0.00230
5.28000,0.12794,0.98521,0.00244,0.00290,0.00285,0.00016,0.00343,0.00065,0.00055,0.00181
5.31200,0.12794,0.97947,0.00279,0.00516,0.00394,0.00027,0.00418,0.00115,0.00146,0.00157
5.34400,0.12794,0.97782,0.00314,0.00743,0.00204,0.00033,0.00248,0.00214,0.00321,0.00141
5.37600,0.12794,0.95184,0.00334,0.02000,0.00260,0.00069,0.00319,0.00461,0.01216,0.00157
5.40800,0.12794,0.94158,0.00312,0.02413,0.00103,0.00101,0.00142,0.00737,0.01735,0.00299
5.44000,0.12794,0.93748,0.00371,0.02528,0.00085,0.00113,0.00124,0.00839,0.01875,0.00317
5.47200,0.12794,0.94478,0.00490,0.02206,0.00190,0.00127,0.00230,0.00600,0.01285,0.00393
5.50400,0.12794,0.96528,0.00610,0.01003,0.00246,0.00068,0.00281,0.00405,0.00483,0.00376
5.53600,0.12794,0.96071,0.01047,0.00920,0.00219,0.00059,0.00288,0.00631,0.00534,0.00231
5.56800,0.12794,0.95955,0.01016,0.00822,0.00092,0.00048,0.00166,0.01034,0.00662,0.00204
5.60000,0.12794,0.97465,0.00626,0.00451,0.00137,0.00028,0.00234,0.00605,0.00216,0.00237
5.63200,0.12794,0.97782,0.00167,0.00272,0.00484,0.00018,0.00578,0.00130,0.00069,0.00500
5.66400,0.12794,0.95572,0.00061,0.00166,0.01987,0.00010,0.01482,0.00032,0.00024,0.00667
5.69600,0.12794,0.89073,0.00033,0.00111,0.06484,0.00006,0.03742,0.00010,0.00010,0.00533
5.72800,0.12794,0.91511,0.00033,0.00090,0.05231,0.00004,0.02554,0.00007,0.00008,0.00562
5.76000,0.12794,0.97023,0.00138,0.00115,0.01531,0.00005,0.00853,0.00020,0.00016,0.00300
5.79200,0.12794,0.97905,0.00279,0.00149,0.00911,0.00006,0.00477,0.00026,0.00027,0.00220
5.82400,0.12794,0.98425,0.00315,0.00171,0.00549,0.00007,0.00309,0.00026,0.00038,0.00161
5.85600,0.12794,0.98639,0.00364,0.00236,0.00270,0.00008,0.00231,0.00058,0.00067,0.00128
5.88800,0.12794,0.98400,0.00379,0.00301,0.00295,0.00012,0.00269,0.00092,0.00082,0.00171
5.92000,0.12794,0.98225,0.00338,0.00414,0.00243,0.00012,0.00340,0.00174,0.00111,0.00142
5.95200,0.12794,0.97777,0.00351,0.00621,0.00227,0.00017,0.00360,0.00306,0.00183,0.00157
5.98400,0.12794,0.97454,0.00260,0.00679,0.00415,0.00016,0.00669,0.00225,0.00159,0.00125
6.01600,0.12794,0.98240,0.00183,0.00430,0.00267,0.00009,0.00562,0.00144,0.00092,0.00073
6.04800,0.12794,0.98395,0.00215,0.00438,0.00192,0.00010,0.00417,0.00153,0.00124,0.00055
6.08000,0.12794,0.98064,0.00328,0.00360,0.00367,0.00012,0.00577,0.00128,0.00087,0.00077
6.11200,0.12794,0.98107,0.00409,0.00299,0.00413,0.00013,0.00492,0.00099,0.00083,0.00085
6.14400,0.12794,0.97034,0.00546,0.00472,0.00785,0.00019,0.00778,0.00128,0.00144,0.00095
6.17600,0.12794,0.97561,0.00258,0.00319,0.00761,0.00011,0.00871,0.00072,0.00073,0.00074
6.20800,0.12794,0.98294,0.00131,0.00259,0.00453,0.00007,0.00695,0.00056,0.00051,0.00054
6.24000,0.12794,0.98650,0.00068,0.00205,0.00297,0.00005,0.00658,0.00044,0.00033,0.00041
6.27200,0.12794,0.98979,0.00038,0.00164,0.00188,0.00003,0.00541,0.00033,0.00024,0.00029
6.30400,0.12794,0.98796,0.00042,0.00158,0.00240,0.00003,0.00659,0.00041,0.00020,0.00041
6.33600,0.12794,0.98851,0.00047,0.00137,0.00247,0.00003,0.00625,0.00036,0.00020,0.00033
6.36800,0.12794,0.98491,0.00087,0.00203,0.00345,0.00004,0.00746,0.00057,0.00034,0.00033
6.40000,0.12794,0.98380,0.00104,0.00183,0.00433,0.00005,0.00777,0.00048,0.00028,0.00043
6.43200,0.12794,0.98389,0.00135,0.00237,0.00411,0.00007,0.00651,0.00059,0.00037,0.00074
6.46400,0.12794,0.97815,0.00281,0.00196,0.00690,0.00008,0.00708,0.00077,0.00024,0.00200
6.49600,0.12794,0.97431,0.00191,0.00128,0.00962,0.00007,0.00839,0.00052,0.00012,0.00379
6.52800,0.12794,0.96404,0.00148,0.00114,0.01558,0.00007,0.01230,0.00046,0.00010,0.00482
6.56000,0.12794,0.95252,0.00131,0.00099,0.02490,0.00005,0.01732,0.00030,0.00009,0.00252
6.59200,0.12794,0.95233,0.00075,0.00136,0.02260,0.00005,0.02116,0.00026,0.00014,0.00134
6.62400,0.12794,0.95406,0.00091,0.00143,0.02150,0.00004,0.02076,0.00029,0.00017,0.00085
6.65600,0.12794,0.95745,0.00131,0.00168,0.01841,0.00005,0.01995,0.00038,0.00024,0.00054
6.68800,0.12794,0.97137,0.00082,0.00105,0.01088,0.00003,0.01489,0.00027,0.00011,0.00058
6.72000,0.12794,0.97374,0.00070,0.00102,0.00988,0.00004,0.01369,0.00025,0.00012,0.00056
6.75200,0.12794,0.96759,0.00121,0.00174,0.01287,0.00007,0.01525,0.00037,0.00027,0.00064
6.78400,0.12794,0.96458,0.00154,0.00184,0.01534,0.00008,0.01502,0.00038,0.00029,0.00093
6.81600,0.12794,0.96136,0.00205,0.00224,0.01725,0.00010,0.01512,0.00048,0.00042,0.00098
6.84800,0.12794,0.97279,0.00214,0.00245,0.01001,0.00009,0.01062,0.00058,0.00049,0.00084
6.88000,0.12794,0.98186,0.00211,0.00336,0.00391,0.00010,0.00605,0.00108,0.00087,0.00064
6.91200,0.12794,0.98206,0.00181,0.00467,0.00277,0.00014,0.00497,0.00153,0.00137,0.00068
6.94400,0.12794,0.98030,0.00199,0.00670,0.00199,0.00019,0.00381,0.00197,0.00241,0.00064
6.97600,0.12794,0.98383,0.00145,0.00525,0.00217,0.00016,0.00376,0.00113,0.00138,0.00087
7.00800,0.12794,0.98903,0.00121,0.00260,0.00202,0.00009,0.00307,0.00049,0.00050,0.00100
7.04000,0.12794,0.99241,0.00108,0.00157,0.00135,0.00005,0.00213,0.00030,0.00025,0.00086
7.07200,0.12794,0.99481,0.00099,0.00074,0.00094,0.00003,0.00111,0.00012,0.00008,0.00117
7.10400,0.12794,0.99493,0.00120,0.00072,0.00039,0.00003,0.00050,0.00020,0.00009,0.00194
7.13600,0.12794,0.99333,0.00126,0.00060,0.00022,0.00003,0.00024,0.00020,0.00007,0.00405
7.16800,0.12794,0.99330,0.00092,0.00046,0.00009,0.00002,0.00010,0.00015,0.00006,0.00491
7.20000,0.12794,0.99238,0.00096,0.00051,0.00007,0.00001,0.00007,0.00018,0.00006,0.00575
7.23200,0.12794,0.99488,0.00063,0.00037,0.00003,0.00001,0.00005,0.00018,0.00005,0.00381
7.26400,0.12794,0.99652,0.00034,0.00042,0.00001,0.00001,0.00004,0.00027,0.00006,0.00232
7.29600,0.12794,0.99597,0.00050,0.00050,0.00002,0.00001,0.00007,0.00035,0.00007,0.00251
7.32800,0.12794,0.99560,0.00042,0.00060,0.00001,0.00001,0.00005,0.00089,0.00013,0.00230
7.36000,0.12794,0.99556,0.00066,0.00086,0.00002,0.00002,0.00008,0.00105,0.00023,0.00152
7.39200,0.12794,0.99467,0.00126,0.00122,0.00010,0.00003,0.00030,0.00103,0.00035,0.00105
7.42400,0.12794,0.99223,0.00207,0.00171,0.00026,0.00005,0.00066,0.00153,0.00059,0.00091
7.45600,0.12794,0.98633,0.00370,0.00222,0.00216,0.00008,0.00311,0.00097,0.00062,0.00082
7.48800,0.12794,0.97925,0.00484,0.00237,0.00549,0.00011,0.00535,0.00084,0.00061,0.00115
7.52000,0.12794,0.99080,0.00210,0.00179,0.00106,0.00007,0.00146,0.00070,0.00042,0.00160
7.55200,0.12794,0.99466,0.00139,0.00086,0.00055,0.00003,0.00058,0.00022,0.00015,0.00158
7.58400,0.12794,0.99635,0.00084,0.00054,0.00039,0.00002,0.00054,0.00016,0.00007,0.00109
7.61600,0.12794,0.99698,0.00047,0.00037,0.00049,0.00001,0.00078,0.00011,0.00004,0.00076
7.64800,0.12794,0.99318,0.00072,0.00065,0.00225,0.00002,0.00255,0.00011,0.00006,0.00046
7.68000,0.12794,0.98785,0.00060,0.00177,0.00313,0.00004,0.00573,0.00030,0.00020,0.00038
7.71200,0.12794,0.99101,0.00077,0.00240,0.00139,0.00005,0.00303,0.00055,0.00037,0.00044
7.74400,0.12794,0.99159,0.00061,0.00420,0.00033,0.00009,0.00086,0.00081,0.00080,0.00071
7.77600,0.12794,0.99048,0.00038,0.00504,0.00009,0.00016,0.00029,0.00100,0.00158,0.00098
7.80800,0.12794,0.98014,0.00021,0.01041,0.00003,0.00041,0.00010,0.00188,0.00559,0.00124
7.84000,0.12794,0.96545,0.00018,0.01878,0.00003,0.00067,0.00007,0.00179,0.00961,0.00343
7.87200,0.12794,0.92556,0.00038,0.03713,0.00007,0.00159,0.00010,0.00360,0.02634,0.00524
7.90400,0.12794,0.88704,0.00089,0.05394,0.00018,0.00312,0.00019,0.00544,0.04036,0.00884
7.93600,0.12794,0.89708,0.00304,0.03838,0.00046,0.00346,0.00029,0.00694,0.03294,0.01741
7.96800,0.12794,0.84342,0.00966,0.05775,0.00143,0.00723,0.00072,0.01117,0.05311,0.01551
8.00000,0.12794,0.84561,0.02664,0.04595,0.00368,0.00698,0.00159,0.01299,0.04250,0.01406
8.03200,0.12794,0.89052,0.03591,0.02228,0.01151,0.00235,0.00464,0.00828,0.01298,0.01151
8.06400,0.12794,0.90611,0.02551,0.01440,0.02746,0.00097,0.01162,0.00353,0.00492,0.00548
8.09600,0.12794,0.93891,0.00913,0.00479,0.02680,0.00026,0.01497,0.00126,0.00121,0.00267
8.12800,0.12794,0.96173,0.00291,0.00202,0.01806,0.00008,0.01281,0.00044,0.00032,0.00162
8.16000,0.12794,0.94416,0.00164,0.00140,0.03190,0.00006,0.01845,0.00024,0.00017,0.00197
8.19200,0.12794,0.93327,0.00120,0.00122,0.03958,0.00006,0.02246,0.00020,0.00014,0.00189
8.22400,0.12794,0.93861,0.00095,0.00137,0.03431,0.00005,0.02308,0.00020,0.00017,0.00126
8.25600,0.12794,0.94319,0.00069,0.00120,0.02988,0.00005,0.02378,0.00017,0.00014,0.00089
8.28800,0.12794,0.97244,0.00081,0.00105,0.01179,0.00003,0.01302,0.00022,0.00014,0.00050
8.32000,0.12794,0.98429,0.00084,0.00093,0.00520,0.00002,0.00800,0.00026,0.00014,0.00032
8.35200,0.12794,0.98751,0.00097,0.00081,0.00382,0.00002,0.00611,0.00026,0.00011,0.00039
8.38400,0.12794,0.98040,0.00132,0.00104,0.00651,0.00003,0.00939,0.00044,0.00014,0.00073
8.41600,0.12794,0.97706,0.00129,0.00134,0.00763,0.00004,0.01099,0.00050,0.00018,0.00098
8.44800,0.12794,0.97953,0.00113,0.00151,0.00603,0.00004,0.01028,0.00052,0.00024,0.00072
8.48000,0.12794,0.98343,0.00147,0.00155,0.00448,0.00004,0.00762,0.00057,0.00027,0.00058
8.51200,0.12794,0.98616,0.00133,0.00170,0.00333,0.00004,0.00610,0.00051,0.00036,0.00047
8.54400,0.12794,0.98571,0.00121,0.00172,0.00322,0.00004,0.00670,0.00059,0.00032,0.00048
8.57600,0.12794,0.98427,0.00089,0.00116,0.00443,0.00004,0.00761,0.00040,0.00014,0.00106
8.60800,0.12794,0.98053,0.00098,0.00124,0.00618,0.00005,0.00914,0.00041,0.00016,0.00132
8.64000,0.12794,0.98793,0.00114,0.00102,0.00310,0.00004,0.00509,0.00044,0.00014,0.00110
8.67200,0.12794,0.99232,0.00082,0.00078,0.00174,0.00003,0.00333,0.00028,0.00011,0.00059
8.70400,0.12794,0.99392,0.00050,0.00051,0.00144,0.00002,0.00284,0.00016,0.00006,0.00056
8.73600,0.12794,0.99523,0.00028,0.00043,0.00094,0.00001,0.00256,0.00012,0.00005,0.00038
8.76800,0.12794,0.99435,0.00016,0.00033,0.00124,0.00001,0.00336,0.00007,0.00003,0.00046
8.80000,0.12794,0.99499,0.00018,0.00043,0.00088,0.00001,0.00273,0.00010,0.00004,0.00064
8.83200,0.12794,0.99405,0.00034,0.00066,0.00101,0.00002,0.00295,0.00017,0.00007,0.00073
8.86400,0.12794,0.99269,0.00047,0.00079,0.00148,0.00002,0.00334,0.00021,0.00008,0.00092
8.89600,0.12794,0.98833,0.00127,0.00190,0.00231,0.00005,0.00422,0.00060,0.00033,0.00097
8.92800,0.12794,0.98519,0.00249,0.00224,0.00295,0.00007,0.00442,0.00098,0.00047,0.00119
8.96000,0.12794,0.98088,0.00440,0.00276,0.00265,0.00009,0.00404,0.00238,0.00059,0.00220
8.99200,0.12794,0.97411,0.00607,0.00406,0.00353,0.00015,0.00456,0.00328,0.00101,0.00324
9.02400,0.12794,0.97413,0.00431,0.00398,0.00505,0.00016,0.00578,0.00217,0.00090,0.00351
9.05600,0.12794,0.97005,0.00304,0.00359,0.01010,0.00014,0.00912,0.00112,0.00075,0.00209
9.08800,0.12794,0.97245,0.00239,0.00314,0.01149,0.00014,0.00826,0.00042,0.00081,0.00089
9.12000,0.12794,0.97446,0.00255,0.00304,0.01027,0.00011,0.00778,0.00042,0.00079,0.00058
9.15200,0.12794,0.98646,0.00169,0.00127,0.00530,0.00005,0.00418,0.00022,0.00024,0.00059
9.18400,0.12794,0.98818,0.00255,0.00127,0.00375,0.00005,0.00296,0.00026,0.00024,0.00074
9.21600,0.12794,0.98822,0.00215,0.00153,0.00296,0.00006,0.00334,0.00044,0.00026,0.00103
9.24800,0.12794,0.98724,0.00221,0.00158,0.00291,0.00006,0.00369,0.00064,0.00026,0.00142
9.28000,0.12794,0.98231,0.00269,0.00273,0.00371,0.00009,0.00497,0.00116,0.00043,0.00190
9.31200,0.12794,0.98135,0.00177,0.00322,0.00378,0.00010,0.00569,0.00149,0.00055,0.00204
9.34400,0.12794,0.97888,0.00242,0.00320,0.00483,0.00011,0.00615,0.00170,0.00061,0.00210
9.37600,0.12794,0.98051,0.00320,0.00350,0.00346,0.00013,0.00463,0.00190,0.00084,0.00183
9.40800,0.12794,0.97255,0.00473,0.00338,0.00709,0.00017,0.00735,0.00183,0.00091,0.00200
9.44000,0.12794,0.96330,0.00501,0.00324,0.01252,0.00017,0.01160,0.00145,0.00075,0.00197
9.47200,0.12794,0.96940,0.00391,0.00276,0.01056,0.00012,0.00990,0.00096,0.00060,0.00180
9.50400,0.12794,0.96858,0.00157,0.00202,0.01282,0.00007,0.01307,0.00045,0.00032,0.00110
9.53600,0.12794,0.98431,0.00099,0.00121,0.00559,0.00004,0.00666,0.00025,0.00018,0.00078
9.56800,0.12794,0.99147,0.00077,0.00100,0.00208,0.00003,0.00355,0.00026,0.00014,0.00069
9.60000,0.12794,0.99191,0.00041,0.00083,0.00184,0.00002,0.00416,0.00021,0.00009,0.00052
9.63200,0.12794,0.99390,0.00041,0.00053,0.00125,0.00002,0.00306,0.00018,0.00005,0.00060
9.66400,0.12794,0.99270,0.00062,0.00076,0.00166,0.00003,0.00337,0.00022,0.00009,0.00055
9.69600,0.12794,0.99299,0.00070,0.00065,0.00173,0.00002,0.00323,0.00019,0.00008,0.00041
9.72800,0.12794,0.99279,0.00110,0.00071,0.00177,0.00002,0.00294,0.00022,0.00011,0.00033
9.76000,0.12794,0.99280,0.00219,0.00088,0.00169,0.00003,0.00176,0.00017,0.00016,0.00032
9.79200,0.12794,0.99301,0.00244,0.00086,0.00151,0.00002,0.00144,0.00017,0.00016,0.00038
9.82400,0.12794,0.99103,0.00426,0.00121,0.00123,0.00004,0.00105,0.00030,0.00030,0.00057
9.85600,0.12794,0.98203,0.01083,0.00184,0.00190,0.00008,0.00120,0.00054,0.00053,0.00105
9.88800,0.12794,0.97035,0.01576,0.00352,0.00343,0.00016,0.00236,0.00165,0.00137,0.00141
9.92000,0.12794,0.95438,0.01646,0.00673,0.00771,0.00028,0.00541,0.00396,0.00268,0.00239
9.95200,0.12794,0.93404,0.01216,0.01519,0.01404,0.00036,0.01036,0.00505,0.00718,0.00162
9.98400,0.12794,0.92137,0.00878,0.02125,0.01791,0.00040,0.01314,0.00522,0.01005,0.00188
10.01600,0.12794,0.91356,0.00614,0.02030,0.02838,0.00036,0.01762,0.00393,0.00726,0.00245
10.04800,0.12794,0.93684,0.00470,0.01420,0.02101,0.00030,0.01413,0.00221,0.00486,0.00175
10.08000,0.12794,0.92239,0.00730,0.00968,0.03398,0.00035,0.01829,0.00208,0.00255,0.00337
10.11200,0.12794,0.90799,0.00831,0.00844,0.04347,0.00036,0.02376,0.00226,0.00194,0.00348
10.14400,0.12794,0.91791,0.00833,0.00599,0.03914,0.00028,0.02201,0.00182,0.00127,0.00323
10.17600,0.12794,0.90897,0.00883,0.00680,0.04276,0.00030,0.02597,0.00217,0.00162,0.00258
10.20800,0.12794,0.95070,0.00399,0.00359,0.02016,0.00014,0.01833,0.00107,0.00071,0.00131
10.24000,0.12794,0.97924,0.00085,0.00155,0.00675,0.00005,0.01043,0.00034,0.00022,0.00059
10.27200,0.12794,0.98754,0.00027,0.00080,0.00303,0.00002,0.00779,0.00016,0.00008,0.00031
10.30400,0.12794,0.99298,0.00008,0.00028,0.00128,0.00000,0.00510,0.00006,0.00002,0.00020
10.33600,0.12794,0.99192,0.00004,0.00016,0.00171,0.00000,0.00594,0.00003,0.00001,0.00018
10.36800,0.12794,0.98770,0.00004,0.00012,0.00294,0.00000,0.00891,0.00003,0.00000,0.00025
10.40000,0.12794,0.98672,0.00008,0.00017,0.00369,0.00000,0.00903,0.00004,0.00001,0.00026
10.43200,0.12794,0.98821,0.00019,0.00027,0.00344,0.00001,0.00741,0.00008,0.00002,0.00038
10.46400,0.12794,0.98651,0.00038,0.00053,0.00382,0.00001,0.00818,0.00015,0.00005,0.00037
10.49600,0.12794,0.98909,0.00056,0.00064,0.00305,0.00002,0.00607,0.00018,0.00007,0.00031
10.52800,0.12794,0.98985,0.00061,0.00068,0.00244,0.00002,0.00577,0.00025,0.00007,0.00031
10.56000,0.12794,0.98465,0.00038,0.00065,0.00453,0.00002,0.00919,0.00017,0.00007,0.00034
10.59200,0.12794,0.98671,0.00031,0.00042,0.00423,0.00001,0.00764,0.00012,0.00003,0.00052
10.62400,0.12794,0.98927,0.00024,0.00038,0.00312,0.00001,0.00650,0.00009,0.00003,0.00035
10.65600,0.12794,0.99018,0.00010,0.00027,0.00262,0.00001,0.00650,0.00005,0.00002,0.00027
10.68800,0.12794,0.99380,0.00004,0.00018,0.00121,0.00000,0.00461,0.00003,0.00001,0.00012
10.72000,0.12794,0.99300,0.00002,0.00020,0.00109,0.00000,0.00559,0.00002,0.00001,0.00006
10.75200,0.12794,0.99115,0.00003,0.00020,0.00149,0.00000,0.00702,0.00002,0.00001,0.00008
10.78400,0.12794,0.98934,0.00004,0.00026,0.00204,0.00000,0.00813,0.00004,0.00001,0.00014
10.81600,0.12794,0.98444,0.00014,0.00040,0.00430,0.00001,0.01022,0.00008,0.00003,0.00038
10.84800,0.12794,0.97447,0.00028,0.00054,0.00932,0.00002,0.01452,0.00012,0.00004,0.00070
10.88000,0.12794,0.96817,0.00024,0.00059,0.01204,0.00002,0.01809,0.00012,0.00004,0.00068
10.91200,0.12794,0.96520,0.00013,0.00036,0.01309,0.00001,0.02051,0.00007,0.00002,0.00061
10.94400,0.12794,0.97100,0.00005,0.00020,0.00840,0.00000,0.01999,0.00004,0.00001,0.00031
10.97600,0.12794,0.97591,0.00003,0.00015,0.00565,0.00000,0.01801,0.00003,0.00000,0.00021
11.00800,0.12794,0.97575,0.00002,0.00012,0.00527,0.00000,0.01859,0.00002,0.00000,0.00022
11.04000,0.12794,0.97602,0.00002,0.00014,0.00504,0.00000,0.01856,0.00002,0.00000,0.00018
11.07200,0.12794,0.97001,0.00001,0.00012,0.00718,0.00000,0.02243,0.00001,0.00000,0.00022
11.10400,0.12794,0.97350,0.00001,0.00012,0.00580,0.00000,0.02034,0.00001,0.00000,0.00022
11.13600,0.12794,0.97409,0.00001,0.00011,0.00552,0.00000,0.02007,0.00001,0.00000,0.00019
11.16800,0.12794,0.97979,0.00001,0.00012,0.00419,0.00000,0.01571,0.00001,0.00000,0.00017
11.20000,0.12794,0.98511,0.00001,0.00019,0.00270,0.00000,0.01187,0.00002,0.00001,0.00009
11.23200,0.12794,0.98605,0.00002,0.00019,0.00281,0.00000,0.01081,0.00002,0.00001,0.00009
11.26400,0.12794,0.98702,0.00002,0.00012,0.00300,0.00000,0.00965,0.00002,0.00000,0.00017
11.29600,0.12794,0.98660,0.00002,0.00009,0.00316,0.00000,0.00994,0.00001,0.00000,0.00018
11.32800,0.12794,0.98556,0.00003,0.00012,0.00337,0.00000,0.01075,0.00002,0.00000,0.00015
11.36000,0.12794,0.98601,0.00003,0.00011,0.00314,0.00000,0.01054,0.00002,0.00000,0.00014
11.39200,0.12794,0.98651,0.00005,0.00015,0.00309,0.00000,0.01004,0.00003,0.00001,0.00012
11.42400,0.12794,0.98867,0.00008,0.00017,0.00276,0.00000,0.00812,0.00004,0.00001,0.00014
11.45600,0.12794,0.99194,0.00006,0.00010,0.00224,0.00000,0.00539,0.00002,0.00000,0.00025
11.48800,0.12794,0.99163,0.00007,0.00010,0.00239,0.00000,0.00550,0.00002,0.00000,0.00028
11.52000,0.12794,0.99259,0.00006,0.00011,0.00183,0.00000,0.00519,0.00003,0.00000,0.00018
11.55200,0.12794,0.99141,0.00004,0.00012,0.00200,0.00000,0.00628,0.00002,0.00001,0.00012
11.58400,0.12794,0.98918,0.00002,0.00010,0.00202,0.00000,0.00856,0.00002,0.00000,0.00010
11.61600,0.12794,0.98914,0.00001,0.00007,0.00194,0.00000,0.00873,0.00001,0.00000,0.00009
11.64800,0.12794,0.98766,0.00001,0.00005,0.00223,0.00000,0.00994,0.00001,0.00000,0.00011
11.68000,0.12794,0.98403,0.00001,0.00012,0.00316,0.00000,0.01243,0.00002,0.00000,0.00022
11.71200,0.12794,0.98272,0.00005,0.00035,0.00419,0.00001,0.01213,0.00008,0.00002,0.00046
11.74400,0.12794,0.97997,0.00014,0.00073,0.00545,0.00001,0.01288,0.00017,0.00005,0.00059
11.77600,0.12794,0.97884,0.00040,0.00157,0.00503,0.00003,0.01294,0.00049,0.00017,0.00053
11.80800,0.12794,0.97986,0.00012,0.00062,0.00498,0.00001,0.01388,0.00013,0.00004,0.00035
11.84000,0.12794,0.98038,0.00004,0.00027,0.00402,0.00000,0.01508,0.00004,0.00001,0.00016
11.87200,0.12794,0.98290,0.00001,0.00012,0.00283,0.00000,0.01400,0.00002,0.00000,0.00012
11.90400,0.12794,0.98322,0.00001,0.00010,0.00262,0.00000,0.01396,0.00001,0.00000,0.00008
11.93600,0.12794,0.98471,0.00001,0.00007,0.00249,0.00000,0.01262,0.00001,0.00000,0.00010
11.96800,0.12794,0.98616,0.00000,0.00008,0.00228,0.00000,0.01138,0.00001,0.00000,0.00009
12.00000,0.12794,0.98442,0.00000,0.00007,0.00302,0.00000,0.01235,0.00001,0.00000,0.00013
12.03200,0.12794,0.98797,0.00001,0.00009,0.00191,0.00000,0.00991,0.00001,0.00000,0.00010
12.06400,0.12794,0.98535,0.00002,0.00019,0.00249,0.00000,0.01181,0.00003,0.00001,0.00010
12.09600,0.12794,0.98629,0.00006,0.00034,0.00253,0.00000,0.01055,0.00008,0.00002,0.00012
12.12800,0.12794,0.98719,0.00022,0.00078,0.00261,0.00001,0.00878,0.00021,0.00008,0.00013
12.16000,0.12794,0.98527,0.00020,0.00070,0.00426,0.00001,0.00913,0.00014,0.00006,0.00023
12.19200,0.12794,0.98818,0.00014,0.00056,0.00315,0.00001,0.00769,0.00008,0.00006,0.00013
12.22400,0.12794,0.98237,0.00006,0.00022,0.00540,0.00001,0.01164,0.00004,0.00001,0.00027
12.25600,0.12794,0.97590,0.00003,0.00013,0.00666,0.00000,0.01698,0.00002,0.00000,0.00028
12.28800,0.12794,0.97703,0.00002,0.00013,0.00539,0.00000,0.01716,0.00002,0.00000,0.00023
12.32000,0.12794,0.98179,0.00003,0.00015,0.00398,0.00000,0.01371,0.00003,0.00000,0.00031
12.35200,0.12794,0.99086,0.00005,0.00031,0.00153,0.00000,0.00702,0.00006,0.00002,0.00014
12.38400,0.12794,0.98597,0.00012,0.00148,0.00228,0.00004,0.00958,0.00012,0.00009,0.00031
12.41600,0.12794,0.96404,0.00021,0.01532,0.00173,0.00425,0.01186,0.00029,0.00185,0.00044
12.44800,0.12794,0.66627,0.00016,0.09163,0.00073,0.21713,0.01273,0.00035,0.01052,0.00047
12.48000,0.12794,0.03566,0.00001,0.06005,0.00004,0.89828,0.00099,0.00003,0.00490,0.00004
12.51200,0.12794,0.00373,0.00000,0.01468,0.00000,0.97944,0.00009,0.00000,0.00205,0.00000
12.54400,0.12794,0.00464,0.00000,0.01642,0.00000,0.97624,0.00014,0.00001,0.00254,0.00000
12.57600,0.12794,0.00498,0.00000,0.01356,0.00001,0.97927,0.00025,0.00000,0.00193,0.00000
12.60800,0.12794,0.00422,0.00000,0.00573,0.00000,0.98897,0.00045,0.00000,0.00064,0.00000
12.64000,0.12794,0.00375,0.00000,0.00591,0.00000,0.98941,0.00062,0.00000,0.00030,0.00000
12.67200,0.12794,0.00181,0.00000,0.00406,0.00000,0.99374,0.00028,0.00000,0.00011,0.00000
12.70400,0.12794,0.00184,0.00000,0.00702,0.00000,0.99086,0.00016,0.00000,0.00013,0.00000
12.73600,0.12794,0.00316,0.00000,0.01917,0.00000,0.97705,0.00017,0.00000,0.00045,0.00000
12.76800,0.12794,0.00393,0.00000,0.03116,0.00000,0.96362,0.00013,0.00000,0.00116,0.00000
12.80000,0.12794,0.00585,0.00000,0.05347,0.00001,0.93722,0.00015,0.00001,0.00328,0.00001
12.83200,0.12794,0.00823,0.00002,0.06140,0.00003,0.92035,0.00016,0.00002,0.00979,0.00001
12.86400,0.12794,0.00809,0.00001,0.03850,0.00002,0.94171,0.00009,0.00002,0.01156,0.00001
12.89600,0.12794,0.00842,0.00001,0.03644,0.00001,0.94347,0.00005,0.00002,0.01159,0.00001
12.92800,0.12794,0.00938,0.00000,0.02483,0.00000,0.95229,0.00003,0.00002,0.01344,0.00001
12.96000,0.12794,0.00920,0.00000,0.02420,0.00000,0.95838,0.00002,0.00001,0.00818,0.00001
12.99200,0.12794,0.01100,0.00000,0.03574,0.00000,0.94092,0.00002,0.00001,0.01229,0.00001
13.02400,0.12794,0.01328,0.00000,0.03351,0.00000,0.94571,0.00003,0.00001,0.00744,0.00002
13.05600,0.12794,0.02338,0.00000,0.04734,0.00000,0.92246,0.00005,0.00001,0.00671,0.00005
13.08800,0.12794,0.04335,0.00000,0.06583,0.00000,0.88341,0.00006,0.00003,0.00720,0.00013
13.12000,0.12794,0.01342,0.00000,0.02767,0.00000,0.95749,0.00002,0.00000,0.00139,0.00001
13.15200,0.12794,0.00627,0.00000,0.02011,0.00000,0.97217,0.00000,0.00000,0.00143,0.00000
13.18400,0.12794,0.00199,0.00000,0.00998,0.00000,0.98689,0.00000,0.00000,0.00114,0.00000
13.21600,0.12794,0.00051,0.00000,0.00332,0.00000,0.99516,0.00000,0.00000,0.00102,0.00000
13.24800,0.12794,0.00206,0.00000,0.01039,0.00000,0.97930,0.00000,0.00000,0.00825,0.00000
13.28000,0.12794,0.00427,0.00000,0.01598,0.00000,0.96250,0.00000,0.00001,0.01724,0.00000
13.31200,0.12794,0.00888,0.00000,0.02533,0.00000,0.94202,0.00000,0.00003,0.02373,0.00001
13.34400,0.12794,0.01617,0.00000,0.03869,0.00000,0.90918,0.00000,0.00009,0.03585,0.00002
13.37600,0.12794,0.01409,0.00000,0.02342,0.00000,0.93363,0.00000,0.00005,0.02879,0.00001
13.40800,0.12794,0.01118,0.00000,0.01254,0.00000,0.95630,0.00000,0.00002,0.01995,0.00001
13.44000,0.12794,0.00864,0.00000,0.00976,0.00000,0.97279,0.00000,0.00001,0.00879,0.00001
13.47200,0.12794,0.01369,0.00000,0.01499,0.00000,0.96037,0.00001,0.00001,0.01092,0.00002
13.50400,0.12794,0.00881,0.00000,0.01234,0.00000,0.97100,0.00001,0.00001,0.00782,0.00001
13.53600,0.12794,0.00457,0.00000,0.01008,0.00000,0.98081,0.00001,0.00000,0.00453,0.00000
13.56800,0.12794,0.00341,0.00000,0.01104,0.00000,0.98182,0.00001,0.00000,0.00371,0.00000
13.60000,0.12794,0.00154,0.00000,0.00655,0.00000,0.98983,0.00001,0.00000,0.00208,0.00000
13.63200,0.12794,0.00558,0.00000,0.01978,0.00000,0.96767,0.00002,0.00000,0.00694,0.00000
13.66400,0.12794,0.01162,0.00003,0.04494,0.00002,0.90176,0.00004,0.00002,0.04155,0.00001
13.69600,0.12794,0.00922,0.00006,0.02937,0.00004,0.87510,0.00002,0.00002,0.08616,0.00000
13.72800,0.12794,0.00555,0.00003,0.01593,0.00002,0.91851,0.00001,0.00001,0.05994,0.00000
13.76000,0.12794,0.00178,0.00000,0.00530,0.00000,0.96806,0.00000,0.00000,0.02486,0.00000
13.79200,0.12794,0.00163,0.00000,0.00356,0.00000,0.98765,0.00000,0.00000,0.00714,0.00000
13.82400,0.12794,0.00233,0.00000,0.00474,0.00000,0.98340,0.00001,0.00000,0.00952,0.00000
13.85600,0.12794,0.00287,0.00000,0.00539,0.00000,0.98086,0.00001,0.00000,0.01087,0.00000
13.88800,0.12794,0.00237,0.00000,0.00398,0.00000,0.98164,0.00001,0.00000,0.01200,0.00000
13.92000,0.12794,0.00265,0.00000,0.00449,0.00000,0.97162,0.00000,0.00001,0.02122,0.00000
13.95200,0.12794,0.00211,0.00000,0.00294,0.00000,0.97586,0.00000,0.00000,0.01908,0.00000
13.98400,0.12794,0.00325,0.00000,0.00402,0.00000,0.95433,0.00000,0.00001,0.03839,0.00000
14.01600,0.12794,0.00657,0.00000,0.00710,0.00000,0.92165,0.00001,0.00003,0.06463,0.00000
14.04800,0.12794,0.01275,0.00000,0.00926,0.00000,0.87086,0.00001,0.00007,0.10704,0.00000
14.08000,0.12794,0.02215,0.00001,0.01401,0.00000,0.82794,0.00001,0.00013,0.13575,0.00001
14.11200,0.12794,0.03815,0.00001,0.02136,0.00000,0.69679,0.00001,0.00027,0.24340,0.00002
14.14400,0.12794,0.04227,0.00000,0.02447,0.00000,0.79738,0.00001,0.00014,0.13569,0.00002
14.17600,0.12794,0.03054,0.00000,0.01934,0.00000,0.85912,0.00001,0.00008,0.09089,0.00002
14.20800,0.12794,0.01368,0.00000,0.01053,0.00000,0.91125,0.00001,0.00003,0.06450,0.00000
14.24000,0.12794,0.00766,0.00000,0.00787,0.00000,0.96138,0.00001,0.00001,0.02307,0.00000
14.27200,0.12794,0.00471,0.00000,0.00596,0.00000,0.97779,0.00001,0.00001,0.01153,0.00000
14.30400,0.12794,0.00224,0.00000,0.00362,0.00000,0.98649,0.00001,0.00000,0.00764,0.00000
14.33600,0.12794,0.00243,0.00000,0.00525,0.00000,0.98775,0.00001,0.00000,0.00456,0.00000
14.36800,0.12794,0.00261,0.00000,0.00543,0.00000,0.98468,0.00001,0.00000,0.00726,0.00000
14.40000,0.12794,0.00264,0.00000,0.00523,0.00000,0.98307,0.00001,0.00000,0.00904,0.00000
14.43200,0.12794,0.00167,0.00000,0.00463,0.00000,0.99061,0.00001,0.00000,0.00308,0.00000
14.46400,0.12794,0.00153,0.00000,0.00368,0.00000,0.99222,0.00000,0.00000,0.00257,0.00000
14.49600,0.12794,0.00178,0.00000,0.00380,0.00000,0.99189,0.00000,0.00000,0.00253,0.00000
14.52800,0.12794,0.00155,0.00000,0.00346,0.00000,0.99283,0.00000,0.00000,0.00216,0.00000
14.56000,0.12794,0.00275,0.00000,0.00425,0.00000,0.98795,0.00000,0.00000,0.00505,0.00000
14.59200,0.12794,0.00668,0.00000,0.00797,0.00000,0.97029,0.00000,0.00001,0.01505,0.00000
14.62400,0.12794,0.00946,0.00000,0.01104,0.00000,0.95933,0.00000,0.00001,0.02016,0.00000
14.65600,0.12794,0.01984,0.00000,0.02285,0.00000,0.91696,0.00000,0.00004,0.04030,0.00001
14.68800,0.12794,0.04546,0.00000,0.04662,0.00000,0.81027,0.00001,0.00030,0.09732,0.00002
14.72000,0.12794,0.03615,0.00000,0.06604,0.00000,0.82120,0.00001,0.00031,0.07627,0.00002
14.75200,0.12794,0.02037,0.00000,0.04682,0.00000,0.88168,0.00001,0.00013,0.05099,0.00001
14.78400,0.12794,0.00831,0.00000,0.02204,0.00000,0.93639,0.00000,0.00003,0.03323,0.00000
14.81600,0.12794,0.00642,0.00000,0.01904,0.00000,0.94461,0.00000,0.00002,0.02992,0.00000
14.84800,0.12794,0.00273,0.00000,0.00701,0.00000,0.97433,0.00000,0.00000,0.01593,0.00000
14.88000,0.12794,0.00338,0.00000,0.00881,0.00000,0.95550,0.00000,0.00001,0.03230,0.00000
14.91200,0.12794,0.00412,0.00000,0.01250,0.00000,0.94327,0.00000,0.00001,0.04010,0.00000
14.94400,0.12794,0.00517,0.00000,0.01350,0.00000,0.93452,0.00000,0.00002,0.04680,0.00000
14.97600,0.12794,0.00756,0.00000,0.01745,0.00000,0.92826,0.00000,0.00002,0.04671,0.00000
15.00800,0.12794,0.00287,0.00000,0.00932,0.00000,0.98047,0.00000,0.00000,0.00734,0.00000
15.04000,0.12794,0.00442,0.00000,0.00990,0.00000,0.98197,0.00000,0.00000,0.00370,0.00000
15.07200,0.12794,0.00597,0.00000,0.01092,0.00000,0.98054,0.00000,0.00000,0.00256,0.00000
15.10400,0.12794,0.01127,0.00000,0.01627,0.00000,0.96961,0.00001,0.00000,0.00283,0.00001
15.13600,0.12794,0.04741,0.00000,0.04220,0.00000,0.90125,0.00004,0.00003,0.00900,0.00008
15.16800,0.12794,0.04575,0.00000,0.05153,0.00000,0.89323,0.00005,0.00003,0.00932,0.00009
15.20000,0.12794,0.02019,0.00000,0.03898,0.00000,0.93754,0.00003,0.00001,0.00323,0.00003
15.23200,0.12794,0.01632,0.00000,0.03548,0.00000,0.94488,0.00002,0.00000,0.00328,0.00002
15.26400,0.12794,0.00959,0.00000,0.01949,0.00000,0.96815,0.00001,0.00000,0.00275,0.00001
15.29600,0.12794,0.00991,0.00000,0.01585,0.00000,0.96802,0.00001,0.00000,0.00620,0.00000
15.32800,0.12794,0.01013,0.00000,0.01996,0.00000,0.95937,0.00001,0.00000,0.01052,0.00001
15.36000,0.12794,0.01143,0.00000,0.02652,0.00000,0.95188,0.00002,0.00000,0.01013,0.00001
15.39200,0.12794,0.01129,0.00000,0.03049,0.00000,0.95123,0.00002,0.00000,0.00695,0.00001
15.42400,0.12794,0.01309,0.00000,0.03599,0.00000,0.94624,0.00003,0.00000,0.00463,0.00001
15.45600,0.12794,0.01212,0.00000,0.02182,0.00000,0.96123,0.00004,0.00000,0.00478,0.00001
15.48800,0.12794,0.00627,0.00000,0.01065,0.00000,0.98058,0.00003,0.00000,0.00246,0.00000
15.52000,0.12794,0.00625,0.00000,0.00982,0.00000,0.97920,0.00002,0.00000,0.00470,0.00000
15.55200,0.12794,0.00790,0.00000,0.01262,0.00000,0.97301,0.00002,0.00001,0.00644,0.00000
15.58400,0.12794,0.00831,0.00000,0.01736,0.00000,0.96879,0.00002,0.00001,0.00551,0.00001
15.61600,0.12794,0.01050,0.00000,0.03071,0.00000,0.95158,0.00002,0.00001,0.00717,0.00001
15.64800,0.12794,0.01596,0.00000,0.06597,0.00000,0.91253,0.00005,0.00001,0.00545,0.00003
15.68000,0.12794,0.00923,0.00000,0.04666,0.00000,0.93778,0.00003,0.00001,0.00627,0.00001
15.71200,0.12794,0.00692,0.00000,0.03021,0.00000,0.95435,0.00002,0.00001,0.00847,0.00001
15.74400,0.12794,0.00498,0.00000,0.01356,0.00000,0.97201,0.00002,0.00001,0.00941,0.00000
15.77600,0.12794,0.00437,0.00000,0.00807,0.00000,0.97003,0.00001,0.00002,0.01750,0.00000
15.80800,0.12794,0.00504,0.00000,0.00681,0.00000,0.96967,0.00002,0.00002,0.01842,0.00000
15.84000,0.12794,0.00773,0.00001,0.00921,0.00001,0.95061,0.00003,0.00005,0.03236,0.00000
15.87200,0.12794,0.00805,0.00001,0.01361,0.00001,0.95069,0.00004,0.00005,0.02754,0.00000
15.90400,0.12794,0.00794,0.00001,0.01598,0.00001,0.95608,0.00005,0.00004,0.01987,0.00001
15.93600,0.12794,0.00867,0.00001,0.02257,0.00001,0.94495,0.00005,0.00004,0.02367,0.00001
15.96800,0.12794,0.00690,0.00002,0.01713,0.00002,0.95783,0.00005,0.00003,0.01803,0.00000
16.00000,0.12794,0.00837,0.00002,0.01859,0.00002,0.94328,0.00004,0.00003,0.02965,0.00001
16.03200,0.12794,0.00650,0.00001,0.01466,0.00001,0.95609,0.00003,0.00002,0.02268,0.00000
16.06400,0.12794,0.00526,0.00001,0.01090,0.00001,0.96590,0.00003,0.00001,0.01787,0.00000
16.09600,0.12794,0.00515,0.00001,0.01219,0.00001,0.96280,0.00003,0.00001,0.01978,0.00000
16.12800,0.12794,0.00475,0.00001,0.01011,0.00001,0.97381,0.00004,0.00001,0.01125,0.00000
16.16000,0.12794,0.00518,0.00001,0.01092,0.00001,0.96733,0.00004,0.00002,0.01648,0.00000
16.19200,0.12794,0.00586,0.00001,0.01202,0.00001,0.96558,0.00004,0.00002,0.01645,0.00001
16.22400,0.12794,0.00572,0.00000,0.01415,0.00001,0.97113,0.00004,0.00002,0.00892,0.00001
16.25600,0.12794,0.00744,0.00001,0.01801,0.00001,0.96489,0.00006,0.00002,0.00954,0.00002
16.28800,0.12794,0.00850,0.00001,0.02461,0.00001,0.95913,0.00009,0.00002,0.00760,0.00003
16.32000,0.12794,0.00777,0.00000,0.02413,0.00000,0.96362,0.00009,0.00002,0.00433,0.00004
16.35200,0.12794,0.00782,0.00000,0.02442,0.00000,0.96297,0.00008,0.00002,0.00465,0.00004
16.38400,0.12794,0.00801,0.00000,0.02663,0.00000,0.95967,0.00007,0.00002,0.00557,0.00003
16.41600,0.12794,0.00683,0.00000,0.01916,0.00000,0.96827,0.00004,0.00001,0.00566,0.00002
16.44800,0.12794,0.00665,0.00000,0.01921,0.00000,0.96749,0.00003,0.00001,0.00658,0.00002
16.48000,0.12794,0.00513,0.00000,0.01457,0.00000,0.97533,0.00002,0.00001,0.00492,0.00001
16.51200,0.12794,0.00555,0.00000,0.01332,0.00000,0.97568,0.00002,0.00001,0.00540,0.00001
16.54400,0.12794,0.00554,0.00000,0.01348,0.00000,0.97566,0.00003,0.00001,0.00526,0.00001
16.57600,0.12794,0.00668,0.00000,0.01567,0.00000,0.97221,0.00003,0.00002,0.00536,0.00002
16.60800,0.12794,0.00673,0.00000,0.01521,0.00000,0.97320,0.00004,0.00002,0.00479,0.00002
16.64000,0.12794,0.00478,0.00000,0.01229,0.00000,0.98007,0.00002,0.00001,0.00281,0.00001
16.67200,0.12794,0.00472,0.00000,0.01141,0.00000,0.98180,0.00002,0.00001,0.00203,0.00001
16.70400,0.12794,0.00505,0.00000,0.01115,0.00000,0.98168,0.00003,0.00001,0.00208,0.00001
16.73600,0.12794,0.00426,0.00000,0.01043,0.00000,0.98416,0.00003,0.00000,0.00112,0.00001
16.76800,0.12794,0.00342,0.00000,0.00969,0.00000,0.98618,0.00004,0.00000,0.00067,0.00000
16.80000,0.12794,0.00299,0.00000,0.00932,0.00000,0.98710,0.00004,0.00000,0.00054,0.00000
16.83200,0.12794,0.00259,0.00000,0.00806,0.00000,0.98913,0.00008,0.00000,0.00014,0.00000
16.86400,0.12794,0.00312,0.00000,0.01024,0.00000,0.98629,0.00011,0.00000,0.00023,0.00000
16.89600,0.12794,0.00381,0.00000,0.01228,0.00000,0.98345,0.00019,0.00000,0.00026,0.00001
16.92800,0.12794,0.00325,0.00000,0.01008,0.00000,0.98622,0.00023,0.00000,0.00021,0.00001
16.96000,0.12794,0.00246,0.00000,0.00793,0.00000,0.98912,0.00014,0.00000,0.00034,0.00000
16.99200,0.12794,0.00188,0.00000,0.00496,0.00000,0.99284,0.00013,0.00000,0.00018,0.00000
17.02400,0.12794,0.00136,0.00000,0.00270,0.00000,0.99571,0.00011,0.00000,0.00011,0.00000
17.05600,0.12794,0.00120,0.00000,0.00191,0.00000,0.99668,0.00014,0.00000,0.00007,0.00000
17.08800,0.12794,0.00134,0.00000,0.00190,0.00000,0.99656,0.00011,0.00000,0.00010,0.00000
17.12000,0.12794,0.00185,0.00000,0.00240,0.00000,0.99546,0.00010,0.00000,0.00019,0.00000
17.15200,0.12794,0.00197,0.00000,0.00241,0.00000,0.99532,0.00011,0.00000,0.00019,0.00000
17.18400,0.12794,0.00260,0.00000,0.00306,0.00000,0.99388,0.00009,0.00000,0.00036,0.00000
17.21600,0.12794,0.00264,0.00000,0.00300,0.00000,0.99390,0.00008,0.00000,0.00038,0.00000
17.24800,0.12794,0.00194,0.00000,0.00253,0.00000,0.99519,0.00006,0.00000,0.00028,0.00000
17.28000,0.12794,0.00231,0.00000,0.00343,0.00000,0.99367,0.00004,0.00000,0.00055,0.00000
17.31200,0.12794,0.00215,0.00000,0.00346,0.00000,0.99387,0.00004,0.00000,0.00046,0.00000
17.34400,0.12794,0.00186,0.00000,0.00437,0.00000,0.99338,0.00005,0.00000,0.00033,0.00000
17.37600,0.12794,0.00191,0.00000,0.00532,0.00000,0.99238,0.00005,0.00000,0.00033,0.00000
17.40800,0.12794,0.00220,0.00000,0.00733,0.00000,0.98999,0.00006,0.00000,0.00042,0.00000
17.44000,0.12794,0.00300,0.00000,0.01074,0.00000,0.98494,0.00004,0.00000,0.00128,0.00000
17.47200,0.12794,0.00382,0.00000,0.01136,0.00000,0.98174,0.00004,0.00000,0.00303,0.00000
17.50400,0.12794,0.00456,0.00000,0.01149,0.00000,0.97881,0.00004,0.00001,0.00507,0.00000
17.53600,0.12794,0.00713,0.00000,0.01452,0.00001,0.96783,0.00005,0.00001,0.01044,0.00001
17.56800,0.12794,0.00781,0.00000,0.01407,0.00000,0.96939,0.00004,0.00001,0.00867,0.00001
17.60000,0.12794,0.01062,0.00000,0.01510,0.00000,0.95899,0.00003,0.00002,0.01522,0.00001
17.63200,0.12794,0.01164,0.00000,0.01477,0.00000,0.96228,0.00003,0.00001,0.01125,0.00001
17.66400,0.12794,0.01128,0.00000,0.01490,0.00000,0.95781,0.00002,0.00001,0.01598,0.00000
17.69600,0.12794,0.01526,0.00000,0.01884,0.00000,0.95162,0.00003,0.00001,0.01423,0.00001
17.72800,0.12794,0.02766,0.00000,0.02868,0.00000,0.93266,0.00005,0.00002,0.01090,0.00002
17.76000,0.12794,0.03092,0.00000,0.03084,0.00000,0.92767,0.00003,0.00002,0.01050,0.00002
17.79200,0.12794,0.01889,0.00000,0.02064,0.00000,0.95587,0.00003,0.00001,0.00456,0.00001
17.82400,0.12794,0.01362,0.00000,0.01865,0.00000,0.96340,0.00002,0.00000,0.00431,0.00001
17.85600,0.12794,0.00617,0.00000,0.01151,0.00000,0.97882,0.00000,0.00000,0.00349,0.00000
17.88800,0.12794,0.00566,0.00000,0.01263,0.00000,0.97820,0.00000,0.00000,0.00350,0.00000
17.92000,0.12794,0.00923,0.00000,0.01804,0.00000,0.96699,0.00000,0.00000,0.00572,0.00000
17.95200,0.12794,0.01226,0.00000,0.01981,0.00000,0.96102,0.00000,0.00001,0.00689,0.00000
17.98400,0.12794,0.02456,0.00000,0.03085,0.00000,0.93117,0.00001,0.00003,0.01336,0.00002
18.01600,0.12794,0.02751,0.00000,0.03410,0.00000,0.91569,0.00001,0.00006,0.02260,0.00002
18.04800,0.12794,0.01951,0.00000,0.02334,0.00000,0.93765,0.00001,0.00004,0.01944,0.00002
18.08000,0.12794,0.01197,0.00000,0.01490,0.00000,0.95911,0.00000,0.00001,0.01399,0.00001
18.11200,0.12794,0.00325,0.00000,0.00560,0.00000,0.98799,0.00000,0.00000,0.00316,0.00000
18.14400,0.12794,0.00208,0.00000,0.00343,0.00000,0.99150,0.00000,0.00000,0.00298,0.00000
18.17600,0.12794,0.00101,0.00000,0.00197,0.00000,0.99510,0.00000,0.00000,0.00192,0.00000
18.20800,0.12794,0.00037,0.00000,0.00098,0.00000,0.99805,0.00000,0.00000,0.00060,0.00000
18.24000,0.12794,0.00019,0.00000,0.00059,0.00000,0.99895,0.00000,0.00000,0.00026,0.00000
18.27200,0.12794,0.00015,0.00000,0.00056,0.00000,0.99922,0.00000,0.00000,0.00007,0.00000
18.30400,0.12794,0.00027,0.00000,0.00107,0.00000,0.99859,0.00000,0.00000,0.00007,0.00000
18.33600,0.12794,0.00064,0.00000,0.00188,0.00000,0.99712,0.00000,0.00000,0.00036,0.00000
18.36800,0.12794,0.00097,0.00000,0.00244,0.00000,0.99539,0.00000,0.00000,0.00119,0.00000
18.40000,0.12794,0.00090,0.00000,0.00215,0.00000,0.99511,0.00000,0.00000,0.00183,0.00000
18.43200,0.12794,0.00073,0.00000,0.00159,0.00000,0.99603,0.00000,0.00000,0.00164,0.00000
18.46400,0.12794,0.00081,0.00000,0.00182,0.00000,0.99643,0.00000,0.00000,0.00094,0.00000
18.49600,0.12794,0.00099,0.00000,0.00222,0.00000,0.99620,0.00001,0.00000,0.00058,0.00000
18.52800,0.12794,0.00085,0.00000,0.00175,0.00000,0.99669,0.00000,0.00000,0.00070,0.00000
18.56000,0.12794,0.00103,0.00000,0.00192,0.00000,0.99605,0.00000,0.00000,0.00099,0.00000
18.59200,0.12794,0.00087,0.00000,0.00144,0.00000,0.99671,0.00000,0.00000,0.00097,0.00000
18.62400,0.12794,0.00093,0.00000,0.00135,0.00000,0.99638,0.00000,0.00000,0.00133,0.00000
18.65600,0.12794,0.00112,0.00000,0.00149,0.00000,0.99632,0.00001,0.00000,0.00107,0.00000
18.68800,0.12794,0.00228,0.00000,0.00269,0.00000,0.99317,0.00001,0.00000,0.00184,0.00000
18.72000,0.12794,0.00486,0.00000,0.00487,0.00000,0.98669,0.00001,0.00000,0.00356,0.00000
18.75200,0.12794,0.01561,0.00000,0.01318,0.00000,0.96247,0.00002,0.00001,0.00869,0.00001
18.78400,0.12794,0.03423,0.00000,0.02644,0.00000,0.91844,0.00003,0.00002,0.02081,0.00002
18.81600,0.12794,0.06274,0.00000,0.04634,0.00000,0.86303,0.00005,0.00003,0.02775,0.00006
18.84800,0.12794,0.04703,0.00000,0.03585,0.00000,0.89172,0.00004,0.00002,0.02529,0.00003
18.88000,0.12794,0.01344,0.00000,0.01155,0.00000,0.95965,0.00001,0.00001,0.01534,0.00000
18.91200,0.12794,0.00470,0.00000,0.00561,0.00000,0.98376,0.00001,0.00000,0.00593,0.00000
18.94400,0.12794,0.00125,0.00000,0.00211,0.00000,0.99472,0.00000,0.00000,0.00191,0.00000
18.97600,0.12794,0.00066,0.00000,0.00168,0.00000,0.99703,0.00000,0.00000,0.00063,0.00000
19.00800,0.12794,0.00153,0.00000,0.00503,0.00000,0.99284,0.00001,0.00000,0.00059,0.00000
19.04000,0.12794,0.00499,0.00000,0.01400,0.00000,0.97885,0.00002,0.00000,0.00215,0.00000
19.07200,0.12794,0.00457,0.00000,0.01151,0.00000,0.98261,0.00001,0.00000,0.00131,0.00000
19.10400,0.12794,0.00252,0.00000,0.00631,0.00000,0.99015,0.00000,0.00000,0.00101,0.00000
19.13600,0.12794,0.00137,0.00000,0.00328,0.00000,0.99417,0.00000,0.00000,0.00118,0.00000
19.16800,0.12794,0.00113,0.00000,0.00302,0.00000,0.99510,0.00000,0.00000,0.00075,0.00000
19.20000,0.12794,0.00242,0.00000,0.00545,0.00000,0.98922,0.00000,0.00000,0.00290,0.00000
19.23200,0.12794,0.01095,0.00000,0.01794,0.00000,0.95901,0.00001,0.00001,0.01208,0.00000
19.26400,0.12794,0.02180,0.00000,0.02519,0.00000,0.92475,0.00001,0.00003,0.02819,0.00002
19.29600,0.12794,0.03450,0.00000,0.03489,0.00000,0.89075,0.00002,0.00009,0.03970,0.00004
19.32800,0.12794,0.03527,0.00000,0.03572,0.00000,0.90313,0.00003,0.00008,0.02572,0.00005
19.36000,0.12794,0.03537,0.00000,0.03704,0.00000,0.90835,0.00003,0.00008,0.01909,0.00004
19.39200,0.12794,0.02418,0.00000,0.02882,0.00000,0.93738,0.00002,0.00005,0.00952,0.00003
19.42400,0.12794,0.00875,0.00000,0.01304,0.00000,0.97404,0.00001,0.00001,0.00415,0.00001
19.45600,0.12794,0.00630,0.00000,0.01079,0.00000,0.97889,0.00000,0.00000,0.00402,0.00000
19.48800,0.12794,0.00322,0.00000,0.00672,0.00000,0.98726,0.00000,0.00000,0.00280,0.00000
19.52000,0.12794,0.00365,0.00000,0.00886,0.00000,0.98482,0.00000,0.00000,0.00267,0.00000
19.55200,0.12794,0.00446,0.00000,0.01035,0.00000,0.98030,0.00000,0.00000,0.00489,0.00000
19.58400,0.12794,0.00465,0.00000,0.00950,0.00000,0.97668,0.00000,0.00000,0.00916,0.00000
19.61600,0.12794,0.00521,0.00000,0.00971,0.00000,0.97971,0.00000,0.00000,0.00536,0.00000
19.64800,0.12794,0.00419,0.00000,0.00652,0.00000,0.98676,0.00000,0.00000,0.00252,0.00000
19.68000,0.12794,0.00304,0.00000,0.00586,0.00000,0.98981,0.00000,0.00000,0.00128,0.00000
19.71200,0.12794,0.00321,0.00000,0.00650,0.00000,0.98993,0.00001,0.00000,0.00035,0.00000
19.74400,0.12794,0.01052,0.00000,0.01399,0.00000,0.97355,0.00001,0.00000,0.00193,0.00000
19.77600,0.12794,0.02630,0.00000,0.02719,0.00000,0.93968,0.00002,0.00001,0.00680,0.00001
19.80800,0.12794,0.06777,0.00000,0.04254,0.00000,0.87680,0.00005,0.00003,0.01278,0.00003
19.84000,0.12794,0.06874,0.00000,0.04150,0.00000,0.87629,0.00005,0.00003,0.01336,0.00003
19.87200,0.12794,0.03020,0.00000,0.02700,0.00000,0.93903,0.00004,0.00001,0.00371,0.00002
19.90400,0.12794,0.02111,0.00000,0.02461,0.00000,0.95136,0.00003,0.00000,0.00287,0.00001
19.93600,0.12794,0.01505,0.00000,0.02177,0.00000,0.96019,0.00002,0.00000,0.00295,0.00001
19.96800,0.12794,0.00927,0.00000,0.01471,0.00000,0.97280,0.00002,0.00000,0.00320,0.00000
20.00000,0.12794,0.00915,0.00000,0.01453,0.00000,0.97000,0.00001,0.00000,0.00631,0.00000
20.03200,0.12794,0.00872,0.00000,0.01264,0.00000,0.96844,0.00001,0.00000,0.01018,0.00000
20.06400,0.12794,0.00796,0.00000,0.01100,0.00000,0.97404,0.00002,0.00000,0.00697,0.00000
20.09600,0.12794,0.01647,0.00000,0.01932,0.00000,0.94316,0.00003,0.00001,0.02101,0.00000
20.12800,0.12794,0.01595,0.00000,0.01844,0.00000,0.94686,0.00004,0.00002,0.01869,0.00001
20.16000,0.12794,0.01874,0.00000,0.02410,0.00000,0.94394,0.00006,0.00002,0.01313,0.00001
20.19200,0.12794,0.02048,0.00000,0.02477,0.00000,0.92767,0.00004,0.00003,0.02699,0.00001
20.22400,0.12794,0.01780,0.00000,0.02344,0.00000,0.94374,0.00005,0.00002,0.01493,0.00001
20.25600,0.12794,0.02194,0.00000,0.03028,0.00000,0.92966,0.00005,0.00003,0.01802,0.00002
20.28800,0.12794,0.02194,0.00000,0.02695,0.00000,0.92079,0.00004,0.00005,0.03021,0.00002
20.32000,0.12794,0.02977,0.00000,0.03623,0.00000,0.90934,0.00006,0.00005,0.02451,0.00004
20.35200,0.12794,0.02431,0.00000,0.02652,0.00001,0.92163,0.00006,0.00006,0.02738,0.00003
20.38400,0.12794,0.02775,0.00001,0.02661,0.00001,0.89355,0.00006,0.00010,0.05189,0.00002
20.41600,0.12794,0.01583,0.00001,0.01538,0.00001,0.93605,0.00005,0.00006,0.03260,0.00001
20.44800,0.12794,0.00764,0.00001,0.00746,0.00001,0.95946,0.00003,0.00004,0.02535,0.00000
20.48000,0.12794,0.00517,0.00000,0.00627,0.00000,0.97336,0.00003,0.00002,0.01515,0.00000
20.51200,0.12794,0.00451,0.00000,0.00589,0.00000,0.98010,0.00003,0.00002,0.00945,0.00000
20.54400,0.12794,0.00466,0.00000,0.00778,0.00000,0.98019,0.00003,0.00001,0.00732,0.00000
20.57600,0.12794,0.00798,0.00000,0.01506,0.00001,0.96863,0.00006,0.00002,0.00824,0.00001
20.60800,0.12794,0.01184,0.00001,0.02739,0.00001,0.94647,0.00007,0.00003,0.01417,0.00001
20.64000,0.12794,0.00855,0.00001,0.01869,0.00001,0.95922,0.00005,0.00002,0.01344,0.00001
20.67200,0.12794,0.00621,0.00000,0.01244,0.00001,0.97542,0.00005,0.00001,0.00585,0.00000
20.70400,0.12794,0.00357,0.00000,0.00873,0.00000,0.98381,0.00004,0.00000,0.00384,0.00000
20.73600,0.12794,0.00272,0.00000,0.00603,0.00000,0.98807,0.00003,0.00000,0.00315,0.00000
20.76800,0.12794,0.00268,0.00000,0.00699,0.00000,0.98733,0.00003,0.00000,0.00296,0.00000
20.80000,0.12794,0.00390,0.00000,0.01076,0.00001,0.97684,0.00003,0.00001,0.00846,0.00000
20.83200,0.12794,0.00456,0.00000,0.00969,0.00001,0.97435,0.00003,0.00001,0.01134,0.00000
20.86400,0.12794,0.00456,0.00001,0.01233,0.00001,0.97218,0.00004,0.00001,0.01085,0.00000
20.89600,0.12794,0.00513,0.00001,0.01470,0.00001,0.96918,0.00005,0.00001,0.01089,0.00001
20.92800,0.12794,0.00711,0.00001,0.02289,0.00002,0.95477,0.00007,0.00002,0.01508,0.00001
20.96000,0.12794,0.00795,0.00002,0.03410,0.00002,0.94515,0.00011,0.00003,0.01260,0.00003
20.99200,0.12794,0.00964,0.00001,0.03170,0.00002,0.94897,0.00014,0.00003,0.00945,0.00004
21.02400,0.12794,0.01025,0.00001,0.03563,0.00001,0.94572,0.00017,0.00003,0.00811,0.00005
21.05600,0.12794,0.00869,0.00000,0.02715,0.00001,0.95844,0.00017,0.00002,0.00546,0.00004
21.08800,0.12794,0.00973,0.00000,0.02648,0.00001,0.95825,0.00017,0.00003,0.00529,0.00005
21.12000,0.12794,0.00790,0.00000,0.02582,0.00000,0.96236,0.00014,0.00002,0.00372,0.00003
21.15200,0.12794,0.00509,0.00000,0.01974,0.00000,0.97326,0.00009,0.00001,0.00179,0.00002
21.18400,0.12794,0.00402,0.00000,0.01736,0.00000,0.97724,0.00006,0.00001,0.00130,0.00001
21.21600,0.12794,0.00311,0.00000,0.01255,0.00000,0.98332,0.00004,0.00000,0.00098,0.00001
21.24800,0.12794,0.00235,0.00000,0.00950,0.00000,0.98746,0.00003,0.00000,0.00066,0.00000
21.28000,0.12794,0.00234,0.00000,0.00859,0.00000,0.98856,0.00003,0.00000,0.00047,0.00000
21.31200,0.12794,0.00185,0.00000,0.00783,0.00000,0.99002,0.00003,0.00000,0.00027,0.00000
21.34400,0.12794,0.00184,0.00000,0.00700,0.00000,0.99091,0.00002,0.00000,0.00022,0.00000
21.37600,0.12794,0.00196,0.00000,0.00679,0.00000,0.99102,0.00003,0.00000,0.00020,0.00000
21.40800,0.12794,0.00132,0.00000,0.00488,0.00000,0.99368,0.00002,0.00000,0.00011,0.00000
21.44000,0.12794,0.00123,0.00000,0.00449,0.00000,0.99418,0.00003,0.00000,0.00007,0.00000
21.47200,0.12794,0.00149,0.00000,0.00556,0.00000,0.99283,0.00004,0.00000,0.00008,0.00000
21.50400,0.12794,0.00118,0.00000,0.00492,0.00000,0.99376,0.00004,0.00000,0.00011,0.00000
21.53600,0.12794,0.00182,0.00000,0.00694,0.00000,0.99099,0.00007,0.00000,0.00019,0.00000
21.56800,0.12794,0.00166,0.00000,0.00633,0.00000,0.99173,0.00008,0.00000,0.00020,0.00000
21.60000,0.12794,0.00107,0.00000,0.00370,0.00000,0.99506,0.00009,0.00000,0.00008,0.00000
21.63200,0.12794,0.00181,0.00000,0.00412,0.00000,0.99382,0.00011,0.00000,0.00013,0.00000
21.66400,0.12794,0.00136,0.00000,0.00265,0.00000,0.99578,0.00008,0.00000,0.00013,0.00000
21.69600,0.12794,0.00157,0.00000,0.00225,0.00000,0.99595,0.00009,0.00000,0.00015,0.00000
21.72800,0.12794,0.00133,0.00000,0.00173,0.00000,0.99674,0.00007,0.00000,0.00012,0.00000
21.76000,0.12794,0.00115,0.00000,0.00132,0.00000,0.99736,0.00010,0.00000,0.00007,0.00000
21.79200,0.12794,0.00117,0.00000,0.00134,0.00000,0.99730,0.00011,0.00000,0.00008,0.00000
21.82400,0.12794,0.00147,0.00000,0.00169,0.00000,0.99660,0.00010,0.00000,0.00013,0.00000
21.85600,0.12794,0.00151,0.00000,0.00176,0.00000,0.99646,0.00009,0.00000,0.00018,0.00000
21.88800,0.12794,0.00169,0.00000,0.00211,0.00000,0.99585,0.00008,0.00000,0.00025,0.00000
21.92000,0.12794,0.00157,0.00000,0.00201,0.00000,0.99613,0.00006,0.00000,0.00022,0.00000
21.95200,0.12794,0.00134,0.00000,0.00171,0.00000,0.99673,0.00005,0.00000,0.00017,0.00000
21.98400,0.12794,0.00161,0.00000,0.00204,0.00000,0.99607,0.00007,0.00000,0.00021,0.00000
22.01600,0.12794,0.00190,0.00000,0.00269,0.00000,0.99517,0.00007,0.00000,0.00016,0.00000
22.04800,0.12794,0.00239,0.00000,0.00415,0.00000,0.99318,0.00009,0.00000,0.00019,0.00000
22.08000,0.12794,0.00385,0.00000,0.00745,0.00000,0.98812,0.00012,0.00000,0.00044,0.00001
22.11200,0.12794,0.00516,0.00000,0.01138,0.00000,0.98200,0.00008,0.00001,0.00137,0.00001
22.14400,0.12794,0.00630,0.00000,0.01429,0.00000,0.97445,0.00005,0.00001,0.00489,0.00001
22.17600,0.12794,0.00825,0.00000,0.01479,0.00001,0.96410,0.00005,0.00002,0.01277,0.00001
22.20800,0.12794,0.00732,0.00000,0.01295,0.00000,0.96547,0.00003,0.00002,0.01420,0.00000
22.24000,0.12794,0.01343,0.00000,0.02071,0.00001,0.94812,0.00005,0.00003,0.01764,0.00001
22.27200,0.12794,0.01710,0.00000,0.02280,0.00000,0.94276,0.00005,0.00003,0.01724,0.00001
22.30400,0.12794,0.01749,0.00000,0.02543,0.00000,0.94650,0.00006,0.00002,0.01049,0.00001
22.33600,0.12794,0.01988,0.00000,0.02961,0.00000,0.94043,0.00006,0.00001,0.00999,0.00001
22.36800,0.12794,0.01250,0.00000,0.01900,0.00000,0.96388,0.00003,0.00000,0.00457,0.00001
22.40000,0.12794,0.01459,0.00000,0.02249,0.00000,0.95857,0.00003,0.00001,0.00431,0.00001
22.43200,0.12794,0.03097,0.00000,0.03425,0.00000,0.92399,0.00004,0.00002,0.01071,0.00002
22.46400,0.12794,0.02843,0.00000,0.03126,0.00000,0.93347,0.00003,0.00002,0.00677,0.00002
22.49600,0.12794,0.02656,0.00000,0.03154,0.00000,0.93387,0.00003,0.00002,0.00795,0.00002
22.52800,0.12794,0.01486,0.00000,0.02027,0.00000,0.95694,0.00001,0.00001,0.00790,0.00000
22.56000,0.12794,0.00378,0.00000,0.00786,0.00000,0.98685,0.00000,0.00000,0.00151,0.00000
22.59200,0.12794,0.00347,0.00000,0.00753,0.00000,0.98677,0.00000,0.00000,0.00223,0.00000
22.62400,0.12794,0.00317,0.00000,0.00727,0.00000,0.98748,0.00000,0.00000,0.00208,0.00000
22.65600,0.12794,0.00617,0.00000,0.01178,0.00000,0.97964,0.00001,0.00000,0.00240,0.00000
22.68800,0.12794,0.02440,0.00000,0.03408,0.00000,0.92964,0.00002,0.00004,0.01179,0.00003
22.72000,0.12794,0.02164,0.00000,0.02663,0.00000,0.94142,0.00002,0.00004,0.01021,0.00003
22.75200,0.12794,0.02160,0.00000,0.02613,0.00000,0.94000,0.00002,0.00004,0.01219,0.00003
22.78400,0.12794,0.00876,0.00000,0.01297,0.00000,0.97337,0.00001,0.00000,0.00488,0.00001
22.81600,0.12794,0.00283,0.00000,0.00491,0.00000,0.98984,0.00000,0.00000,0.00242,0.00000
22.84800,0.12794,0.00302,0.00000,0.00556,0.00000,0.98715,0.00000,0.00000,0.00427,0.00000
22.88000,0.12794,0.00128,0.00000,0.00294,0.00000,0.99401,0.00000,0.00000,0.00176,0.00000
22.91200,0.12794,0.00076,0.00000,0.00174,0.00000,0.99633,0.00000,0.00000,0.00117,0.00000
22.94400,0.12794,0.00074,0.00000,0.00208,0.00000,0.99675,0.00000,0.00000,0.00042,0.00000
22.97600,0.12794,0.00123,0.00000,0.00307,0.00000,0.99460,0.00000,0.00000,0.00110,0.00000
23.00800,0.12794,0.00174,0.00000,0.00401,0.00000,0.99190,0.00000,0.00000,0.00234,0.00000
23.04000,0.12794,0.00151,0.00000,0.00367,0.00000,0.99170,0.00001,0.00000,0.00311,0.00000
23.07200,0.12794,0.00079,0.00000,0.00183,0.00000,0.99334,0.00000,0.00000,0.00404,0.00000
23.10400,0.12794,0.00022,0.00000,0.00066,0.00000,0.99875,0.00000,0.00000,0.00037,0.00000
23.13600,0.12794,0.00031,0.00000,0.00079,0.00000,0.99851,0.00000,0.00000,0.00038,0.00000
23.16800,0.12794,0.00042,0.00000,0.00098,0.00000,0.99827,0.00000,0.00000,0.00032,0.00000
23.20000,0.12794,0.00099,0.00000,0.00210,0.00000,0.99640,0.00001,0.00000,0.00050,0.00000
23.23200,0.12794,0.00166,0.00000,0.00335,0.00000,0.99399,0.00001,0.00000,0.00099,0.00000
23.26400,0.12794,0.00136,0.00000,0.00272,0.00000,0.99513,0.00001,0.00000,0.00078,0.00000
23.29600,0.12794,0.00163,0.00000,0.00290,0.00000,0.99424,0.00001,0.00000,0.00122,0.00000
23.32800,0.12794,0.00213,0.00000,0.00347,0.00000,0.99274,0.00001,0.00000,0.00165,0.00000
23.36000,0.12794,0.00278,0.00000,0.00386,0.00000,0.99150,0.00001,0.00000,0.00185,0.00000
23.39200,0.12794,0.00775,0.00000,0.00834,0.00000,0.97761,0.00002,0.00000,0.00627,0.00000
23.42400,0.12794,0.01658,0.00000,0.01632,0.00000,0.95623,0.00002,0.00001,0.01083,0.00001
23.45600,0.12794,0.03334,0.00000,0.02563,0.00000,0.90815,0.00002,0.00002,0.03282,0.00002
23.48800,0.12794,0.08837,0.00000,0.06434,0.00000,0.78647,0.00006,0.00008,0.06061,0.00007
23.52000,0.12794,0.05880,0.00000,0.04420,0.00000,0.85051,0.00005,0.00005,0.04634,0.00004
23.55200,0.12794,0.03704,0.00000,0.03060,0.00000,0.89829,0.00004,0.00004,0.03397,0.00002
23.58400,0.12794,0.01453,0.00000,0.01771,0.00000,0.95710,0.00004,0.00001,0.01060,0.00001
23.61600,0.12794,0.00418,0.00000,0.00691,0.00000,0.98493,0.00001,0.00000,0.00396,0.00000
23.64800,0.12794,0.00214,0.00000,0.00536,0.00000,0.99087,0.00002,0.00000,0.00162,0.00000
23.68000,0.12794,0.00097,0.00000,0.00320,0.00000,0.99478,0.00001,0.00000,0.00104,0.00000
23.71200,0.12794,0.00139,0.00000,0.00383,0.00000,0.99084,0.00000,0.00000,0.00393,0.00000
23.74400,0.12794,0.00132,0.00000,0.00321,0.00000,0.99300,0.00000,0.00000,0.00248,0.00000
23.77600,0.12794,0.00079,0.00000,0.00209,0.00000,0.99607,0.00000,0.00000,0.00105,0.00000
23.80800,0.12794,0.00094,0.00000,0.00251,0.00000,0.99549,0.00000,0.00000,0.00106,0.00000
23.84000,0.12794,0.00151,0.00000,0.00384,0.00000,0.99390,0.00000,0.00000,0.00075,0.00000
23.87200,0.12794,0.00239,0.00000,0.00517,0.00000,0.99017,0.00000,0.00000,0.00227,0.00000
23.90400,0.12794,0.00733,0.00000,0.01130,0.00000,0.96882,0.00000,0.00001,0.01254,0.00000
23.93600,0.12794,0.02367,0.00000,0.02479,0.00000,0.90747,0.00001,0.00005,0.04400,0.00001
23.96800,0.12794,0.02266,0.00000,0.02175,0.00000,0.91647,0.00001,0.00005,0.03905,0.00001
24.00000,0.12794,0.02523,0.00000,0.02541,0.00000,0.92402,0.00001,0.00006,0.02526,0.00002
24.03200,0.12794,0.03605,0.00000,0.03668,0.00000,0.90662,0.00003,0.00008,0.02050,0.00004
24.06400,0.12794,0.02226,0.00000,0.02937,0.00000,0.93927,0.00002,0.00004,0.00901,0.00002
24.09600,0.12794,0.01058,0.00000,0.01778,0.00000,0.96708,0.00001,0.00001,0.00453,0.00001
24.12800,0.12794,0.00817,0.00000,0.01466,0.00000,0.97192,0.00000,0.00001,0.00523,0.00000
24.16000,0.12794,0.00371,0.00000,0.00846,0.00000,0.98555,0.00000,0.00000,0.00228,0.00000
24.19200,0.12794,0.00328,0.00000,0.00744,0.00000,0.98730,0.00000,0.00000,0.00198,0.00000
24.22400,0.12794,0.00358,0.00000,0.00843,0.00000,0.98522,0.00000,0.00000,0.00277,0.00000
24.25600,0.12794,0.00304,0.00000,0.00713,0.00000,0.98651,0.00000,0.00000,0.00331,0.00000
24.28800,0.12794,0.00845,0.00000,0.01351,0.00000,0.96811,0.00000,0.00001,0.00991,0.00000
24.32000,0.12794,0.00515,0.00000,0.01049,0.00000,0.97852,0.00000,0.00000,0.00584,0.00000
24.35200,0.12794,0.00810,0.00000,0.01333,0.00000,0.97460,0.00001,0.00000,0.00395,0.00000
24.38400,0.12794,0.00759,0.00000,0.01177,0.00000,0.97872,0.00001,0.00000,0.00191,0.00000
24.41600,0.12794,0.01029,0.00000,0.01407,0.00000,0.97241,0.00001,0.00000,0.00322,0.00000
24.44800,0.12794,0.02874,0.00000,0.02572,0.00000,0.93922,0.00003,0.00001,0.00628,0.00001
24.48000,0.12794,0.03291,0.00000,0.03016,0.00000,0.92659,0.00002,0.00001,0.01030,0.00001
24.51200,0.12794,0.04882,0.00000,0.03900,0.00000,0.89447,0.00003,0.00003,0.01762,0.00003
24.54400,0.12794,0.01613,0.00000,0.02037,0.00000,0.95960,0.00002,0.00001,0.00388,0.00001
24.57600,0.12794,0.01366,0.00000,0.02042,0.00000,0.96147,0.00001,0.00000,0.00444,0.00001
24.60800,0.12794,0.01235,0.00000,0.01889,0.00000,0.96450,0.00001,0.00000,0.00424,0.00000
24.64000,0.12794,0.00897,0.00000,0.01471,0.00000,0.97274,0.00001,0.00000,0.00357,0.00000
24.67200,0.12794,0.01332,0.00000,0.02044,0.00000,0.95868,0.00002,0.00000,0.00754,0.00000
24.70400,0.12794,0.01032,0.00000,0.01653,0.00000,0.96200,0.00001,0.00000,0.01113,0.00000
24.73600,0.12794,0.00687,0.00000,0.01161,0.00000,0.97357,0.00001,0.00000,0.00793,0.00000
24.76800,0.12794,0.01333,0.00000,0.02224,0.00000,0.95039,0.00002,0.00001,0.01401,0.00000
24.80000,0.12794,0.01115,0.00000,0.01446,0.00000,0.96035,0.00001,0.00001,0.01401,0.00000
24.83200,0.12794,0.00954,0.00000,0.01274,0.00000,0.97109,0.00002,0.00001,0.00660,0.00000
24.86400,0.12794,0.01124,0.00000,0.01634,0.00000,0.96600,0.00003,0.00001,0.00638,0.00000
24.89600,0.12794,0.01077,0.00000,0.01624,0.00000,0.96632,0.00002,0.00001,0.00663,0.00000
24.92800,0.12794,0.01256,0.00000,0.02194,0.00000,0.95859,0.00003,0.00001,0.00687,0.00001
24.96000,0.12794,0.02402,0.00000,0.03655,0.00000,0.92533,0.00004,0.00002,0.01403,0.00002
24.99200,0.12794,0.02868,0.00000,0.04007,0.00000,0.90935,0.00005,0.00003,0.02180,0.00002
25.02400,0.12794,0.02060,0.00000,0.03183,0.00000,0.92346,0.00004,0.00004,0.02401,0.00001
25.05600,0.12794,0.03090,0.00001,0.03918,0.00001,0.87403,0.00005,0.00009,0.05572,0.00002
25.08800,0.12794,0.01763,0.00001,0.02170,0.00001,0.91261,0.00004,0.00008,0.04792,0.00001
25.12000,0.12794,0.01489,0.00001,0.01716,0.00001,0.91953,0.00005,0.00009,0.04826,0.00001
25.15200,0.12794,0.01337,0.00001,0.01417,0.00001,0.93374,0.00005,0.00007,0.03857,0.00001
25.18400,0.12794,0.00532,0.00000,0.00759,0.00000,0.97509,0.00004,0.00002,0.01192,0.00000
25.21600,0.12794,0.00459,0.00000,0.00918,0.00000,0.97848,0.00003,0.00002,0.00769,0.00000
25.24800,0.12794,0.00361,0.00000,0.00832,0.00000,0.98333,0.00003,0.00001,0.00470,0.00000
25.28000,0.12794,0.00360,0.00000,0.00946,0.00000,0.98127,0.00003,0.00001,0.00562,0.00000
25.31200,0.12794,0.00757,0.00001,0.01513,0.00001,0.96392,0.00005,0.00003,0.01329,0.00001
25.34400,0.12794,0.00878,0.00001,0.01301,0.00001,0.96562,0.00006,0.00003,0.01249,0.00001
25.37600,0.12794,0.00781,0.00001,0.01063,0.00001,0.97075,0.00006,0.00002,0.01071,0.00000
25.40800,0.12794,0.00659,0.00001,0.00997,0.00001,0.97344,0.00007,0.00001,0.00990,0.00000
25.44000,0.12794,0.00338,0.00000,0.00656,0.00001,0.98500,0.00005,0.00001,0.00499,0.00000
25.47200,0.12794,0.00312,0.00000,0.00743,0.00001,0.98259,0.00004,0.00001,0.00680,0.00000
25.50400,0.12794,0.00433,0.00001,0.01000,0.00001,0.97372,0.00004,0.00001,0.01187,0.00000
25.53600,0.12794,0.00467,0.00001,0.01101,0.00001,0.97457,0.00005,0.00001,0.00967,0.00000
25.56800,0.12794,0.00582,0.00001,0.01546,0.00001,0.96927,0.00006,0.00001,0.00935,0.00001
25.60000,0.12794,0.00751,0.00001,0.02503,0.00002,0.95502,0.00009,0.00002,0.01229,0.00002
25.63200,0.12794,0.00794,0.00001,0.03035,0.00002,0.95126,0.00012,0.00002,0.01025,0.00003
25.66400,0.12794,0.00879,0.00001,0.02973,0.00001,0.95306,0.00012,0.00002,0.00821,0.00004
25.69600,0.12794,0.00800,0.00001,0.02412,0.00001,0.96143,0.00013,0.00002,0.00624,0.00004
25.72800,0.12794,0.00782,0.00000,0.01875,0.00001,0.96763,0.00011,0.00002,0.00563,0.00003
25.76000,0.12794,0.00763,0.00000,0.01565,0.00000,0.97172,0.00012,0.00002,0.00482,0.00003
25.79200,0.12794,0.00696,0.00000,0.01644,0.00000,0.97300,0.00011,0.00001,0.00344,0.00003
25.82400,0.12794,0.00606,0.00000,0.01909,0.00000,0.97237,0.00010,0.00001,0.00234,0.00002
25.85600,0.12794,0.00424,0.00000,0.01353,0.00000,0.98093,0.00007,0.00001,0.00121,0.00001
25.88800,0.12794,0.00316,0.00000,0.01311,0.00000,0.98282,0.00005,0.00000,0.00085,0.00001
25.92000,0.12794,0.00246,0.00000,0.01048,0.00000,0.98655,0.00004,0.00000,0.00046,0.00000
25.95200,0.12794,0.00192,0.00000,0.00776,0.00000,0.99003,0.00004,0.00000,0.00026,0.00000
25.98400,0.12794,0.00151,0.00000,0.00666,0.00000,0.99166,0.00003,0.00000,0.00014,0.00000
26.01600,0.12794,0.00146,0.00000,0.00536,0.00000,0.99305,0.00003,0.00000,0.00011,0.00000
26.04800,0.12794,0.00171,0.00000,0.00749,0.00000,0.99061,0.00003,0.00000,0.00015,0.00000
26.08000,0.12794,0.00142,0.00000,0.00634,0.00000,0.99211,0.00003,0.00000,0.00010,0.00000
26.11200,0.12794,0.00127,0.00000,0.00586,0.00000,0.99276,0.00005,0.00000,0.00006,0.00000
26.14400,0.12794,0.00119,0.00000,0.00595,0.00000,0.99276,0.00005,0.00000,0.00006,0.00000
26.17600,0.12794,0.00105,0.00000,0.00601,0.00000,0.99284,0.00004,0.00000,0.00005,0.00000
26.20800,0.12794,0.00124,0.00000,0.00752,0.00000,0.99104,0.00003,0.00000,0.00016,0.00000
26.24000,0.12794,0.00155,0.00000,0.00929,0.00000,0.98883,0.00004,0.00000,0.00027,0.00000
26.27200,0.12794,0.00159,0.00000,0.00811,0.00000,0.98998,0.00006,0.00000,0.00027,0.00000
26.30400,0.12794,0.00221,0.00000,0.00661,0.00000,0.99054,0.00006,0.00000,0.00058,0.00000
26.33600,0.12794,0.00212,0.00000,0.00445,0.00000,0.99301,0.00009,0.00000,0.00032,0.00000
26.36800,0.12794,0.00269,0.00000,0.00390,0.00000,0.99287,0.00010,0.00000,0.00043,0.00000
26.40000,0.12794,0.00253,0.00000,0.00320,0.00000,0.99385,0.00013,0.00000,0.00028,0.00000
26.43200,0.12794,0.00166,0.00000,0.00240,0.00000,0.99570,0.00009,0.00000,0.00015,0.00000
26.46400,0.12794,0.00237,0.00000,0.00319,0.00000,0.99406,0.00009,0.00000,0.00028,0.00000
26.49600,0.12794,0.00176,0.00000,0.00245,0.00000,0.99551,0.00008,0.00000,0.00020,0.00000
26.52800,0.12794,0.00169,0.00000,0.00221,0.00000,0.99580,0.00005,0.00000,0.00024,0.00000
26.56000,0.12794,0.00218,0.00000,0.00250,0.00000,0.99491,0.00008,0.00000,0.00032,0.00000
26.59200,0.12794,0.00142,0.00000,0.00171,0.00000,0.99666,0.00006,0.00000,0.00015,0.00000
26.62400,0.12794,0.00182,0.00000,0.00225,0.00000,0.99563,0.00006,0.00000,0.00023,0.00000
26.65600,0.12794,0.00244,0.00000,0.00290,0.00000,0.99423,0.00009,0.00000,0.00033,0.00000
26.68800,0.12794,0.00152,0.00000,0.00243,0.00000,0.99574,0.00005,0.00000,0.00025,0.00000
26.72000,0.12794,0.00159,0.00000,0.00322,0.00000,0.99487,0.00005,0.00000,0.00027,0.00000
26.75200,0.12794,0.00165,0.00000,0.00405,0.00000,0.99392,0.00004,0.00000,0.00034,0.00000
26.78400,0.12794,0.00197,0.00000,0.00713,0.00000,0.98998,0.00003,0.00000,0.00089,0.00000
26.81600,0.12794,0.00321,0.00000,0.01002,0.00000,0.98436,0.00003,0.00000,0.00236,0.00000
26.84800,0.12794,0.00546,0.00000,0.01315,0.00000,0.97370,0.00004,0.00001,0.00763,0.00001
26.88000,0.12794,0.00721,0.00000,0.01426,0.00001,0.96570,0.00005,0.00002,0.01274,0.00001
26.91200,0.12794,0.01338,0.00000,0.01749,0.00001,0.94969,0.00006,0.00003,0.01934,0.00001
26.94400,0.12794,0.01769,0.00000,0.02167,0.00000,0.93861,0.00005,0.00004,0.02193,0.00001
26.97600,0.12794,0.01937,0.00000,0.02256,0.00000,0.94040,0.00005,0.00002,0.01759,0.00001
27.00800,0.12794,0.01372,0.00000,0.01936,0.00000,0.95887,0.00003,0.00001,0.00801,0.00001
27.04000,0.12794,0.01150,0.00000,0.01857,0.00000,0.96501,0.00002,0.00000,0.00489,0.00000
27.07200,0.12794,0.01514,0.00000,0.02306,0.00000,0.95798,0.00003,0.00000,0.00379,0.00001
27.10400,0.12794,0.02276,0.00000,0.03021,0.00000,0.94361,0.00004,0.00001,0.00336,0.00001
27.13600,0.12794,0.00921,0.00000,0.01378,0.00000,0.97518,0.00001,0.00000,0.00181,0.00000
27.16800,0.12794,0.00648,0.00000,0.01041,0.00000,0.98108,0.00000,0.00000,0.00203,0.00000
27.20000,0.12794,0.00508,0.00000,0.00891,0.00000,0.98271,0.00000,0.00000,0.00330,0.00000
27.23200,0.12794,0.00245,0.00000,0.00568,0.00000,0.99001,0.00000,0.00000,0.00186,0.00000
27.26400,0.12794,0.00473,0.00000,0.00914,0.00000,0.98196,0.00000,0.00000,0.00416,0.00000
27.29600,0.12794,0.00509,0.00000,0.00846,0.00000,0.98359,0.00000,0.00000,0.00286,0.00000
27.32800,0.12794,0.00617,0.00000,0.00987,0.00000,0.98119,0.00000,0.00000,0.00277,0.00000
27.36000,0.12794,0.01428,0.00000,0.02004,0.00000,0.95745,0.00001,0.00002,0.00820,0.00001
27.39200,0.12794,0.02147,0.00000,0.02543,0.00000,0.94217,0.00001,0.00003,0.01087,0.00002
27.42400,0.12794,0.03033,0.00000,0.03385,0.00000,0.91645,0.00002,0.00005,0.01926,0.00003
27.45600,0.12794,0.02915,0.00000,0.03448,0.00000,0.92125,0.00002,0.00003,0.01503,0.00003
27.48800,0.12794,0.00990,0.00000,0.01199,0.00000,0.97094,0.00001,0.00001,0.00716,0.00001
27.52000,0.12794,0.00333,0.00000,0.00556,0.00000,0.98800,0.00000,0.00000,0.00310,0.00000
27.55200,0.12794,0.00066,0.00000,0.00159,0.00000,0.99724,0.00000,0.00000,0.00052,0.00000
27.58400,0.12794,0.00021,0.00000,0.00064,0.00000,0.99902,0.00000,0.00000,0.00013,0.00000
27.61600,0.12794,0.00026,0.00000,0.00094,0.00000,0.99869,0.00000,0.00000,0.00011,0.00000
27.64800,0.12794,0.00125,0.00000,0.00332,0.00000,0.99445,0.00000,0.00000,0.00098,0.00000
27.68000,0.12794,0.00338,0.00000,0.00687,0.00000,0.98412,0.00001,0.00000,0.00562,0.00000
27.71200,0.12794,0.00723,0.00000,0.01231,0.00000,0.94628,0.00001,0.00001,0.03415,0.00000
27.74400,0.12794,0.00304,0.00000,0.00569,0.00000,0.97468,0.00001,0.00001,0.01658,0.00000
27.77600,0.12794,0.00126,0.00000,0.00291,0.00000,0.99300,0.00001,0.00000,0.00283,0.00000
27.80800,0.12794,0.00154,0.00000,0.00350,0.00000,0.99258,0.00001,0.00000,0.00237,0.00000
27.84000,0.12794,0.00094,0.00000,0.00208,0.00000,0.99622,0.00001,0.00000,0.00075,0.00000
27.87200,0.12794,0.00142,0.00000,0.00277,0.00000,0.99447,0.00001,0.00000,0.00133,0.00000
27.90400,0.12794,0.00115,0.00000,0.00222,0.00000,0.99555,0.00001,0.00000,0.00107,0.00000
27.93600,0.12794,0.00083,0.00000,0.00163,0.00000,0.99690,0.00000,0.00000,0.00064,0.00000
27.96800,0.12794,0.00079,0.00000,0.00149,0.00000,0.99706,0.00000,0.00000,0.00065,0.00000
28.00000,0.12794,0.00075,0.00000,0.00121,0.00000,0.99731,0.00000,0.00000,0.00072,0.00000
28.03200,0.12794,0.00133,0.00000,0.00170,0.00000,0.99540,0.00000,0.00000,0.00157,0.00000
28.06400,0.12794,0.00172,0.00000,0.00179,0.00000,0.99307,0.00000,0.00000,0.00341,0.00000
28.09600,0.12794,0.00457,0.00000,0.00382,0.00000,0.98187,0.00000,0.00000,0.00972,0.00000
28.12800,0.12794,0.01225,0.00000,0.00820,0.00000,0.94529,0.00001,0.00002,0.03424,0.00000
28.16000,0.12794,0.03379,0.00000,0.02374,0.00000,0.88043,0.00002,0.00004,0.06196,0.00001
28.19200,0.12794,0.05991,0.00000,0.04301,0.00000,0.82136,0.00003,0.00007,0.07559,0.00003
28.22400,0.12794,0.03534,0.00000,0.03024,0.00000,0.90281,0.00004,0.00003,0.03152,0.00001
28.25600,0.12794,0.01341,0.00000,0.01719,0.00000,0.96165,0.00003,0.00001,0.00772,0.00000
28.28800,0.12794,0.00248,0.00000,0.00417,0.00000,0.99179,0.00001,0.00000,0.00155,0.00000
28.32000,0.12794,0.00056,0.00000,0.00131,0.00000,0.99776,0.00000,0.00000,0.00037,0.00000
28.35200,0.12794,0.00059,0.00000,0.00161,0.00000,0.99728,0.00000,0.00000,0.00051,0.00000
28.38400,0.12794,0.00244,0.00000,0.00574,0.00000,0.98716,0.00001,0.00000,0.00465,0.00000
28.41600,0.12794,0.00470,0.00000,0.00940,0.00000,0.97887,0.00001,0.00000,0.00702,0.00000
28.44800,0.12794,0.00378,0.00000,0.00847,0.00000,0.98388,0.00001,0.00000,0.00386,0.00000
28.48000,0.12794,0.00243,0.00000,0.00547,0.00000,0.98949,0.00000,0.00000,0.00261,0.00000
28.51200,0.12794,0.00105,0.00000,0.00269,0.00000,0.99563,0.00000,0.00000,0.00063,0.00000
28.54400,0.12794,0.00155,0.00000,0.00352,0.00000,0.99378,0.00000,0.00000,0.00115,0.00000
28.57600,0.12794,0.00449,0.00000,0.00741,0.00000,0.98285,0.00000,0.00000,0.00524,0.00000
28.60800,0.12794,0.00881,0.00000,0.01204,0.00000,0.97191,0.00001,0.00001,0.00722,0.00001
28.64000,0.12794,0.01462,0.00000,0.01677,0.00000,0.95679,0.00001,0.00002,0.01176,0.00002
28.67200,0.12794,0.01862,0.00000,0.01895,0.00000,0.95347,0.00002,0.00002,0.00889,0.00003
28.70400,0.12794,0.02958,0.00000,0.03015,0.00000,0.93205,0.00005,0.00004,0.00806,0.00007
28.73600,0.12794,0.02823,0.00000,0.03583,0.00000,0.92899,0.00004,0.00004,0.00681,0.00006
28.76800,0.12794,0.01228,0.00000,0.01929,0.00000,0.96533,0.00001,0.00001,0.00307,0.00001
28.80000,0.12794,0.00505,0.00000,0.01045,0.00000,0.98220,0.00000,0.00000,0.00229,0.00000
28.83200,0.12794,0.00212,0.00000,0.00531,0.00000,0.99122,0.00000,0.00000,0.00134,0.00000
28.86400,0.12794,0.00236,0.00000,0.00570,0.00000,0.98997,0.00000,0.00000,0.00196,0.00000
28.89600,0.12794,0.00232,0.00000,0.00541,0.00000,0.99020,0.00000,0.00000,0.00208,0.00000
28.92800,0.12794,0.00364,0.00000,0.00784,0.00000,0.98421,0.00000,0.00000,0.00431,0.00000
28.96000,0.12794,0.00740,0.00000,0.01306,0.00000,0.96314,0.00000,0.00001,0.01639,0.00000
28.99200,0.12794,0.00378,0.00000,0.00803,0.00000,0.97501,0.00000,0.00001,0.01317,0.00000
29.02400,0.12794,0.00522,0.00000,0.01010,0.00000,0.97674,0.00000,0.00000,0.00793,0.00000
29.05600,0.12794,0.00272,0.00000,0.00577,0.00000,0.98966,0.00000,0.00000,0.00186,0.00000
29.08800,0.12794,0.00316,0.00000,0.00622,0.00000,0.98969,0.00000,0.00000,0.00092,0.00000
29.12000,0.12794,0.01139,0.00000,0.01243,0.00000,0.97511,0.00003,0.00000,0.00104,0.00000
29.15200,0.12794,0.01529,0.00000,0.01495,0.00000,0.96709,0.00002,0.00000,0.00265,0.00001
29.18400,0.12794,0.02404,0.00000,0.01989,0.00000,0.95118,0.00003,0.00001,0.00484,0.00002
29.21600,0.12794,0.01876,0.00000,0.01765,0.00000,0.96080,0.00002,0.00001,0.00275,0.00001
29.24800,0.12794,0.01562,0.00000,0.02136,0.00000,0.96016,0.00002,0.00000,0.00283,0.00001
29.28000,0.12794,0.01316,0.00000,0.01953,0.00000,0.96446,0.00002,0.00000,0.00283,0.00000
29.31200,0.12794,0.01303,0.00000,0.01993,0.00000,0.96215,0.00002,0.00000,0.00486,0.00000
29.34400,0.12794,0.01175,0.00000,0.01755,0.00000,0.96355,0.00002,0.00000,0.00714,0.00000
29.37600,0.12794,0.00925,0.00000,0.01356,0.00000,0.96998,0.00001,0.00000,0.00719,0.00000
29.40800,0.12794,0.00684,0.00000,0.01030,0.00000,0.97701,0.00001,0.00000,0.00583,0.00000
29.44000,0.12794,0.01155,0.00000,0.01773,0.00000,0.96343,0.00002,0.00000,0.00726,0.00000
29.47200,0.12794,0.01435,0.00000,0.02080,0.00000,0.95501,0.00002,0.00001,0.00979,0.00001
29.50400,0.12794,0.01913,0.00000,0.02752,0.00000,0.94095,0.00004,0.00001,0.01234,0.00001
29.53600,0.12794,0.02241,0.00000,0.03059,0.00000,0.92911,0.00005,0.00002,0.01780,0.00001
29.56800,0.12794,0.01854,0.00000,0.02430,0.00000,0.93643,0.00003,0.00003,0.02066,0.00001
29.60000,0.12794,0.02709,0.00000,0.03491,0.00000,0.91560,0.00006,0.00005,0.02226,0.00002
29.63200,0.12794,0.03209,0.00000,0.03522,0.00000,0.89644,0.00005,0.00007,0.03612,0.00002
29.66400,0.12794,0.04426,0.00000,0.04476,0.00001,0.86725,0.00008,0.00009,0.04351,0.00003
29.69600,0.12794,0.03964,0.00000,0.03533,0.00001,0.88947,0.00008,0.00008,0.03536,0.00003
29.72800,0.12794,0.04956,0.00001,0.04140,0.00001,0.84138,0.00007,0.00013,0.06740,0.00004
29.76000,0.12794,0.02378,0.00000,0.02250,0.00001,0.91703,0.00005,0.00007,0.03655,0.00002
29.79200,0.12794,0.02061,0.00000,0.02180,0.00001,0.92656,0.00005,0.00005,0.03090,0.00002
29.82400,0.12794,0.01086,0.00000,0.01312,0.00000,0.94940,0.00003,0.00004,0.02655,0.00001
29.85600,0.12794,0.00532,0.00000,0.00738,0.00000,0.97560,0.00002,0.00002,0.01167,0.00000
29.88800,0.12794,0.00588,0.00000,0.00905,0.00000,0.97253,0.00002,0.00002,0.01249,0.00000
29.92000,0.12794,0.00395,0.00000,0.00689,0.00000,0.98271,0.00002,0.00001,0.00641,0.00000
29.95200,0.12794,0.00671,0.00000,0.01246,0.00000,0.97111,0.00003,0.00002,0.00966,0.00001
29.98400,0.12794,0.00865,0.00001,0.01448,0.00001,0.96469,0.00006,0.00002,0.01208,0.00001
30.01600,0.12794,0.01236,0.00001,0.02266,0.00002,0.94285,0.00007,0.00003,0.02199,0.00002
30.04800,0.12794,0.01304,0.00001,0.02770,0.00002,0.93526,0.00006,0.00003,0.02386,0.00002
30.08000,0.12794,0.00781,0.00001,0.02086,0.00002,0.95518,0.00005,0.00002,0.01605,0.00001
30.11200,0.12794,0.00838,0.00001,0.02435,0.00001,0.94934,0.00004,0.00002,0.01784,0.00001
30.14400,0.12794,0.00701,0.00000,0.01783,0.00001,0.96361,0.00004,0.00001,0.01147,0.00001
30.17600,0.12794,0.00582,0.00001,0.01403,0.00001,0.96719,0.00004,0.00001,0.01289,0.00000
30.20800,0.12794,0.00625,0.00001,0.01308,0.00001,0.96747,0.00004,0.00001,0.01311,0.00001
30.24000,0.12794,0.00496,0.00001,0.01264,0.00001,0.97245,0.00004,0.00001,0.00988,0.00001
30.27200,0.12794,0.00572,0.00001,0.01557,0.00001,0.96539,0.00005,0.00002,0.01322,0.00001
30.30400,0.12794,0.00688,0.00001,0.02013,0.00001,0.96064,0.00007,0.00002,0.01222,0.00002
30.33600,0.12794,0.00857,0.00001,0.02971,0.00001,0.94994,0.00008,0.00003,0.01161,0.00003
30.36800,0.12794,0.00786,0.00001,0.02590,0.00001,0.95690,0.00009,0.00002,0.00917,0.00003
30.40000,0.12794,0.00745,0.00000,0.02358,0.00001,0.96205,0.00012,0.00002,0.00674,0.00003
30.43200,0.12794,0.00787,0.00000,0.02467,0.00001,0.96044,0.00012,0.00002,0.00683,0.00004
30.46400,0.12794,0.00650,0.00000,0.01841,0.00000,0.97119,0.00011,0.00001,0.00376,0.00002
30.49600,0.12794,0.00602,0.00000,0.01758,0.00000,0.97379,0.00010,0.00001,0.00247,0.00002
30.52800,0.12794,0.00486,0.00000,0.01430,0.00000,0.97886,0.00005,0.00001,0.00190,0.00001
30.56000,0.12794,0.00381,0.00000,0.01222,0.00000,0.98289,0.00005,0.00000,0.00101,0.00001
30.59200,0.12794,0.00270,0.00000,0.00959,0.00000,0.98704,0.00003,0.00000,0.00063,0.00000
30.62400,0.12794,0.00201,0.00000,0.00788,0.00000,0.98971,0.00003,0.00000,0.00037,0.00000
30.65600,0.12794,0.00156,0.00000,0.00647,0.00000,0.99180,0.00003,0.00000,0.00014,0.00000
30.68800,0.12794,0.00143,0.00000,0.00589,0.00000,0.99253,0.00002,0.00000,0.00012,0.00000
30.72000,0.12794,0.00182,0.00000,0.00808,0.00000,0.98992,0.00003,0.00000,0.00015,0.00000
30.75200,0.12794,0.00160,0.00000,0.00718,0.00000,0.99109,0.00003,0.00000,0.00011,0.00000
30.78400,0.12794,0.00126,0.00000,0.00633,0.00000,0.99229,0.00003,0.00000,0.00010,0.00000
30.81600,0.12794,0.00151,0.00000,0.00693,0.00000,0.99139,0.00003,0.00000,0.00014,0.00000
30.84800,0.12794,0.00171,0.00000,0.00555,0.00000,0.99259,0.00005,0.00000,0.00009,0.00000
30.88000,0.12794,0.00193,0.00000,0.00487,0.00000,0.99305,0.00008,0.00000,0.00007,0.00000
30.91200,0.12794,0.00247,0.00000,0.00619,0.00000,0.99115,0.00012,0.00000,0.00007,0.00000
30.94400,0.12794,0.00219,0.00000,0.00436,0.00000,0.99321,0.00020,0.00000,0.00004,0.00000
30.97600,0.12794,0.00200,0.00000,0.00418,0.00000,0.99362,0.00012,0.00000,0.00009,0.00000
31.00800,0.12794,0.00222,0.00000,0.00452,0.00000,0.99291,0.00012,0.00000,0.00022,0.00000
31.04000,0.12794,0.00233,0.00000,0.00324,0.00000,0.99400,0.00013,0.00000,0.00030,0.00000
31.07200,0.12794,0.00187,0.00000,0.00264,0.00000,0.99513,0.00010,0.00000,0.00025,0.00000
31.10400,0.12794,0.00186,0.00000,0.00247,0.00000,0.99536,0.00013,0.00000,0.00017,0.00000
31.13600,0.12794,0.00191,0.00000,0.00251,0.00000,0.99525,0.00011,0.00000,0.00022,0.00000
31.16800,0.12794,0.00196,0.00000,0.00263,0.00000,0.99508,0.00011,0.00000,0.00022,0.00000
31.20000,0.12794,0.00210,0.00000,0.00257,0.00000,0.99500,0.00010,0.00000,0.00022,0.00000
31.23200,0.12794,0.00218,0.00000,0.00224,0.00000,0.99527,0.00008,0.00000,0.00022,0.00000
31.26400,0.12794,0.00192,0.00000,0.00193,0.00000,0.99591,0.00009,0.00000,0.00015,0.00000
31.29600,0.12794,0.00210,0.00000,0.00231,0.00000,0.99532,0.00006,0.00000,0.00022,0.00000
31.32800,0.12794,0.00276,0.00000,0.00334,0.00000,0.99345,0.00007,0.00000,0.00038,0.00000
31.36000,0.12794,0.00222,0.00000,0.00456,0.00000,0.99277,0.00006,0.00000,0.00037,0.00000
31.39200,0.12794,0.00200,0.00000,0.00575,0.00000,0.99183,0.00004,0.00000,0.00037,0.00000
31.42400,0.12794,0.00248,0.00000,0.00817,0.00000,0.98877,0.00006,0.00000,0.00051,0.00000
31.45600,0.12794,0.00301,0.00000,0.01227,0.00000,0.98370,0.00007,0.00000,0.00094,0.00000
31.48800,0.12794,0.00322,0.00000,0.01119,0.00000,0.98398,0.00006,0.00000,0.00154,0.00000
31.52000,0.12794,0.00476,0.00000,0.01330,0.00000,0.97722,0.00005,0.00001,0.00465,0.00001
31.55200,0.12794,0.00524,0.00000,0.01218,0.00000,0.97619,0.00005,0.00001,0.00631,0.00001
31.58400,0.12794,0.00644,0.00000,0.01130,0.00000,0.97357,0.00003,0.00001,0.00864,0.00001
31.61600,0.12794,0.01116,0.00000,0.01606,0.00000,0.95623,0.00003,0.00002,0.01649,0.00001
31.64800,0.12794,0.01248,0.00000,0.01785,0.00000,0.95496,0.00003,0.00002,0.01466,0.00001
31.68000,0.12794,0.01134,0.00000,0.01666,0.00000,0.96264,0.00002,0.00001,0.00933,0.00000
31.71200,0.12794,0.01279,0.00000,0.01878,0.00000,0.96315,0.00002,0.00000,0.00525,0.00000
31.74400,0.12794,0.02407,0.00000,0.02686,0.00000,0.94407,0.00005,0.00001,0.00492,0.00002
31.77600,0.12794,0.03848,0.00000,0.03537,0.00000,0.91956,0.00005,0.00001,0.00649,0.00003
31.80800,0.12794,0.03904,0.00000,0.04325,0.00000,0.90693,0.00003,0.00002,0.01069,0.00002
31.84000,0.12794,0.01517,0.00000,0.02389,0.00000,0.95370,0.00001,0.00001,0.00722,0.00001
31.87200,0.12794,0.00581,0.00000,0.01278,0.00000,0.97507,0.00000,0.00000,0.00633,0.00000
31.90400,0.12794,0.00246,0.00000,0.00738,0.00000,0.98766,0.00000,0.00000,0.00250,0.00000
31.93600,0.12794,0.00192,0.00000,0.00544,0.00000,0.99135,0.00000,0.00000,0.00129,0.00000
31.96800,0.12794,0.00319,0.00000,0.00717,0.00000,0.98798,0.00000,0.00000,0.00167,0.00000
32.00000,0.12794,0.00445,0.00000,0.00885,0.00000,0.98536,0.00000,0.00000,0.00134,0.00000
32.03200,0.12794,0.00899,0.00000,0.01596,0.00000,0.97120,0.00001,0.00001,0.00383,0.00000
32.06400,0.12794,0.01312,0.00000,0.01921,0.00000,0.96235,0.00001,0.00001,0.00530,0.00001
32.09600,0.12794,0.01734,0.00000,0.01972,0.00000,0.94751,0.00001,0.00002,0.01538,0.00001
32.12800,0.12794,0.01728,0.00000,0.02236,0.00000,0.93837,0.00001,0.00002,0.02195,0.00001
32.16000,0.12794,0.00917,0.00000,0.01305,0.00000,0.96258,0.00000,0.00001,0.01519,0.00000
32.19200,0.12794,0.00415,0.00000,0.00712,0.00000,0.97450,0.00000,0.00000,0.01423,0.00000
32.22400,0.12794,0.00120,0.00000,0.00313,0.00000,0.99367,0.00000,0.00000,0.00199,0.00000
32.25600,0.12794,0.00044,0.00000,0.00133,0.00000,0.99782,0.00000,0.00000,0.00040,0.00000
32.28800,0.12794,0.00038,0.00000,0.00114,0.00000,0.99833,0.00000,0.00000,0.00014,0.00000
32.32000,0.12794,0.00034,0.00000,0.00113,0.00000,0.99844,0.00000,0.00000,0.00009,0.00000
32.35200,0.12794,0.00052,0.00000,0.00150,0.00000,0.99774,0.00000,0.00000,0.00025,0.00000
32.38400,0.12794,0.00060,0.00000,0.00146,0.00000,0.99709,0.00000,0.00000,0.00084,0.00000
32.41600,0.12794,0.00034,0.00000,0.00092,0.00000,0.99802,0.00000,0.00000,0.00071,0.00000
32.44800,0.12794,0.00027,0.00000,0.00068,0.00000,0.99861,0.00000,0.00000,0.00044,0.00000
32.48000,0.12794,0.00056,0.00000,0.00135,0.00000,0.99755,0.00000,0.00000,0.00053,0.00000
32.51200,0.12794,0.00100,0.00000,0.00246,0.00000,0.99605,0.00001,0.00000,0.00049,0.00000
32.54400,0.12794,0.00102,0.00000,0.00227,0.00000,0.99590,0.00000,0.00000,0.00081,0.00000
32.57600,0.12794,0.00131,0.00000,0.00288,0.00000,0.99493,0.00001,0.00000,0.00088,0.00000
32.60800,0.12794,0.00097,0.00000,0.00193,0.00000,0.99639,0.00000,0.00000,0.00070,0.00000
32.64000,0.12794,0.00060,0.00000,0.00111,0.00000,0.99744,0.00000,0.00000,0.00085,0.00000
32.67200,0.12794,0.00072,0.00000,0.00128,0.00000,0.99731,0.00000,0.00000,0.00069,0.00000
32.70400,0.12794,0.00151,0.00000,0.00231,0.00000,0.99440,0.00001,0.00000,0.00177,0.00000
32.73600,0.12794,0.00215,0.00000,0.00288,0.00000,0.99292,0.00001,0.00000,0.00203,0.00000
32.76800,0.12794,0.00780,0.00000,0.00824,0.00000,0.97829,0.00001,0.00000,0.00565,0.00000
32.80000,0.12794,0.02228,0.00000,0.01743,0.00000,0.94028,0.00002,0.00001,0.01997,0.00002
32.83200,0.12794,0.03554,0.00000,0.02384,0.00000,0.91586,0.00002,0.00002,0.02468,0.00003
32.86400,0.12794,0.05626,0.00000,0.03820,0.00000,0.86748,0.00004,0.00004,0.03792,0.00005
32.89600,0.12794,0.02087,0.00000,0.01788,0.00000,0.94641,0.00003,0.00001,0.01479,0.00001
32.92800,0.12794,0.00856,0.00000,0.01246,0.00000,0.97621,0.00005,0.00000,0.00271,0.00000
32.96000,0.12794,0.00474,0.00000,0.01024,0.00000,0.98397,0.00005,0.00000,0.00100,0.00000
32.99200,0.12794,0.00273,0.00000,0.00779,0.00000,0.98886,0.00004,0.00000,0.00058,0.00000
33.02400,0.12794,0.00328,0.00000,0.01203,0.00000,0.98411,0.00004,0.00000,0.00054,0.00000
33.05600,0.12794,0.00915,0.00000,0.03245,0.00000,0.95686,0.00005,0.00000,0.00148,0.00000
33.08800,0.12794,0.01041,0.00000,0.03380,0.00000,0.95426,0.00005,0.00000,0.00147,0.00000
33.12000,0.12794,0.00805,0.00000,0.02799,0.00000,0.96311,0.00005,0.00000,0.00081,0.00000
33.15200,0.12794,0.00441,0.00000,0.01388,0.00000,0.98100,0.00001,0.00000,0.00069,0.00000
33.18400,0.12794,0.00262,0.00000,0.00706,0.00000,0.98968,0.00001,0.00000,0.00064,0.00000
33.21600,0.12794,0.00327,0.00000,0.00753,0.00000,0.98779,0.00001,0.00000,0.00140,0.00000
33.24800,0.12794,0.00481,0.00000,0.00880,0.00000,0.98209,0.00000,0.00000,0.00429,0.00000
33.28000,0.12794,0.00817,0.00000,0.01297,0.00000,0.97208,0.00001,0.00000,0.00677,0.00000
33.31200,0.12794,0.01612,0.00000,0.02269,0.00000,0.94802,0.00001,0.00002,0.01314,0.00001
33.34400,0.12794,0.01291,0.00000,0.01688,0.00000,0.95963,0.00001,0.00002,0.01054,0.00001
33.37600,0.12794,0.01719,0.00000,0.02193,0.00000,0.95258,0.00002,0.00002,0.00825,0.00002
33.40800,0.12794,0.03470,0.00000,0.03451,0.00000,0.91634,0.00003,0.00007,0.01429,0.00005
33.44000,0.12794,0.01418,0.00000,0.01811,0.00000,0.95954,0.00001,0.00003,0.00812,0.00001
33.47200,0.12794,0.00894,0.00000,0.01329,0.00000,0.96941,0.00000,0.00001,0.00834,0.00000
33.50400,0.12794,0.00350,0.00000,0.00628,0.00000,0.98639,0.00000,0.00000,0.00383,0.00000
33.53600,0.12794,0.00194,0.00000,0.00462,0.00000,0.98970,0.00000,0.00000,0.00374,0.00000
33.56800,0.12794,0.00105,0.00000,0.00274,0.00000,0.99367,0.00000,0.00000,0.00254,0.00000
33.60000,0.12794,0.00142,0.00000,0.00371,0.00000,0.98953,0.00000,0.00000,0.00534,0.00000
33.63200,0.12794,0.00155,0.00000,0.00415,0.00000,0.98206,0.00000,0.00000,0.01224,0.00000
33.66400,0.12794,0.00044,0.00000,0.00177,0.00000,0.99657,0.00000,0.00000,0.00122,0.00000
33.69600,0.12794,0.00089,0.00000,0.00307,0.00000,0.99379,0.00000,0.00000,0.00225,0.00000
33.72800,0.12794,0.00077,0.00000,0.00255,0.00000,0.99569,0.00000,0.00000,0.00099,0.00000
33.76000,0.12794,0.00375,0.00000,0.00844,0.00000,0.98578,0.00000,0.00000,0.00202,0.00000
33.79200,0.12794,0.05156,0.00000,0.04428,0.00000,0.82752,0.00001,0.00005,0.07657,0.00001
33.82400,0.12794,0.11574,0.00000,0.07221,0.00000,0.65605,0.00002,0.00022,0.15573,0.00003
33.85600,0.12794,0.19612,0.00001,0.10291,0.00000,0.44349,0.00003,0.00093,0.25642,0.00008
33.88800,0.12794,0.13750,0.00001,0.08024,0.00000,0.53317,0.00002,0.00099,0.24798,0.00009
33.92000,0.12794,0.06918,0.00000,0.05858,0.00000,0.80149,0.00002,0.00024,0.07042,0.00006
33.95200,0.12794,0.04302,0.00000,0.04733,0.00000,0.85859,0.00001,0.00007,0.05095,0.00002
33.98400,0.12794,0.02452,0.00000,0.02947,0.00000,0.91031,0.00001,0.00002,0.03566,0.00001
34.01600,0.12794,0.02716,0.00000,0.04138,0.00000,0.87657,0.00001,0.00003,0.05484,0.00001
34.04800,0.12794,0.03001,0.00000,0.04240,0.00000,0.82062,0.00001,0.00004,0.10691,0.00001
34.08000,0.12794,0.02233,0.00000,0.03239,0.00000,0.86597,0.00001,0.00004,0.07925,0.00001
34.11200,0.12794,0.02813,0.00000,0.03924,0.00000,0.83281,0.00001,0.00005,0.09975,0.00001
34.14400,0.12794,0.02557,0.00000,0.02613,0.00000,0.83166,0.00001,0.00007,0.11655,0.00001
34.17600,0.12794,0.01872,0.00000,0.01981,0.00000,0.90718,0.00001,0.00004,0.05425,0.00001
34.20800,0.12794,0.01956,0.00000,0.02331,0.00000,0.88631,0.00001,0.00005,0.07076,0.00001
34.24000,0.12794,0.01977,0.00000,0.02425,0.00000,0.86730,0.00001,0.00008,0.08858,0.00001
34.27200,0.12794,0.01850,0.00000,0.03360,0.00000,0.89933,0.00001,0.00004,0.04851,0.00001
34.30400,0.12794,0.03251,0.00000,0.06822,0.00000,0.82144,0.00001,0.00010,0.07769,0.00003
34.33600,0.12794,0.03695,0.00000,0.12827,0.00000,0.78149,0.00002,0.00009,0.05314,0.00004
34.36800,0.12794,0.05235,0.00001,0.22069,0.00001,0.68335,0.00003,0.00009,0.04339,0.00009
34.40000,0.12794,0.07442,0.00001,0.21080,0.00001,0.63355,0.00003,0.00017,0.08086,0.00015
34.43200,0.12794,0.07345,0.00001,0.15936,0.00001,0.64311,0.00002,0.00023,0.12367,0.00013
34.46400,0.12794,0.07123,0.00002,0.08506,0.00001,0.69786,0.00004,0.00029,0.14538,0.00012
34.49600,0.12794,0.04295,0.00001,0.03845,0.00001,0.76376,0.00003,0.00027,0.15446,0.00006
34.52800,0.12794,0.01960,0.00001,0.02315,0.00001,0.89379,0.00003,0.00012,0.06327,0.00002
34.56000,0.12794,0.01940,0.00001,0.02987,0.00001,0.90119,0.00003,0.00010,0.04937,0.00002
34.59200,0.12794,0.01596,0.00001,0.03379,0.00001,0.91496,0.00003,0.00008,0.03515,0.00002
34.62400,0.12794,0.01572,0.00001,0.04543,0.00001,0.90578,0.00003,0.00006,0.03294,0.00002
34.65600,0.12794,0.03318,0.00003,0.07962,0.00002,0.78626,0.00004,0.00016,0.10064,0.00005
34.68800,0.12794,0.02989,0.00003,0.07576,0.00002,0.76502,0.00003,0.00020,0.12899,0.00005
34.72000,0.12794,0.03169,0.00003,0.07590,0.00002,0.71924,0.00003,0.00017,0.17288,0.00004
34.75200,0.12794,0.03203,0.00004,0.05860,0.00002,0.67675,0.00002,0.00017,0.23233,0.00004
34.78400,0.12794,0.02176,0.00003,0.03980,0.00002,0.78831,0.00002,0.00013,0.14990,0.00002
34.81600,0.12794,0.01947,0.00004,0.02788,0.00003,0.82399,0.00003,0.00010,0.12845,0.00001
34.84800,0.12794,0.01807,0.00006,0.02337,0.00005,0.83947,0.00004,0.00012,0.11881,0.00002
34.88000,0.12794,0.01132,0.00004,0.01697,0.00005,0.91858,0.00006,0.00008,0.05289,0.00001
34.91200,0.12794,0.01013,0.00002,0.02159,0.00003,0.93425,0.00006,0.00005,0.03383,0.00002
34.94400,0.12794,0.01337,0.00004,0.04008,0.00005,0.91001,0.00009,0.00007,0.03625,0.00005
34.97600,0.12794,0.01360,0.00005,0.06606,0.00006,0.89133,0.00013,0.00007,0.02862,0.00007
35.00800,0.12794,0.01832,0.00007,0.09704,0.00007,0.85230,0.00017,0.00011,0.03177,0.00016
35.04000,0.12794,0.01929,0.00008,0.12092,0.00008,0.83382,0.00025,0.00011,0.02526,0.00019
35.07200,0.12794,0.01588,0.00004,0.07795,0.00005,0.88756,0.00027,0.00009,0.01801,0.00014
35.10400,0.12794,0.01681,0.00003,0.05434,0.00004,0.91200,0.00033,0.00008,0.01623,0.00013
35.13600,0.12794,0.01258,0.00001,0.03923,0.00002,0.93899,0.00029,0.00004,0.00877,0.00008
35.16800,0.12794,0.01148,0.00001,0.03743,0.00001,0.94446,0.00028,0.00003,0.00625,0.00006
35.20000,0.12794,0.00776,0.00000,0.03477,0.00000,0.95416,0.00019,0.00001,0.00306,0.00003
35.23200,0.12794,0.00529,0.00000,0.02999,0.00000,0.96272,0.00012,0.00001,0.00186,0.00002
35.26400,0.12794,0.00412,0.00000,0.02811,0.00000,0.96638,0.00009,0.00001,0.00128,0.00001
35.29600,0.12794,0.00384,0.00000,0.02355,0.00000,0.97159,0.00008,0.00000,0.00093,0.00001
35.32800,0.12794,0.00342,0.00000,0.02408,0.00000,0.97190,0.00008,0.00000,0.00051,0.00001
35.36000,0.12794,0.00447,0.00000,0.02289,0.00000,0.97195,0.00009,0.00000,0.00059,0.00001
35.39200,0.12794,0.00471,0.00000,0.02299,0.00000,0.97167,0.00011,0.00000,0.00051,0.00001
35.42400,0.12794,0.00374,0.00000,0.01779,0.00000,0.97809,0.00012,0.00000,0.00026,0.00001
35.45600,0.12794,0.00363,0.00000,0.01566,0.00000,0.98026,0.00012,0.00000,0.00032,0.00000
35.48800,0.12794,0.00305,0.00000,0.01298,0.00000,0.98359,0.00016,0.00000,0.00021,0.00000
35.52000,0.12794,0.00304,0.00000,0.01090,0.00000,0.98560,0.00023,0.00000,0.00022,0.00000
35.55200,0.12794,0.00256,0.00000,0.00663,0.00000,0.99030,0.00022,0.00000,0.00028,0.00000
35.58400,0.12794,0.00240,0.00000,0.00645,0.00000,0.99067,0.00022,0.00000,0.00025,0.00000
35.61600,0.12794,0.00222,0.00000,0.00597,0.00000,0.99131,0.00028,0.00000,0.00021,0.00000
35.64800,0.12794,0.00268,0.00000,0.00690,0.00000,0.98978,0.00025,0.00000,0.00038,0.00000
35.68000,0.12794,0.00429,0.00000,0.00963,0.00000,0.98511,0.00040,0.00000,0.00056,0.00001
35.71200,0.12794,0.00511,0.00000,0.00825,0.00001,0.98528,0.00051,0.00001,0.00083,0.00001
35.74400,0.12794,0.00485,0.00000,0.00679,0.00000,0.98713,0.00040,0.00000,0.00081,0.00001
35.77600,0.12794,0.00440,0.00000,0.00535,0.00000,0.98925,0.00035,0.00000,0.00063,0.00001
35.80800,0.12794,0.00460,0.00000,0.00575,0.00000,0.98860,0.00030,0.00000,0.00073,0.00001
35.84000,0.12794,0.00424,0.00000,0.00496,0.00000,0.98991,0.00030,0.00000,0.00058,0.00001
35.87200,0.12794,0.00458,0.00000,0.00506,0.00000,0.98945,0.00035,0.00000,0.00054,0.00001
35.90400,0.12794,0.00616,0.00000,0.00731,0.00000,0.98515,0.00049,0.00001,0.00086,0.00001
35.93600,0.12794,0.00551,0.00000,0.00587,0.00000,0.98745,0.00041,0.00001,0.00075,0.00001
35.96800,0.12794,0.00612,0.00000,0.00666,0.00000,0.98597,0.00033,0.00001,0.00089,0.00002
36.00000,0.12794,0.00585,0.00000,0.00590,0.00000,0.98706,0.00030,0.00001,0.00087,0.00001
36.03200,0.12794,0.00337,0.00000,0.00309,0.00000,0.99304,0.00018,0.00000,0.00031,0.00000
36.06400,0.12794,0.00401,0.00000,0.00363,0.00000,0.99174,0.00019,0.00000,0.00042,0.00000
36.09600,0.12794,0.00217,0.00000,0.00198,0.00000,0.99556,0.00012,0.00000,0.00016,0.00000
36.12800,0.12794,0.00249,0.00000,0.00245,0.00000,0.99465,0.00009,0.00000,0.00033,0.00000
36.16000,0.12794,0.00363,0.00000,0.00347,0.00000,0.99219,0.00011,0.00000,0.00060,0.00000
36.19200,0.12794,0.00241,0.00000,0.00231,0.00000,0.99487,0.00013,0.00000,0.00029,0.00000
36.22400,0.12794,0.00342,0.00000,0.00312,0.00000,0.99251,0.00015,0.00000,0.00079,0.00000
36.25600,0.12794,0.00264,0.00000,0.00259,0.00000,0.99417,0.00017,0.00000,0.00042,0.00000
36.28800,0.12794,0.00238,0.00000,0.00235,0.00000,0.99473,0.00026,0.00000,0.00027,0.00000
36.32000,0.12794,0.00287,0.00000,0.00278,0.00000,0.99365,0.00041,0.00000,0.00027,0.00000
36.35200,0.12794,0.00224,0.00000,0.00215,0.00000,0.99491,0.00060,0.00000,0.00010,0.00000
36.38400,0.12794,0.00269,0.00000,0.00211,0.00000,0.99435,0.00069,0.00000,0.00016,0.00000
36.41600,0.12794,0.00602,0.00000,0.00421,0.00000,0.98835,0.00081,0.00000,0.00059,0.00000
36.44800,0.12794,0.00550,0.00000,0.00435,0.00000,0.98884,0.00046,0.00000,0.00085,0.00000
36.48000,0.12794,0.00695,0.00000,0.00542,0.00001,0.98538,0.00037,0.00001,0.00186,0.00000
36.51200,0.12794,0.00905,0.00000,0.00713,0.00001,0.98086,0.00039,0.00001,0.00255,0.00001
36.54400,0.12794,0.00627,0.00000,0.00540,0.00000,0.98621,0.00030,0.00001,0.00180,0.00000
36.57600,0.12794,0.00646,0.00000,0.00531,0.00000,0.98642,0.00037,0.00001,0.00142,0.00000
36.60800,0.12794,0.00753,0.00000,0.00587,0.00000,0.98447,0.00032,0.00001,0.00179,0.00000
36.64000,0.12794,0.00599,0.00000,0.00467,0.00000,0.98801,0.00033,0.00000,0.00099,0.00000
36.67200,0.12794,0.00632,0.00000,0.00468,0.00000,0.98726,0.00028,0.00001,0.00145,0.00000
36.70400,0.12794,0.01125,0.00000,0.00858,0.00000,0.97489,0.00023,0.00002,0.00503,0.00000
36.73600,0.12794,0.01475,0.00000,0.01099,0.00001,0.96746,0.00028,0.00002,0.00649,0.00001
36.76800,0.12794,0.02063,0.00000,0.01405,0.00001,0.95641,0.00036,0.00003,0.00849,0.00001
36.80000,0.12794,0.02149,0.00000,0.01503,0.00001,0.95769,0.00042,0.00002,0.00532,0.00002
36.83200,0.12794,0.01657,0.00000,0.01153,0.00001,0.96860,0.00053,0.00001,0.00273,0.00001
36.86400,0.12794,0.00820,0.00000,0.00685,0.00000,0.98380,0.00014,0.00000,0.00101,0.00000
36.89600,0.12794,0.00514,0.00000,0.00491,0.00000,0.98890,0.00005,0.00000,0.00100,0.00000
36.92800,0.12794,0.00401,0.00000,0.00349,0.00000,0.99148,0.00004,0.00000,0.00098,0.00000
36.96000,0.12794,0.00312,0.00000,0.00284,0.00000,0.99316,0.00003,0.00000,0.00084,0.00000
36.99200,0.12794,0.00586,0.00000,0.00482,0.00000,0.98656,0.00009,0.00000,0.00266,0.00000
37.02400,0.12794,0.00951,0.00000,0.00770,0.00001,0.97693,0.00013,0.00001,0.00569,0.00000
37.05600,0.12794,0.01017,0.00000,0.00872,0.00001,0.97213,0.00011,0.00002,0.00883,0.00000
37.08800,0.12794,0.01176,0.00001,0.01077,0.00001,0.95964,0.00008,0.00003,0.01770,0.00001
37.12000,0.12794,0.01958,0.00002,0.01770,0.00002,0.92830,0.00010,0.00006,0.03421,0.00001
37.15200,0.12794,0.16837,0.00030,0.08163,0.00039,0.62355,0.00111,0.00062,0.12387,0.00016
37.18400,0.12794,0.76251,0.00148,0.08563,0.00323,0.07550,0.00647,0.00210,0.06204,0.00103
37.21600,0.12794,0.93245,0.00302,0.02243,0.01258,0.00336,0.01337,0.00212,0.00866,0.00201
37.24800,0.12794,0.91911,0.00612,0.00698,0.03456,0.00027,0.02690,0.00198,0.00159,0.00248
37.28000,0.12794,0.92207,0.00325,0.00292,0.03401,0.00012,0.03412,0.00122,0.00045,0.00184
37.31200,0.12794,0.92670,0.00195,0.00236,0.03090,0.00009,0.03564,0.00077,0.00034,0.00124
37.34400,0.12794,0.95220,0.00043,0.00094,0.01667,0.00003,0.02873,0.00023,0.00008,0.00070
37.37600,0.12794,0.96679,0.00007,0.00034,0.00898,0.00001,0.02339,0.00006,0.00002,0.00036
37.40800,0.12794,0.97655,0.00002,0.00014,0.00545,0.00000,0.01757,0.00002,0.00000,0.00025
37.44000,0.12794,0.97866,0.00001,0.00007,0.00463,0.00000,0.01638,0.00001,0.00000,0.00024
37.47200,0.12794,0.97711,0.00001,0.00011,0.00521,0.00000,0.01736,0.00001,0.00000,0.00018
37.50400,0.12794,0.96998,0.00002,0.00011,0.00854,0.00000,0.02108,0.00002,0.00000,0.00025
37.53600,0.12794,0.97140,0.00002,0.00014,0.00688,0.00000,0.02138,0.00002,0.00000,0.00016
37.56800,0.12794,0.96906,0.00001,0.00013,0.00696,0.00000,0.02366,0.00001,0.00000,0.00016
37.60000,0.12794,0.97743,0.00001,0.00009,0.00374,0.00000,0.01863,0.00001,0.00000,0.00010
37.63200,0.12794,0.98220,0.00000,0.00005,0.00234,0.00000,0.01530,0.00000,0.00000,0.00009
37.66400,0.12794,0.97933,0.00000,0.00004,0.00302,0.00000,0.01748,0.00000,0.00000,0.00014
37.69600,0.12794,0.97832,0.00000,0.00004,0.00346,0.00000,0.01802,0.00001,0.00000,0.00014
37.72800,0.12794,0.96974,0.00000,0.00005,0.00618,0.00000,0.02377,0.00001,0.00000,0.00025
37.76000,0.12794,0.96268,0.00001,0.00011,0.00854,0.00000,0.02840,0.00001,0.00000,0.00024
37.79200,0.12794,0.95618,0.00002,0.00017,0.01158,0.00000,0.03176,0.00002,0.00001,0.00026
37.82400,0.12794,0.95186,0.00004,0.00030,0.01379,0.00001,0.03365,0.00004,0.00001,0.00031
37.85600,0.12794,0.96142,0.00008,0.00045,0.01147,0.00001,0.02611,0.00008,0.00002,0.00037
37.88800,0.12794,0.96269,0.00011,0.00053,0.01123,0.00001,0.02485,0.00010,0.00003,0.00045
37.92000,0.12794,0.95894,0.00017,0.00061,0.01383,0.00001,0.02565,0.00013,0.00004,0.00062
37.95200,0.12794,0.95098,0.00021,0.00078,0.01805,0.00002,0.02903,0.00016,0.00005,0.00072
37.98400,0.12794,0.91793,0.00019,0.00080,0.03492,0.00002,0.04505,0.00014,0.00005,0.00090
38.01600,0.12794,0.89891,0.00027,0.00113,0.04601,0.00003,0.05241,0.00020,0.00008,0.00097
38.04800,0.12794,0.84752,0.00053,0.00172,0.07662,0.00005,0.07141,0.00037,0.00015,0.00164
38.08000,0.12794,0.79885,0.00127,0.00151,0.12204,0.00006,0.07243,0.00057,0.00013,0.00313
38.11200,0.12794,0.82039,0.00243,0.00205,0.10721,0.00009,0.06320,0.00098,0.00022,0.00344
38.14400,0.12794,0.81359,0.00373,0.00171,0.11940,0.00009,0.05566,0.00104,0.00018,0.00460
38.17600,0.12794,0.88302,0.00639,0.00157,0.07018,0.00009,0.03252,0.00134,0.00016,0.00471
38.20800,0.12794,0.91741,0.01010,0.00236,0.04050,0.00012,0.02315,0.00215,0.00032,0.00388
38.24000,0.12794,0.94385,0.00903,0.00210,0.02451,0.00012,0.01516,0.00174,0.00031,0.00318
38.27200,0.12794,0.96360,0.00669,0.00172,0.01396,0.00009,0.01024,0.00122,0.00024,0.00224
38.30400,0.12794,0.97654,0.00241,0.00137,0.00920,0.00005,0.00880,0.00048,0.00020,0.00096
38.33600,0.12794,0.98628,0.00055,0.00076,0.00504,0.00003,0.00654,0.00013,0.00008,0.00060
38.36800,0.12794,0.98557,0.00034,0.00059,0.00505,0.00002,0.00787,0.00010,0.00005,0.00041
38.40000,0.12794,0.98676,0.00028,0.00065,0.00415,0.00002,0.00765,0.00009,0.00006,0.00035
38.43200,0.12794,0.98679,0.00026,0.00051,0.00407,0.00001,0.00781,0.00009,0.00004,0.00043
38.46400,0.12794,0.98549,0.00032,0.00051,0.00438,0.00001,0.00879,0.00011,0.00004,0.00036
38.49600,0.12794,0.98883,0.00032,0.00043,0.00334,0.00001,0.00650,0.00009,0.00003,0.00044
38.52800,0.12794,0.98611,0.00031,0.00059,0.00441,0.00002,0.00800,0.00010,0.00005,0.00041
38.56000,0.12794,0.99113,0.00034,0.00039,0.00247,0.00001,0.00509,0.00011,0.00003,0.00042
38.59200,0.12794,0.98924,0.00030,0.00041,0.00303,0.00001,0.00648,0.00011,0.00003,0.00037
38.62400,0.12794,0.98459,0.00023,0.00042,0.00479,0.00001,0.00939,0.00010,0.00003,0.00044
38.65600,0.12794,0.98569,0.00041,0.00054,0.00415,0.00001,0.00857,0.00016,0.00004,0.00042
38.68800,0.12794,0.97637,0.00042,0.00088,0.00818,0.00003,0.01332,0.00017,0.00009,0.00055
38.72000,0.12794,0.97487,0.00095,0.00117,0.00889,0.00004,0.01258,0.00033,0.00014,0.00103
38.75200,0.12794,0.98147,0.00184,0.00143,0.00556,0.00004,0.00829,0.00050,0.00023,0.00065
38.78400,0.12794,0.98053,0.00089,0.00079,0.00686,0.00003,0.00977,0.00025,0.00008,0.00079
38.81600,0.12794,0.98129,0.00071,0.00073,0.00640,0.00002,0.01008,0.00022,0.00008,0.00048
38.84800,0.12794,0.98111,0.00035,0.00051,0.00619,0.00001,0.01132,0.00014,0.00004,0.00032
38.88000,0.12794,0.97101,0.00027,0.00052,0.01086,0.00001,0.01672,0.00012,0.00004,0.00045
38.91200,0.12794,0.97801,0.00030,0.00054,0.00757,0.00001,0.01304,0.00014,0.00005,0.00034
38.94400,0.12794,0.97432,0.00031,0.00096,0.00864,0.00002,0.01503,0.00015,0.00008,0.00048
38.97600,0.12794,0.97098,0.00036,0.00118,0.01054,0.00003,0.01609,0.00016,0.00010,0.00058
39.00800,0.12794,0.97980,0.00033,0.00098,0.00632,0.00003,0.01173,0.00016,0.00007,0.00058
39.04000,0.12794,0.98120,0.00018,0.00091,0.00525,0.00003,0.01161,0.00012,0.00006,0.00064
39.07200,0.12794,0.98601,0.00011,0.00049,0.00346,0.00001,0.00935,0.00008,0.00003,0.00045
39.10400,0.12794,0.98754,0.00011,0.00036,0.00313,0.00001,0.00829,0.00006,0.00002,0.00047
39.13600,0.12794,0.98749,0.00010,0.00037,0.00305,0.00001,0.00860,0.00006,0.00002,0.00030
39.16800,0.12794,0.98513,0.00023,0.00041,0.00400,0.00001,0.00971,0.00012,0.00003,0.00036
39.20000,0.12794,0.98291,0.00063,0.00068,0.00479,0.00002,0.01029,0.00027,0.00007,0.00035
39.23200,0.12794,0.98604,0.00045,0.00078,0.00339,0.00002,0.00869,0.00024,0.00008,0.00030
39.26400,0.12794,0.98689,0.00047,0.00080,0.00292,0.00002,0.00810,0.00029,0.00008,0.00043
39.29600,0.12794,0.98965,0.00030,0.00077,0.00200,0.00002,0.00656,0.00022,0.00008,0.00040
39.32800,0.12794,0.99319,0.00012,0.00044,0.00112,0.00001,0.00462,0.00011,0.00003,0.00035
39.36000,0.12794,0.99445,0.00013,0.00033,0.00082,0.00001,0.00384,0.00012,0.00002,0.00028
39.39200,0.12794,0.99412,0.00007,0.00018,0.00098,0.00000,0.00429,0.00006,0.00001,0.00029
39.42400,0.12794,0.99437,0.00005,0.00017,0.00088,0.00000,0.00434,0.00005,0.00001,0.00013
39.45600,0.12794,0.99294,0.00002,0.00011,0.00112,0.00000,0.00565,0.00003,0.00000,0.00012
39.48800,0.12794,0.99224,0.00002,0.00012,0.00124,0.00000,0.00629,0.00002,0.00000,0.00007
39.52000,0.12794,0.99095,0.00001,0.00010,0.00151,0.00000,0.00732,0.00001,0.00000,0.00009
39.55200,0.12794,0.98953,0.00002,0.00010,0.00187,0.00000,0.00834,0.00002,0.00000,0.00013
39.58400,0.12794,0.98662,0.00004,0.00017,0.00307,0.00000,0.00983,0.00003,0.00001,0.00023
39.61600,0.12794,0.98262,0.00009,0.00024,0.00481,0.00001,0.01168,0.00006,0.00001,0.00048
39.64800,0.12794,0.97829,0.00021,0.00060,0.00659,0.00002,0.01364,0.00013,0.00005,0.00047
39.68000,0.12794,0.98751,0.00029,0.00212,0.00270,0.00004,0.00621,0.00043,0.00033,0.00036
39.71200,0.12794,0.98665,0.00041,0.00514,0.00154,0.00008,0.00356,0.00094,0.00130,0.00039
39.74400,0.12794,0.98468,0.00054,0.00780,0.00061,0.00012,0.00152,0.00124,0.00323,0.00026
39.77600,0.12794,0.98922,0.00068,0.00568,0.00031,0.00010,0.00068,0.00090,0.00216,0.00026
39.80800,0.12794,0.99494,0.00091,0.00182,0.00046,0.00005,0.00076,0.00027,0.00047,0.00032
39.84000,0.12794,0.99693,0.00056,0.00064,0.00051,0.00002,0.00092,0.00010,0.00010,0.00022
39.87200,0.12794,0.99593,0.00036,0.00037,0.00113,0.00001,0.00188,0.00005,0.00004,0.00023
39.90400,0.12794,0.99494,0.00024,0.00026,0.00151,0.00001,0.00268,0.00004,0.00002,0.00030
39.93600,0.12794,0.99286,0.00018,0.00026,0.00204,0.00001,0.00437,0.00005,0.00002,0.00022
39.96800,0.12794,0.99215,0.00018,0.00023,0.00227,0.00001,0.00491,0.00005,0.00002,0.00020
40.00000,0.12794,0.99052,0.00014,0.00020,0.00274,0.00000,0.00610,0.00005,0.00001,0.00024
40.03200,0.12794,0.98608,0.00010,0.00024,0.00365,0.00000,0.00966,0.00005,0.00001,0.00019
40.06400,0.12794,0.97388,0.00009,0.00021,0.00850,0.00001,0.01680,0.00005,0.00001,0.00046
40.09600,0.12794,0.95899,0.00006,0.00019,0.01411,0.00000,0.02585,0.00004,0.00001,0.00074
40.12800,0.12794,0.95725,0.00005,0.00019,0.01383,0.00000,0.02797,0.00004,0.00001,0.00066
40.16000,0.12794,0.95182,0.00009,0.00037,0.01709,0.00001,0.02993,0.00006,0.00002,0.00062
40.19200,0.12794,0.94936,0.00020,0.00094,0.01826,0.00002,0.03052,0.00016,0.00008,0.00046
40.22400,0.12794,0.96535,0.00015,0.00093,0.00995,0.00001,0.02314,0.00014,0.00008,0.00025
40.25600,0.12794,0.96912,0.00009,0.00063,0.00885,0.00001,0.02089,0.00009,0.00004,0.00027
40.28800,0.12794,0.97752,0.00003,0.00025,0.00516,0.00000,0.01677,0.00004,0.00001,0.00021
40.32000,0.12794,0.98560,0.00001,0.00006,0.00261,0.00000,0.01154,0.00001,0.00000,0.00018
40.35200,0.12794,0.98625,0.00001,0.00006,0.00246,0.00000,0.01103,0.00001,0.00000,0.00018
40.38400,0.12794,0.99031,0.00002,0.00009,0.00168,0.00000,0.00775,0.00002,0.00000,0.00012
40.41600,0.12794,0.99202,0.00004,0.00013,0.00155,0.00000,0.00610,0.00003,0.00001,0.00013
40.44800,0.12794,0.99100,0.00017,0.00048,0.00186,0.00001,0.00623,0.00010,0.00005,0.00011
40.48000,0.12794,0.99195,0.00028,0.00053,0.00205,0.00001,0.00490,0.00010,0.00006,0.00012
40.51200,0.12794,0.99448,0.00045,0.00053,0.00163,0.00001,0.00264,0.00007,0.00006,0.00013
40.54400,0.12794,0.99553,0.00032,0.00038,0.00136,0.00001,0.00220,0.00005,0.00004,0.00012
40.57600,0.12794,0.99712,0.00018,0.00014,0.00088,0.00000,0.00155,0.00002,0.00001,0.00010
40.60800,0.12794,0.99624,0.00016,0.00018,0.00110,0.00000,0.00218,0.00003,0.00001,0.00010
40.64000,0.12794,0.99286,0.00012,0.00023,0.00175,0.00000,0.00487,0.00005,0.00002,0.00009
40.67200,0.12794,0.98921,0.00022,0.00052,0.00279,0.00001,0.00694,0.00010,0.00006,0.00014
40.70400,0.12794,0.98188,0.00023,0.00079,0.00497,0.00002,0.01166,0.00013,0.00009,0.00022
40.73600,0.12794,0.98173,0.00027,0.00064,0.00552,0.00002,0.01126,0.00014,0.00006,0.00037
40.76800,0.12794,0.98202,0.00023,0.00058,0.00551,0.00001,0.01107,0.00012,0.00005,0.00041
40.80000,0.12794,0.97168,0.00051,0.00057,0.01139,0.00002,0.01497,0.00015,0.00004,0.00067
40.83200,0.12794,0.95897,0.00237,0.00141,0.01830,0.00007,0.01707,0.00046,0.00017,0.00119
40.86400,0.12794,0.92738,0.00843,0.00494,0.03201,0.00025,0.02256,0.00152,0.00112,0.00178
40.89600,0.12794,0.88518,0.01753,0.01114,0.04736,0.00065,0.02861,0.00330,0.00356,0.00266
40.92800,0.12794,0.92042,0.01159,0.01146,0.02666,0.00052,0.02070,0.00299,0.00392,0.00174
40.96000,0.12794,0.96085,0.00396,0.00469,0.01272,0.00019,0.01403,0.00128,0.00112,0.00116
40.99200,0.12794,0.97440,0.00149,0.00184,0.00851,0.00006,0.01217,0.00054,0.00028,0.00070
41.02400,0.12794,0.98078,0.00131,0.00099,0.00671,0.00004,0.00892,0.00032,0.00012,0.00081
41.05600,0.12794,0.98633,0.00071,0.00069,0.00411,0.00002,0.00740,0.00020,0.00007,0.00046
41.08800,0.12794,0.98076,0.00112,0.00115,0.00618,0.00003,0.00990,0.00034,0.00017,0.00036
41.12000,0.12794,0.98244,0.00108,0.00116,0.00545,0.00003,0.00903,0.00033,0.00018,0.00030
41.15200,0.12794,0.98547,0.00062,0.00089,0.00390,0.00002,0.00857,0.00025,0.00012,0.00016
41.18400,0.12794,0.98229,0.00039,0.00075,0.00493,0.00002,0.01113,0.00020,0.00008,0.00021
41.21600,0.12794,0.98769,0.00015,0.00034,0.00323,0.00001,0.00826,0.00008,0.00003,0.00020
41.24800,0.12794,0.98632,0.00016,0.00034,0.00374,0.00001,0.00909,0.00009,0.00002,0.00025
41.28000,0.12794,0.97728,0.00022,0.00050,0.00737,0.00001,0.01409,0.00011,0.00004,0.00038
41.31200,0.12794,0.96973,0.00039,0.00069,0.01131,0.00002,0.01707,0.00017,0.00006,0.00055
41.34400,0.12794,0.95894,0.00050,0.00099,0.01523,0.00003,0.02335,0.00026,0.00010,0.00061
41.37600,0.12794,0.96262,0.00042,0.00113,0.01245,0.00003,0.02254,0.00024,0.00012,0.00046
41.40800,0.12794,0.96503,0.00026,0.00087,0.01108,0.00002,0.02217,0.00016,0.00007,0.00035
41.44000,0.12794,0.97030,0.00022,0.00074,0.00884,0.00002,0.01935,0.00014,0.00006,0.00033
41.47200,0.12794,0.98088,0.00023,0.00059,0.00563,0.00001,0.01224,0.00011,0.00005,0.00026
41.50400,0.12794,0.98541,0.00015,0.00042,0.00412,0.00001,0.00958,0.00007,0.00003,0.00022
41.53600,0.12794,0.98929,0.00016,0.00038,0.00283,0.00001,0.00698,0.00007,0.00003,0.00025
41.56800,0.12794,0.99213,0.00018,0.00040,0.00198,0.00001,0.00501,0.00007,0.00003,0.00019
41.60000,0.12794,0.98898,0.00024,0.00049,0.00299,0.00001,0.00684,0.00011,0.00004,0.00030
41.63200,0.12794,0.98490,0.00045,0.00070,0.00448,0.00002,0.00862,0.00021,0.00007,0.00056
41.66400,0.12794,0.97911,0.00060,0.00101,0.00635,0.00003,0.01191,0.00030,0.00012,0.00057
41.69600,0.12794,0.96794,0.00070,0.00128,0.01094,0.00004,0.01773,0.00037,0.00016,0.00084
41.72800,0.12794,0.95002,0.00094,0.00142,0.02065,0.00005,0.02512,0.00041,0.00017,0.00121
41.76000,0.12794,0.94806,0.00097,0.00127,0.02142,0.00005,0.02660,0.00039,0.00013,0.00110
41.79200,0.12794,0.94187,0.00097,0.00108,0.02595,0.00005,0.02829,0.00034,0.00010,0.00134
41.82400,0.12794,0.95237,0.00068,0.00069,0.02098,0.00003,0.02386,0.00021,0.00005,0.00113
41.85600,0.12794,0.97037,0.00029,0.00047,0.01058,0.00002,0.01753,0.00012,0.00003,0.00059
41.88800,0.12794,0.98444,0.00026,0.00040,0.00511,0.00001,0.00937,0.00009,0.00003,0.00029
41.92000,0.12794,0.98831,0.00034,0.00038,0.00402,0.00001,0.00658,0.00009,0.00003,0.00024
41.95200,0.12794,0.98885,0.00081,0.00063,0.00412,0.00002,0.00518,0.00012,0.00009,0.00018
41.98400,0.12794,0.99026,0.00087,0.00052,0.00358,0.00001,0.00437,0.00011,0.00007,0.00020
42.01600,0.12794,0.98782,0.00077,0.00050,0.00474,0.00001,0.00578,0.00010,0.00005,0.00022
42.04800,0.12794,0.99105,0.00054,0.00038,0.00315,0.00001,0.00457,0.00008,0.00004,0.00019
42.08000,0.12794,0.99248,0.00031,0.00028,0.00218,0.00001,0.00451,0.00007,0.00002,0.00016
42.11200,0.12794,0.99371,0.00038,0.00031,0.00188,0.00001,0.00349,0.00006,0.00003,0.00013
42.14400,0.12794,0.99486,0.00018,0.00018,0.00147,0.00000,0.00311,0.00004,0.00001,0.00014
42.17600,0.12794,0.99352,0.00011,0.00016,0.00178,0.00000,0.00426,0.00003,0.00001,0.00013
42.20800,0.12794,0.99163,0.00006,0.00011,0.00230,0.00000,0.00573,0.00002,0.00001,0.00014
42.24000,0.12794,0.98658,0.00004,0.00011,0.00351,0.00000,0.00956,0.00002,0.00000,0.00017
42.27200,0.12794,0.97927,0.00005,0.00013,0.00637,0.00000,0.01386,0.00003,0.00000,0.00028
42.30400,0.12794,0.97503,0.00008,0.00019,0.00801,0.00000,0.01622,0.00004,0.00001,0.00041
42.33600,0.12794,0.97729,0.00018,0.00033,0.00737,0.00001,0.01436,0.00008,0.00002,0.00036
42.36800,0.12794,0.98260,0.00020,0.00031,0.00546,0.00001,0.01093,0.00008,0.00002,0.00038
42.40000,0.12794,0.98696,0.00029,0.00043,0.00363,0.00001,0.00828,0.00011,0.00004,0.00024
42.43200,0.12794,0.99127,0.00012,0.00023,0.00219,0.00000,0.00593,0.00005,0.00002,0.00019
42.46400,0.12794,0.99107,0.00011,0.00020,0.00225,0.00000,0.00614,0.00004,0.00001,0.00018
42.49600,0.12794,0.98846,0.00008,0.00018,0.00321,0.00000,0.00780,0.00004,0.00001,0.00023
42.52800,0.12794,0.98428,0.00004,0.00015,0.00396,0.00000,0.01131,0.00003,0.00001,0.00022
42.56000,0.12794,0.98277,0.00005,0.00013,0.00466,0.00000,0.01211,0.00003,0.00000,0.00024
42.59200,0.12794,0.98829,0.00002,0.00010,0.00246,0.00000,0.00900,0.00002,0.00000,0.00011
42.62400,0.12794,0.98887,0.00002,0.00008,0.00197,0.00000,0.00897,0.00001,0.00000,0.00008
42.65600,0.12794,0.99148,0.00001,0.00007,0.00148,0.00000,0.00687,0.00001,0.00000,0.00008
42.68800,0.12794,0.99174,0.00002,0.00010,0.00118,0.00000,0.00689,0.00002,0.00000,0.00005
42.72000,0.12794,0.99010,0.00001,0.00007,0.00165,0.00000,0.00803,0.00001,0.00000,0.00013
42.75200,0.12794,0.99235,0.00002,0.00010,0.00120,0.00000,0.00616,0.00002,0.00000,0.00013
42.78400,0.12794,0.98964,0.00004,0.00015,0.00206,0.00000,0.00788,0.00003,0.00001,0.00019
42.81600,0.12794,0.99025,0.00006,0.00019,0.00225,0.00001,0.00690,0.00004,0.00001,0.00030
42.84800,0.12794,0.98968,0.00018,0.00042,0.00238,0.00001,0.00692,0.00010,0.00003,0.00028
42.88000,0.12794,0.98565,0.00020,0.00042,0.00429,0.00001,0.00888,0.00008,0.00003,0.00043
42.91200,0.12794,0.99043,0.00040,0.00063,0.00243,0.00002,0.00546,0.00015,0.00007,0.00041
42.94400,0.12794,0.98429,0.00082,0.00103,0.00516,0.00004,0.00746,0.00023,0.00012,0.00085
42.97600,0.12794,0.98083,0.00161,0.00137,0.00687,0.00007,0.00740,0.00035,0.00018,0.00132
43.00800,0.12794,0.97610,0.00267,0.00283,0.00762,0.00014,0.00777,0.00064,0.00049,0.00174
43.04000,0.12794,0.96561,0.00295,0.00360,0.01270,0.00017,0.01091,0.00080,0.00053,0.00274
43.07200,0.12794,0.97322,0.00154,0.00379,0.00881,0.00014,0.00869,0.00070,0.00052,0.00259
43.10400,0.12794,0.97780,0.00082,0.00507,0.00548,0.00018,0.00673,0.00069,0.00078,0.00244
43.13600,0.12794,0.98159,0.00075,0.00462,0.00341,0.00013,0.00511,0.00101,0.00072,0.00264
43.16800,0.12794,0.98035,0.00059,0.00554,0.00359,0.00013,0.00588,0.00096,0.00102,0.00194
43.20000,0.12794,0.97575,0.00113,0.00712,0.00365,0.00018,0.00699,0.00187,0.00168,0.00162
43.23200,0.12794,0.97520,0.00122,0.00704,0.00410,0.00016,0.00755,0.00169,0.00145,0.00161
43.26400,0.12794,0.97274,0.00119,0.00679,0.00582,0.00017,0.00931,0.00112,0.00137,0.00150
43.29600,0.12794,0.97467,0.00131,0.00544,0.00604,0.00014,0.00908,0.00099,0.00094,0.00138
43.32800,0.12794,0.97157,0.00133,0.00454,0.00867,0.00012,0.01089,0.00085,0.00074,0.00129
43.36000,0.12794,0.96728,0.00162,0.00369,0.01147,0.00010,0.01315,0.00088,0.00063,0.00118
43.39200,0.12794,0.97119,0.00123,0.00333,0.00935,0.00008,0.01264,0.00078,0.00054,0.00086
43.42400,0.12794,0.97557,0.00139,0.00274,0.00737,0.00008,0.01047,0.00089,0.00042,0.00107
43.45600,0.12794,0.97644,0.00131,0.00243,0.00705,0.00008,0.01048,0.00082,0.00037,0.00103
43.48800,0.12794,0.97006,0.00103,0.00297,0.00933,0.00008,0.01413,0.00085,0.00039,0.00116
43.52000,0.12794,0.96565,0.00136,0.00302,0.01151,0.00009,0.01569,0.00100,0.00042,0.00127
43.55200,0.12794,0.96479,0.00092,0.00293,0.01182,0.00008,0.01743,0.00072,0.00041,0.00091
43.58400,0.12794,0.96720,0.00051,0.00206,0.01077,0.00005,0.01804,0.00042,0.00022,0.00073
43.61600,0.12794,0.97354,0.00042,0.00113,0.00839,0.00003,0.01552,0.00028,0.00012,0.00057
43.64800,0.12794,0.98142,0.00014,0.00053,0.00492,0.00001,0.01251,0.00011,0.00004,0.00032
43.68000,0.12794,0.98452,0.00006,0.00028,0.00387,0.00001,0.01096,0.00005,0.00001,0.00025
43.71200,0.12794,0.98650,0.00003,0.00019,0.00287,0.00000,0.01021,0.00003,0.00001,0.00017
43.74400,0.12794,0.98611,0.00001,0.00012,0.00257,0.00000,0.01103,0.00001,0.00000,0.00013
43.77600,0.12794,0.98475,0.00001,0.00009,0.00252,0.00000,0.01252,0.00001,0.00000,0.00010
43.80800,0.12794,0.98043,0.00000,0.00007,0.00322,0.00000,0.01616,0.00001,0.00000,0.00011
43.84000,0.12794,0.98088,0.00001,0.00015,0.00325,0.00000,0.01558,0.00001,0.00000,0.00011
43.87200,0.12794,0.98446,0.00001,0.00026,0.00276,0.00000,0.01225,0.00003,0.00001,0.00021
43.90400,0.12794,0.98645,0.00003,0.00064,0.00239,0.00001,0.01016,0.00006,0.00003,0.00024
43.93600,0.12794,0.98823,0.00007,0.00137,0.00190,0.00001,0.00793,0.00016,0.00011,0.00022
43.96800,0.12794,0.98731,0.00008,0.00092,0.00235,0.00001,0.00885,0.00013,0.00006,0.00029
44.00000,0.12794,0.98650,0.00008,0.00082,0.00266,0.00001,0.00960,0.00010,0.00007,0.00016
44.03200,0.12794,0.98699,0.00005,0.00037,0.00286,0.00001,0.00944,0.00005,0.00002,0.00021
44.06400,0.12794,0.97719,0.00037,0.00164,0.00709,0.00003,0.01258,0.00023,0.00015,0.00072
44.09600,0.12794,0.96270,0.00236,0.00409,0.01404,0.00014,0.01345,0.00075,0.00055,0.00191
44.12800,0.12794,0.96474,0.00917,0.00665,0.00749,0.00033,0.00560,0.00173,0.00153,0.00276
44.16000,0.12794,0.88639,0.06093,0.01797,0.01059,0.00128,0.00500,0.00623,0.00814,0.00346
44.19200,0.12794,0.93979,0.03610,0.00743,0.00529,0.00054,0.00303,0.00310,0.00309,0.00163
44.22400,0.12794,0.94760,0.03478,0.00624,0.00255,0.00036,0.00202,0.00267,0.00286,0.00091
44.25600,0.12794,0.94450,0.02973,0.00588,0.00853,0.00034,0.00577,0.00210,0.00226,0.00089
44.28800,0.12794,0.97294,0.01222,0.00259,0.00523,0.00014,0.00434,0.00099,0.00065,0.00089
44.32000,0.12794,0.98378,0.00471,0.00179,0.00361,0.00008,0.00450,0.00063,0.00039,0.00051
44.35200,0.12794,0.99041,0.00088,0.00053,0.00310,0.00002,0.00441,0.00015,0.00006,0.00043
44.38400,0.12794,0.99399,0.00036,0.00030,0.00163,0.00001,0.00323,0.00009,0.00003,0.00036
44.41600,0.12794,0.99576,0.00045,0.00042,0.00107,0.00001,0.00186,0.00008,0.00005,0.00030
44.44800,0.12794,0.99690,0.00048,0.00033,0.00068,0.00001,0.00116,0.00007,0.00004,0.00033
44.48000,0.12794,0.99702,0.00060,0.00048,0.00051,0.00001,0.00095,0.00008,0.00007,0.00028
44.51200,0.12794,0.99536,0.00112,0.00120,0.00052,0.00003,0.00100,0.00022,0.00023,0.00033
44.54400,0.12794,0.99520,0.00064,0.00091,0.00071,0.00002,0.00186,0.00023,0.00013,0.00030
44.57600,0.12794,0.99164,0.00048,0.00089,0.00189,0.00002,0.00421,0.00024,0.00010,0.00053
44.60800,0.12794,0.98749,0.00051,0.00073,0.00342,0.00002,0.00690,0.00027,0.00008,0.00057
44.64000,0.12794,0.98496,0.00017,0.00029,0.00484,0.00001,0.00921,0.00008,0.00002,0.00043
44.67200,0.12794,0.97927,0.00012,0.00023,0.00663,0.00001,0.01330,0.00006,0.00001,0.00037
44.70400,0.12794,0.98573,0.00005,0.00014,0.00366,0.00000,0.01022,0.00003,0.00001,0.00016
44.73600,0.12794,0.98764,0.00003,0.00014,0.00247,0.00000,0.00959,0.00002,0.00001,0.00009
44.76800,0.12794,0.99012,0.00002,0.00011,0.00172,0.00000,0.00792,0.00002,0.00000,0.00009
44.80000,0.12794,0.99281,0.00002,0.00011,0.00110,0.00000,0.00583,0.00002,0.00000,0.00010
44.83200,0.12794,0.99193,0.00003,0.00015,0.00134,0.00000,0.00639,0.00003,0.00001,0.00012
44.86400,0.12794,0.99185,0.00003,0.00012,0.00157,0.00000,0.00615,0.00003,0.00000,0.00024
44.89600,0.12794,0.99246,0.00007,0.00019,0.00143,0.00000,0.00559,0.00005,0.00001,0.00020
44.92800,0.12794,0.98872,0.00009,0.00028,0.00246,0.00001,0.00817,0.00007,0.00002,0.00020
44.96000,0.12794,0.99153,0.00015,0.00039,0.00172,0.00001,0.00587,0.00011,0.00003,0.00021
44.99200,0.12794,0.98747,0.00026,0.00080,0.00276,0.00001,0.00819,0.00018,0.00009,0.00024
45.02400,0.12794,0.98093,0.00027,0.00077,0.00516,0.00002,0.01205,0.00019,0.00007,0.00055
45.05600,0.12794,0.98160,0.00025,0.00067,0.00522,0.00002,0.01123,0.00017,0.00005,0.00079
45.08800,0.12794,0.97092,0.00020,0.00060,0.00918,0.00002,0.01813,0.00014,0.00004,0.00078
45.12000,0.12794,0.97696,0.00020,0.00049,0.00673,0.00001,0.01480,0.00014,0.00003,0.00063
45.15200,0.12794,0.97860,0.00024,0.00054,0.00625,0.00001,0.01373,0.00014,0.00004,0.00045
45.18400,0.12794,0.98188,0.00025,0.00062,0.00477,0.00001,0.01194,0.00016,0.00005,0.00030
45.21600,0.12794,0.98116,0.00029,0.00053,0.00568,0.00002,0.01158,0.00016,0.00003,0.00056
45.24800,0.12794,0.97630,0.00025,0.00065,0.00753,0.00002,0.01463,0.00014,0.00005,0.00044
45.28000,0.12794,0.97804,0.00015,0.00048,0.00665,0.00001,0.01415,0.00010,0.00003,0.00039
45.31200,0.12794,0.97103,0.00019,0.00053,0.00957,0.00001,0.01813,0.00011,0.00003,0.00040
45.34400,0.12794,0.97864,0.00013,0.00044,0.00606,0.00001,0.01435,0.00008,0.00003,0.00026
45.37600,0.12794,0.98133,0.00011,0.00037,0.00495,0.00001,0.01288,0.00007,0.00002,0.00028
45.40800,0.12794,0.98426,0.00008,0.00027,0.00387,0.00001,0.01113,0.00006,0.00001,0.00030
45.44000,0.12794,0.98659,0.00005,0.00017,0.00328,0.00000,0.00954,0.00004,0.00001,0.00031
45.47200,0.12794,0.98823,0.00005,0.00019,0.00275,0.00000,0.00849,0.00003,0.00001,0.00025
45.50400,0.12794,0.98783,0.00003,0.00019,0.00299,0.00000,0.00859,0.00003,0.00001,0.00033
45.53600,0.12794,0.98831,0.00003,0.00030,0.00278,0.00001,0.00821,0.00002,0.00001,0.00031
45.56800,0.12794,0.98893,0.00004,0.00056,0.00246,0.00001,0.00755,0.00003,0.00003,0.00038
45.60000,0.12794,0.99143,0.00006,0.00082,0.00147,0.00002,0.00570,0.00006,0.00006,0.00037
45.63200,0.12794,0.99439,0.00011,0.00099,0.00068,0.00002,0.00319,0.00014,0.00009,0.00039
45.66400,0.12794,0.99470,0.00012,0.00072,0.00065,0.00002,0.00307,0.00016,0.00006,0.00051
45.69600,0.12794,0.99507,0.00017,0.00054,0.00064,0.00001,0.00297,0.00019,0.00005,0.00037
45.72800,0.12794,0.99491,0.00015,0.00028,0.00087,0.00001,0.00334,0.00011,0.00002,0.00031
45.76000,0.12794,0.99439,0.00013,0.00017,0.00119,0.00000,0.00386,0.00006,0.00001,0.00019
45.79200,0.12794,0.99423,0.00016,0.00018,0.00134,0.00000,0.00390,0.00006,0.00001,0.00012
45.82400,0.12794,0.99496,0.00008,0.00012,0.00104,0.00000,0.00367,0.00004,0.00001,0.00009
45.85600,0.12794,0.99378,0.00005,0.00013,0.00129,0.00000,0.00463,0.00003,0.00001,0.00008
45.88800,0.12794,0.99235,0.00005,0.00017,0.00159,0.00000,0.00569,0.00003,0.00001,0.00011
45.92000,0.12794,0.99082,0.00003,0.00020,0.00165,0.00000,0.00714,0.00003,0.00001,0.00012
45.95200,0.12794,0.98681,0.00006,0.00033,0.00273,0.00000,0.00985,0.00005,0.00002,0.00015
45.98400,0.12794,0.97882,0.00009,0.00041,0.00532,0.00001,0.01490,0.00008,0.00002,0.00035
46.01600,0.12794,0.96822,0.00009,0.00053,0.00893,0.00001,0.02157,0.00009,0.00003,0.00054
46.04800,0.12794,0.95484,0.00014,0.00069,0.01530,0.00002,0.02817,0.00012,0.00005,0.00067
46.08000,0.12794,0.95632,0.00008,0.00042,0.01493,0.00001,0.02726,0.00007,0.00002,0.00090
46.11200,0.12794,0.96841,0.00009,0.00047,0.00952,0.00001,0.02082,0.00008,0.00002,0.00058
46.14400,0.12794,0.97860,0.00010,0.00052,0.00549,0.00001,0.01487,0.00009,0.00003,0.00030
46.17600,0.12794,0.98638,0.00011,0.00047,0.00311,0.00001,0.00952,0.00009,0.00003,0.00028
46.20800,0.12794,0.98858,0.00011,0.00069,0.00212,0.00001,0.00813,0.00012,0.00006,0.00018
46.24000,0.12794,0.99081,0.00007,0.00045,0.00157,0.00001,0.00685,0.00008,0.00003,0.00013
46.27200,0.12794,0.99117,0.00003,0.00022,0.00164,0.00000,0.00674,0.00003,0.00001,0.00014
46.30400,0.12794,0.98943,0.00002,0.00013,0.00208,0.00000,0.00819,0.00002,0.00000,0.00013
46.33600,0.12794,0.99012,0.00003,0.00012,0.00204,0.00000,0.00754,0.00003,0.00001,0.00012
46.36800,0.12794,0.98781,0.00004,0.00015,0.00258,0.00000,0.00926,0.00003,0.00001,0.00012
46.40000,0.12794,0.98942,0.00004,0.00014,0.00206,0.00000,0.00819,0.00003,0.00001,0.00011
46.43200,0.12794,0.99058,0.00002,0.00012,0.00153,0.00000,0.00765,0.00002,0.00001,0.00007
46.46400,0.12794,0.98927,0.00001,0.00009,0.00168,0.00000,0.00885,0.00001,0.00000,0.00008
46.49600,0.12794,0.98945,0.00001,0.00008,0.00167,0.00000,0.00870,0.00001,0.00000,0.00008
46.52800,0.12794,0.98918,0.00001,0.00007,0.00173,0.00000,0.00891,0.00001,0.00000,0.00009
46.56000,0.12794,0.99060,0.00001,0.00007,0.00150,0.00000,0.00771,0.00001,0.00000,0.00009
46.59200,0.12794,0.99264,0.00001,0.00007,0.00121,0.00000,0.00599,0.00001,0.00000,0.00007
46.62400,0.12794,0.99322,0.00001,0.00006,0.00106,0.00000,0.00557,0.00001,0.00000,0.00007
46.65600,0.12794,0.99144,0.00001,0.00008,0.00140,0.00000,0.00698,0.00001,0.00000,0.00006
46.68800,0.12794,0.98878,0.00001,0.00009,0.00199,0.00000,0.00904,0.00001,0.00000,0.00007
46.72000,0.12794,0.98344,0.00001,0.00009,0.00335,0.00000,0.01296,0.00001,0.00000,0.00013
46.75200,0.12794,0.98132,0.00001,0.00011,0.00396,0.00000,0.01438,0.00001,0.00000,0.00021
46.78400,0.12794,0.98556,0.00002,0.00014,0.00294,0.00000,0.01110,0.00002,0.00000,0.00022
46.81600,0.12794,0.98545,0.00002,0.00016,0.00297,0.00000,0.01114,0.00002,0.00001,0.00023
46.84800,0.12794,0.98906,0.00002,0.00018,0.00176,0.00000,0.00880,0.00003,0.00001,0.00014
46.88000,0.12794,0.98833,0.00004,0.00019,0.00235,0.00000,0.00891,0.00003,0.00001,0.00014
46.91200,0.12794,0.98701,0.00005,0.00025,0.00262,0.00000,0.00986,0.00004,0.00001,0.00017
46.94400,0.12794,0.98806,0.00005,0.00030,0.00248,0.00001,0.00884,0.00005,0.00002,0.00020
46.97600,0.12794,0.98869,0.00006,0.00030,0.00257,0.00001,0.00809,0.00004,0.00002,0.00023
47.00800,0.12794,0.98944,0.00005,0.00026,0.00205,0.00000,0.00796,0.00004,0.00001,0.00018
47.04000,0.12794,0.98741,0.00005,0.00021,0.00284,0.00000,0.00919,0.00004,0.00001,0.00024
47.07200,0.12794,0.98198,0.00020,0.00035,0.00536,0.00001,0.01158,0.00010,0.00002,0.00040
47.10400,0.12794,0.96999,0.00110,0.00113,0.01136,0.00004,0.01508,0.00034,0.00012,0.00085
47.13600,0.12794,0.95654,0.00332,0.00206,0.02071,0.00010,0.01456,0.00056,0.00027,0.00187
47.16800,0.12794,0.93762,0.01024,0.00585,0.02919,0.00031,0.01136,0.00108,0.00135,0.00298
47.20000,0.12794,0.94301,0.01634,0.00600,0.02066,0.00035,0.00654,0.00118,0.00130,0.00463
47.23200,0.12794,0.94984,0.01167,0.00419,0.02241,0.00028,0.00579,0.00063,0.00086,0.00433
47.26400,0.12794,0.94921,0.01161,0.00408,0.02271,0.00027,0.00604,0.00065,0.00082,0.00459
47.29600,0.12794,0.92701,0.01521,0.00485,0.03556,0.00033,0.01036,0.00094,0.00099,0.00474
47.32800,0.12794,0.88308,0.01118,0.00525,0.07331,0.00036,0.02073,0.00084,0.00113,0.00411
47.36000,0.12794,0.88807,0.01215,0.00737,0.06132,0.00037,0.02430,0.00133,0.00151,0.00358
47.39200,0.12794,0.88882,0.00706,0.00503,0.06297,0.00026,0.03068,0.00102,0.00080,0.00336
47.42400,0.12794,0.93033,0.00362,0.00239,0.03542,0.00011,0.02516,0.00062,0.00030,0.00206
47.45600,0.12794,0.95350,0.00164,0.00166,0.01896,0.00006,0.02223,0.00047,0.00018,0.00129
47.48800,0.12794,0.95067,0.00110,0.00121,0.02075,0.00004,0.02450,0.00035,0.00011,0.00126
47.52000,0.12794,0.94491,0.00227,0.00200,0.02270,0.00006,0.02598,0.00068,0.00025,0.00115
47.55200,0.12794,0.95846,0.00206,0.00165,0.01779,0.00005,0.01831,0.00047,0.00020,0.00100
47.58400,0.12794,0.96981,0.00174,0.00132,0.01229,0.00004,0.01355,0.00038,0.00017,0.00070
47.61600,0.12794,0.97039,0.00166,0.00109,0.01225,0.00003,0.01338,0.00034,0.00013,0.00072
47.64800,0.12794,0.97850,0.00110,0.00099,0.00828,0.00003,0.01032,0.00023,0.00012,0.00044
47.68000,0.12794,0.98114,0.00138,0.00114,0.00724,0.00003,0.00825,0.00023,0.00017,0.00041
47.71200,0.12794,0.98462,0.00222,0.00173,0.00464,0.00005,0.00548,0.00038,0.00031,0.00057
47.74400,0.12794,0.98886,0.00193,0.00211,0.00258,0.00006,0.00307,0.00039,0.00048,0.00053
47.77600,0.12794,0.98818,0.00322,0.00256,0.00207,0.00008,0.00186,0.00052,0.00071,0.00080
47.80800,0.12794,0.98181,0.00375,0.00602,0.00184,0.00018,0.00175,0.00131,0.00229,0.00105
47.84000,0.12794,0.97848,0.00376,0.00552,0.00441,0.00024,0.00278,0.00105,0.00186,0.00191
47.87200,0.12794,0.97300,0.00598,0.00820,0.00296,0.00030,0.00210,0.00182,0.00420,0.00145
47.90400,0.12794,0.98213,0.00274,0.00545,0.00237,0.00019,0.00239,0.00126,0.00216,0.00131
47.93600,0.12794,0.98504,0.00283,0.00288,0.00323,0.00011,0.00273,0.00077,0.00079,0.00162
47.96800,0.12794,0.98945,0.00217,0.00266,0.00163,0.00008,0.00178,0.00056,0.00070,0.00096
48.00000,0.12794,0.99410,0.00131,0.00111,0.00105,0.00003,0.00136,0.00022,0.00019,0.00063
48.03200,0.12794,0.99540,0.00102,0.00081,0.00085,0.00002,0.00116,0.00015,0.00012,0.00047
48.06400,0.12794,0.99614,0.00067,0.00054,0.00084,0.00001,0.00135,0.00009,0.00007,0.00029
48.09600,0.12794,0.99479,0.00059,0.00053,0.00137,0.00001,0.00227,0.00011,0.00006,0.00028
48.12800,0.12794,0.98837,0.00064,0.00058,0.00430,0.00002,0.00541,0.00013,0.00005,0.00051
48.16000,0.12794,0.98234,0.00089,0.00087,0.00713,0.00002,0.00784,0.00019,0.00010,0.00061
48.19200,0.12794,0.97519,0.00076,0.00101,0.01014,0.00003,0.01155,0.00024,0.00010,0.00098
48.22400,0.12794,0.98301,0.00066,0.00103,0.00578,0.00003,0.00841,0.00025,0.00012,0.00070
48.25600,0.12794,0.98865,0.00039,0.00091,0.00315,0.00002,0.00613,0.00020,0.00010,0.00045
48.28800,0.12794,0.98908,0.00022,0.00078,0.00276,0.00002,0.00658,0.00015,0.00007,0.00032
48.32000,0.12794,0.98762,0.00029,0.00180,0.00292,0.00003,0.00664,0.00024,0.00023,0.00022
48.35200,0.12794,0.98521,0.00028,0.00187,0.00411,0.00003,0.00784,0.00020,0.00020,0.00027
48.38400,0.12794,0.98186,0.00020,0.00214,0.00499,0.00003,0.01020,0.00015,0.00017,0.00026
48.41600,0.12794,0.98192,0.00013,0.00166,0.00500,0.00002,0.01079,0.00010,0.00010,0.00027
48.44800,0.12794,0.98312,0.00006,0.00051,0.00450,0.00001,0.01144,0.00004,0.00002,0.00030
48.48000,0.12794,0.98215,0.00003,0.00030,0.00383,0.00000,0.01343,0.00003,0.00001,0.00023
48.51200,0.12794,0.98162,0.00001,0.00014,0.00403,0.00000,0.01397,0.00002,0.00000,0.00021
48.54400,0.12794,0.98239,0.00001,0.00010,0.00330,0.00000,0.01403,0.00001,0.00000,0.00015
48.57600,0.12794,0.98269,0.00001,0.00009,0.00264,0.00000,0.01445,0.00001,0.00000,0.00010
48.60800,0.12794,0.98108,0.00001,0.00007,0.00293,0.00000,0.01580,0.00001,0.00000,0.00010
48.64000,0.12794,0.97946,0.00001,0.00008,0.00320,0.00000,0.01711,0.00001,0.00000,0.00012
48.67200,0.12794,0.97083,0.00003,0.00019,0.00657,0.00000,0.02206,0.00003,0.00001,0.00028
48.70400,0.12794,0.95037,0.00018,0.00051,0.01950,0.00001,0.02815,0.00009,0.00002,0.00117
48.73600,0.12794,0.91956,0.00144,0.00222,0.04160,0.00008,0.03104,0.00042,0.00019,0.00345
48.76800,0.12794,0.85593,0.01696,0.00938,0.07529,0.00049,0.03104,0.00230,0.00173,0.00689
48.80000,0.12794,0.80227,0.03141,0.01617,0.10358,0.00092,0.02982,0.00299,0.00404,0.00881
48.83200,0.12794,0.78439,0.03767,0.02193,0.11163,0.00137,0.02632,0.00272,0.00584,0.00813
48.86400,0.12794,0.82022,0.03837,0.01815,0.08735,0.00099,0.02111,0.00261,0.00442,0.00678
48.89600,0.12794,0.90176,0.02228,0.01465,0.03744,0.00065,0.01123,0.00245,0.00388,0.00566
48.92800,0.12794,0.93402,0.01701,0.01150,0.01919,0.00043,0.00786,0.00258,0.00276,0.00466
48.96000,0.12794,0.93219,0.02070,0.01217,0.01459,0.00040,0.00750,0.00462,0.00332,0.00451
48.99200,0.12794,0.94227,0.01232,0.01081,0.01333,0.00036,0.00955,0.00455,0.00309,0.00372
49.02400,0.12794,0.95433,0.00655,0.00617,0.01566,0.00022,0.01159,0.00174,0.00135,0.00241
49.05600,0.12794,0.96818,0.00333,0.00315,0.01256,0.00011,0.00987,0.00074,0.00060,0.00146
49.08800,0.12794,0.98276,0.00223,0.00174,0.00533,0.00006,0.00629,0.00054,0.00034,0.00069
49.12000,0.12794,0.98808,0.00191,0.00098,0.00339,0.00004,0.00455,0.00038,0.00017,0.00051
49.15200,0.12794,0.98615,0.00203,0.00098,0.00395,0.00004,0.00567,0.00047,0.00017,0.00054
49.18400,0.12794,0.98480,0.00259,0.00106,0.00402,0.00004,0.00610,0.00062,0.00018,0.00060
49.21600,0.12794,0.98126,0.00225,0.00093,0.00627,0.00004,0.00770,0.00046,0.00013,0.00097
49.24800,0.12794,0.97792,0.00320,0.00123,0.00803,0.00006,0.00776,0.00051,0.00020,0.00109
49.28000,0.12794,0.98030,0.00260,0.00119,0.00717,0.00006,0.00664,0.00041,0.00017,0.00147
49.31200,0.12794,0.98314,0.00212,0.00201,0.00457,0.00008,0.00571,0.00066,0.00037,0.00135
49.34400,0.12794,0.98753,0.00118,0.00187,0.00298,0.00005,0.00492,0.00048,0.00037,0.00062
49.37600,0.12794,0.98836,0.00045,0.00117,0.00303,0.00003,0.00603,0.00025,0.00016,0.00053
49.40800,0.12794,0.98838,0.00035,0.00092,0.00287,0.00002,0.00675,0.00022,0.00011,0.00038
49.44000,0.12794,0.98216,0.00042,0.00068,0.00621,0.00002,0.00987,0.00014,0.00006,0.00044
49.47200,0.12794,0.97832,0.00084,0.00072,0.00888,0.00003,0.01017,0.00017,0.00007,0.00082
49.50400,0.12794,0.97969,0.00147,0.00089,0.00877,0.00004,0.00813,0.00019,0.00010,0.00071
49.53600,0.12794,0.98084,0.00125,0.00071,0.00844,0.00003,0.00773,0.00017,0.00008,0.00074
49.56800,0.12794,0.98365,0.00113,0.00061,0.00680,0.00003,0.00686,0.00017,0.00007,0.00068
49.60000,0.12794,0.98785,0.00111,0.00068,0.00423,0.00003,0.00525,0.00020,0.00009,0.00057
49.63200,0.12794,0.98517,0.00166,0.00088,0.00525,0.00004,0.00570,0.00027,0.00014,0.00090
49.66400,0.12794,0.98557,0.00323,0.00139,0.00343,0.00006,0.00438,0.00063,0.00028,0.00103
49.69600,0.12794,0.98277,0.00400,0.00161,0.00402,0.00009,0.00471,0.00082,0.00033,0.00164
49.72800,0.12794,0.98326,0.00340,0.00143,0.00415,0.00008,0.00501,0.00076,0.00028,0.00163
49.76000,0.12794,0.98440,0.00318,0.00145,0.00356,0.00008,0.00484,0.00087,0.00029,0.00134
49.79200,0.12794,0.98453,0.00350,0.00202,0.00325,0.00010,0.00418,0.00098,0.00053,0.00090
49.82400,0.12794,0.98211,0.00365,0.00439,0.00225,0.00015,0.00358,0.00163,0.00173,0.00050
49.85600,0.12794,0.98116,0.00316,0.00559,0.00167,0.00019,0.00314,0.00238,0.00206,0.00065
49.88800,0.12794,0.97902,0.00243,0.00736,0.00175,0.00022,0.00337,0.00234,0.00288,0.00063
49.92000,0.12794,0.97996,0.00139,0.00396,0.00453,0.00015,0.00675,0.00116,0.00080,0.00130
49.95200,0.12794,0.97934,0.00086,0.00181,0.00634,0.00007,0.00927,0.00059,0.00023,0.00150
49.98400,0.12794,0.96562,0.00087,0.00175,0.01278,0.00006,0.01714,0.00048,0.00024,0.00107
50.01600,0.12794,0.95161,0.00085,0.00124,0.01960,0.00004,0.02483,0.00041,0.00013,0.00128
50.04800,0.12794,0.95419,0.00137,0.00167,0.01876,0.00006,0.02222,0.00050,0.00022,0.00099
50.08000,0.12794,0.95409,0.00265,0.00224,0.01978,0.00009,0.01912,0.00063,0.00036,0.00104
50.11200,0.12794,0.95891,0.00336,0.00236,0.01775,0.00011,0.01497,0.00070,0.00039,0.00146
50.14400,0.12794,0.97197,0.00343,0.00260,0.00968,0.00010,0.00983,0.00073,0.00050,0.00116
50.17600,0.12794,0.96100,0.00613,0.00356,0.01334,0.00015,0.01223,0.00124,0.00074,0.00162
50.20800,0.12794,0.95102,0.00621,0.00515,0.01755,0.00023,0.01490,0.00163,0.00120,0.00210
50.24000,0.12794,0.94311,0.00737,0.00679,0.01961,0.00028,0.01676,0.00217,0.00193,0.00198
50.27200,0.12794,0.88374,0.01163,0.01127,0.05465,0.00047,0.02924,0.00291,0.00315,0.00294
50.30400,0.12794,0.91716,0.00645,0.00745,0.03896,0.00028,0.02421,0.00171,0.00191,0.00187
50.33600,0.12794,0.94837,0.00378,0.00461,0.02132,0.00016,0.01841,0.00115,0.00092,0.00129
50.36800,0.12794,0.96665,0.00240,0.00326,0.01222,0.00010,0.01315,0.00082,0.00053,0.00087
50.40000,0.12794,0.98855,0.00120,0.00172,0.00272,0.00005,0.00451,0.00050,0.00035,0.00040
50.43200,0.12794,0.98745,0.00165,0.00292,0.00235,0.00008,0.00365,0.00073,0.00075,0.00042
50.46400,0.12794,0.98585,0.00199,0.00446,0.00203,0.00011,0.00270,0.00094,0.00147,0.00046
50.49600,0.12794,0.98006,0.00182,0.00644,0.00358,0.00015,0.00401,0.00112,0.00201,0.00079
50.52800,0.12794,0.96849,0.00309,0.01019,0.00574,0.00020,0.00641,0.00192,0.00315,0.00082
50.56000,0.12794,0.96637,0.00297,0.00775,0.00891,0.00016,0.00905,0.00172,0.00202,0.00104
50.59200,0.12794,0.96402,0.00463,0.00534,0.01121,0.00015,0.01051,0.00162,0.00135,0.00117
50.62400,0.12794,0.96854,0.00549,0.00332,0.00970,0.00011,0.00989,0.00124,0.00079,0.00092
50.65600,0.12794,0.96541,0.00293,0.00221,0.01362,0.00008,0.01342,0.00071,0.00039,0.00123
50.68800,0.12794,0.96531,0.00238,0.00219,0.01260,0.00007,0.01484,0.00083,0.00034,0.00144
50.72000,0.12794,0.95711,0.00136,0.00256,0.01503,0.00007,0.02165,0.00075,0.00037,0.00110
50.75200,0.12794,0.94780,0.00101,0.00283,0.01894,0.00007,0.02683,0.00075,0.00033,0.00144
50.78400,0.12794,0.95266,0.00128,0.00366,0.01547,0.00008,0.02405,0.00107,0.00051,0.00122
50.81600,0.12794,0.95662,0.00102,0.00322,0.01512,0.00007,0.02186,0.00074,0.00044,0.00092
50.84800,0.12794,0.96946,0.00121,0.00329,0.01000,0.00007,0.01392,0.00073,0.00049,0.00082
50.88000,0.12794,0.97626,0.00092,0.00294,0.00648,0.00005,0.01169,0.00067,0.00048,0.00052
50.91200,0.12794,0.97802,0.00057,0.00165,0.00690,0.00003,0.01168,0.00037,0.00022,0.00057
50.94400,0.12794,0.97692,0.00064,0.00194,0.00690,0.00004,0.01220,0.00045,0.00028,0.00063
50.97600,0.12794,0.97069,0.00051,0.00138,0.00977,0.00003,0.01621,0.00036,0.00015,0.00090
51.00800,0.12794,0.97571,0.00049,0.00120,0.00777,0.00003,0.01371,0.00031,0.00014,0.00064
51.04000,0.12794,0.97832,0.00077,0.00156,0.00644,0.00004,0.01157,0.00043,0.00021,0.00065
51.07200,0.12794,0.98498,0.00075,0.00110,0.00433,0.00003,0.00777,0.00031,0.00013,0.00060
51.10400,0.12794,0.99064,0.00108,0.00129,0.00213,0.00003,0.00398,0.00031,0.00023,0.00030
51.13600,0.12794,0.98513,0.00448,0.00254,0.00279,0.00010,0.00303,0.00063,0.00068,0.00062
51.16800,0.12794,0.97755,0.00584,0.00595,0.00361,0.00017,0.00314,0.00111,0.00178,0.00085
51.20000,0.12794,0.94985,0.00938,0.01932,0.00533,0.00044,0.00378,0.00231,0.00878,0.00080
51.23200,0.12794,0.91468,0.00662,0.04335,0.00700,0.00072,0.00535,0.00398,0.01726,0.00104
51.26400,0.12794,0.93155,0.00244,0.03532,0.00888,0.00045,0.00801,0.00246,0.00999,0.00091
51.29600,0.12794,0.96902,0.00213,0.01288,0.00526,0.00023,0.00496,0.00113,0.00373,0.00066
51.32800,0.12794,0.98266,0.00133,0.00662,0.00264,0.00012,0.00355,0.00090,0.00153,0.00064
51.36000,0.12794,0.98103,0.00192,0.00468,0.00450,0.00012,0.00503,0.00084,0.00115,0.00072
51.39200,0.12794,0.98238,0.00254,0.00374,0.00376,0.00012,0.00482,0.00096,0.00092,0.00075
51.42400,0.12794,0.96815,0.00296,0.00621,0.00833,0.00018,0.01020,0.00153,0.00153,0.00092
51.45600,0.12794,0.94941,0.00441,0.00909,0.01531,0.00027,0.01563,0.00211,0.00266,0.00110
51.48800,0.12794,0.95350,0.00583,0.01145,0.00984,0.00032,0.01061,0.00324,0.00440,0.00082
51.52000,0.12794,0.92787,0.00493,0.03185,0.00659,0.00051,0.00705,0.00490,0.01564,0.00065
51.55200,0.12794,0.89280,0.00718,0.04966,0.00549,0.00075,0.00557,0.00858,0.02925,0.00071
51.58400,0.12794,0.93252,0.00472,0.03118,0.00545,0.00058,0.00545,0.00486,0.01444,0.00080
51.61600,0.12794,0.95056,0.00443,0.01642,0.01045,0.00037,0.00619,0.00260,0.00599,0.00299
51.64800,0.12794,0.97042,0.00514,0.00479,0.00898,0.00019,0.00443,0.00108,0.00135,0.00363
51.68000,0.12794,0.98022,0.00385,0.00242,0.00693,0.00011,0.00327,0.00036,0.00058,0.00225
51.71200,0.12794,0.97934,0.00580,0.00243,0.00657,0.00010,0.00273,0.00033,0.00067,0.00202
51.74400,0.12794,0.98648,0.00328,0.00170,0.00425,0.00007,0.00308,0.00023,0.00041,0.00050
51.77600,0.12794,0.97830,0.00389,0.00312,0.00713,0.00008,0.00571,0.00045,0.00097,0.00036
51.80800,0.12794,0.95927,0.00598,0.00398,0.01673,0.00015,0.01102,0.00086,0.00113,0.00088
51.84000,0.12794,0.95741,0.00662,0.00547,0.01639,0.00017,0.01051,0.00101,0.00170,0.00074
51.87200,0.12794,0.94350,0.01025,0.00936,0.01829,0.00028,0.01234,0.00190,0.00316,0.00093
51.90400,0.12794,0.94035,0.01369,0.00650,0.02303,0.00028,0.00908,0.00137,0.00150,0.00418
51.93600,0.12794,0.95477,0.01371,0.00485,0.01535,0.00022,0.00509,0.00085,0.00099,0.00417
51.96800,0.12794,0.97054,0.00756,0.00315,0.00980,0.00014,0.00414,0.00052,0.00056,0.00359
52.00000,0.12794,0.97905,0.00477,0.00264,0.00657,0.00010,0.00332,0.00039,0.00045,0.00271
52.03200,0.12794,0.98750,0.00129,0.00164,0.00396,0.00005,0.00436,0.00024,0.00024,0.00072
52.06400,0.12794,0.98605,0.00050,0.00106,0.00438,0.00003,0.00687,0.00018,0.00010,0.00083
52.09600,0.12794,0.98649,0.00038,0.00079,0.00401,0.00003,0.00721,0.00017,0.00007,0.00084
52.12800,0.12794,0.98789,0.00031,0.00051,0.00345,0.00002,0.00673,0.00014,0.00004,0.00091
52.16000,0.12794,0.98673,0.00050,0.00058,0.00454,0.00002,0.00453,0.00013,0.00005,0.00292
52.19200,0.12794,0.99159,0.00066,0.00074,0.00259,0.00003,0.00207,0.00010,0.00009,0.00213
52.22400,0.12794,0.99282,0.00088,0.00091,0.00214,0.00003,0.00157,0.00011,0.00014,0.00141
52.25600,0.12794,0.99190,0.00108,0.00092,0.00259,0.00003,0.00155,0.00010,0.00015,0.00166
52.28800,0.12794,0.99319,0.00233,0.00114,0.00134,0.00004,0.00103,0.00015,0.00026,0.00052
52.32000,0.12794,0.99428,0.00221,0.00088,0.00090,0.00003,0.00065,0.00014,0.00017,0.00073
52.35200,0.12794,0.99651,0.00121,0.00034,0.00037,0.00001,0.00019,0.00003,0.00004,0.00130
52.38400,0.12794,0.99749,0.00079,0.00018,0.00012,0.00000,0.00005,0.00001,0.00002,0.00133
52.41600,0.12794,0.99813,0.00028,0.00009,0.00005,0.00000,0.00002,0.00000,0.00001,0.00142
52.44800,0.12794,0.99844,0.00020,0.00007,0.00005,0.00000,0.00003,0.00000,0.00001,0.00121
52.48000,0.12794,0.99862,0.00026,0.00010,0.00007,0.00000,0.00005,0.00001,0.00001,0.00088
52.51200,0.12794,0.99821,0.00058,0.00025,0.00014,0.00001,0.00013,0.00002,0.00004,0.00061
52.54400,0.12794,0.99678,0.00117,0.00050,0.00034,0.00002,0.00035,0.00008,0.00009,0.00066
52.57600,0.12794,0.99378,0.00213,0.00104,0.00093,0.00004,0.00106,0.00023,0.00023,0.00056
52.60800,0.12794,0.98386,0.00451,0.00215,0.00372,0.00012,0.00347,0.00058,0.00046,0.00114
52.64000,0.12794,0.98521,0.00377,0.00198,0.00356,0.00009,0.00353,0.00048,0.00040,0.00098
52.67200,0.12794,0.98404,0.00323,0.00185,0.00505,0.00007,0.00412,0.00036,0.00034,0.00093
52.70400,0.12794,0.99029,0.00273,0.00154,0.00206,0.00006,0.00198,0.00031,0.00034,0.00069
52.73600,0.12794,0.99350,0.00128,0.00129,0.00114,0.00004,0.00174,0.00029,0.00025,0.00047
52.76800,0.12794,0.99222,0.00084,0.00172,0.00134,0.00004,0.00276,0.00038,0.00034,0.00036
52.80000,0.12794,0.99189,0.00048,0.00151,0.00131,0.00003,0.00391,0.00036,0.00025,0.00026
52.83200,0.12794,0.98483,0.00029,0.00135,0.00323,0.00002,0.00949,0.00030,0.00016,0.00033
52.86400,0.12794,0.98961,0.00032,0.00107,0.00225,0.00002,0.00618,0.00019,0.00014,0.00024
52.89600,0.12794,0.98644,0.00060,0.00085,0.00428,0.00002,0.00685,0.00021,0.00008,0.00066
52.92800,0.12794,0.98173,0.00135,0.00126,0.00656,0.00004,0.00772,0.00032,0.00015,0.00088
52.96000,0.12794,0.97604,0.00219,0.00135,0.00994,0.00005,0.00872,0.00037,0.00016,0.00118
52.99200,0.12794,0.96631,0.00265,0.00216,0.01490,0.00008,0.01193,0.00058,0.00029,0.00110
53.02400,0.12794,0.96536,0.00176,0.00233,0.01495,0.00008,0.01396,0.00049,0.00037,0.00071
53.05600,0.12794,0.95684,0.00156,0.00209,0.02025,0.00007,0.01752,0.00048,0.00033,0.00087
53.08800,0.12794,0.96313,0.00122,0.00238,0.01539,0.00006,0.01636,0.00049,0.00044,0.00053
53.12000,0.12794,0.94385,0.00085,0.00147,0.02618,0.00004,0.02630,0.00034,0.00019,0.00077
53.15200,0.12794,0.92815,0.00112,0.00142,0.03513,0.00005,0.03258,0.00042,0.00017,0.00095
53.18400,0.12794,0.92835,0.00060,0.00115,0.03309,0.00003,0.03553,0.00027,0.00011,0.00087
53.21600,0.12794,0.92982,0.00077,0.00116,0.03260,0.00004,0.03387,0.00030,0.00009,0.00136
53.24800,0.12794,0.92902,0.00213,0.00212,0.03488,0.00009,0.02922,0.00060,0.00025,0.00170
53.28000,0.12794,0.95980,0.00324,0.00213,0.01812,0.00008,0.01398,0.00054,0.00031,0.00179
53.31200,0.12794,0.96335,0.01140,0.00291,0.01247,0.00012,0.00647,0.00072,0.00062,0.00195
53.34400,0.12794,0.96915,0.00942,0.00233,0.01161,0.00009,0.00486,0.00042,0.00053,0.00159
53.37600,0.12794,0.97712,0.00917,0.00169,0.00773,0.00007,0.00251,0.00023,0.00036,0.00113
53.40800,0.12794,0.98039,0.00858,0.00158,0.00579,0.00006,0.00213,0.00023,0.00032,0.00091
53.44000,0.12794,0.98168,0.00689,0.00164,0.00579,0.00007,0.00248,0.00026,0.00037,0.00082
53.47200,0.12794,0.98028,0.01073,0.00223,0.00291,0.00012,0.00144,0.00048,0.00062,0.00120
53.50400,0.12794,0.98186,0.00967,0.00216,0.00234,0.00011,0.00124,0.00046,0.00062,0.00154
53.53600,0.12794,0.98282,0.00805,0.00264,0.00239,0.00013,0.00140,0.00045,0.00089,0.00122
53.56800,0.12794,0.98925,0.00586,0.00135,0.00111,0.00006,0.00054,0.00016,0.00034,0.00134
53.60000,0.12794,0.99235,0.00451,0.00065,0.00093,0.00002,0.00031,0.00004,0.00012,0.00107
53.63200,0.12794,0.99331,0.00370,0.00065,0.00096,0.00002,0.00038,0.00004,0.00012,0.00082
53.66400,0.12794,0.99224,0.00445,0.00068,0.00089,0.00003,0.00035,0.00007,0.00012,0.00117
53.69600,0.12794,0.98899,0.00645,0.00102,0.00118,0.00005,0.00061,0.00020,0.00022,0.00129
53.72800,0.12794,0.98478,0.00831,0.00172,0.00121,0.00009,0.00096,0.00079,0.00046,0.00168
53.76000,0.12794,0.98216,0.00970,0.00200,0.00160,0.00012,0.00106,0.00079,0.00058,0.00199
53.79200,0.12794,0.97487,0.01426,0.00259,0.00249,0.00016,0.00144,0.00105,0.00084,0.00230
53.82400,0.12794,0.97247,0.01210,0.00398,0.00361,0.00025,0.00242,0.00145,0.00140,0.00231
53.85600,0.12794,0.97989,0.00952,0.00261,0.00310,0.00016,0.00189,0.00068,0.00080,0.00134
53.88800,0.12794,0.98782,0.00441,0.00185,0.00200,0.00009,0.00187,0.00051,0.00049,0.00097
53.92000,0.12794,0.99331,0.00184,0.00097,0.00136,0.00004,0.00160,0.00021,0.00019,0.00049
53.95200,0.12794,0.99501,0.00124,0.00069,0.00109,0.00002,0.00144,0.00014,0.00013,0.00024
53.98400,0.12794,0.99297,0.00072,0.00075,0.00198,0.00002,0.00306,0.00014,0.00011,0.00026
54.01600,0.12794,0.99439,0.00079,0.00076,0.00129,0.00001,0.00235,0.00014,0.00013,0.00013
54.04800,0.12794,0.99459,0.00052,0.00077,0.00123,0.00001,0.00249,0.00012,0.00012,0.00015
54.08000,0.12794,0.99474,0.00048,0.00074,0.00105,0.00001,0.00255,0.00015,0.00011,0.00016
54.11200,0.12794,0.99524,0.00028,0.00048,0.00098,0.00001,0.00268,0.00011,0.00006,0.00017
54.14400,0.12794,0.99249,0.00015,0.00048,0.00153,0.00001,0.00506,0.00010,0.00005,0.00014
54.17600,0.12794,0.98998,0.00007,0.00023,0.00238,0.00000,0.00708,0.00005,0.00001,0.00019
54.20800,0.12794,0.98905,0.00004,0.00016,0.00245,0.00000,0.00812,0.00003,0.00001,0.00014
54.24000,0.12794,0.99125,0.00003,0.00013,0.00167,0.00000,0.00680,0.00002,0.00001,0.00010
54.27200,0.12794,0.99289,0.00002,0.00009,0.00123,0.00000,0.00565,0.00002,0.00000,0.00010
54.30400,0.12794,0.99380,0.00002,0.00014,0.00091,0.00000,0.00503,0.00002,0.00001,0.00007
54.33600,0.12794,0.99195,0.00002,0.00010,0.00138,0.00000,0.00642,0.00002,0.00000,0.00011
54.36800,0.12794,0.98859,0.00002,0.00011,0.00206,0.00000,0.00908,0.00002,0.00000,0.00012
54.40000,0.12794,0.98572,0.00002,0.00012,0.00266,0.00000,0.01131,0.00002,0.00000,0.00015
54.43200,0.12794,0.98353,0.00002,0.00011,0.00319,0.00000,0.01290,0.00002,0.00000,0.00023
54.46400,0.12794,0.98487,0.00002,0.00016,0.00261,0.00000,0.01213,0.00003,0.00001,0.00018
54.49600,0.12794,0.98435,0.00002,0.00015,0.00293,0.00000,0.01221,0.00003,0.00000,0.00031
54.52800,0.12794,0.98761,0.00005,0.00022,0.00242,0.00000,0.00930,0.00006,0.00001,0.00033
54.56000,0.12794,0.98849,0.00006,0.00026,0.00225,0.00000,0.00853,0.00007,0.00001,0.00032
54.59200,0.12794,0.98814,0.00009,0.00039,0.00242,0.00001,0.00851,0.00009,0.00002,0.00033
54.62400,0.12794,0.98980,0.00016,0.00093,0.00196,0.00002,0.00662,0.00017,0.00008,0.00027
54.65600,0.12794,0.99428,0.00013,0.00098,0.00073,0.00002,0.00330,0.00022,0.00011,0.00024
54.68800,0.12794,0.99439,0.00031,0.00158,0.00052,0.00003,0.00205,0.00047,0.00026,0.00038
54.72000,0.12794,0.99515,0.00040,0.00160,0.00031,0.00004,0.00112,0.00054,0.00029,0.00055
54.75200,0.12794,0.99663,0.00044,0.00102,0.00017,0.00003,0.00067,0.00045,0.00021,0.00039
54.78400,0.12794,0.99691,0.00033,0.00076,0.00025,0.00002,0.00094,0.00025,0.00011,0.00043
54.81600,0.12794,0.99731,0.00015,0.00058,0.00030,0.00002,0.00122,0.00012,0.00007,0.00022
54.84800,0.12794,0.99680,0.00021,0.00053,0.00048,0.00001,0.00160,0.00009,0.00006,0.00021
54.88000,0.12794,0.99650,0.00051,0.00058,0.00066,0.00002,0.00134,0.00008,0.00007,0.00025
54.91200,0.12794,0.99667,0.00099,0.00047,0.00065,0.00001,0.00087,0.00006,0.00007,0.00022
54.94400,0.12794,0.99740,0.00127,0.00025,0.00039,0.00001,0.00045,0.00003,0.00003,0.00017
