Time (seconds), Duration (seconds),pred_unlabeled,pred_down,pred_bottom left,pred_bottom right,pred_left,pred_right,pred_top,pred_top left,pred_top right
0.00000,0.12794,0.99232,0.00000,0.00001,0.00034,0.00000,0.00731,0.00000,0.00000,0.00003
0.03200,0.12794,0.99052,0.00000,0.00002,0.00067,0.00000,0.00872,0.00000,0.00000,0.00007
0.06400,0.12794,0.98616,0.00000,0.00007,0.00169,0.00000,0.01189,0.00001,0.00000,0.00016
0.09600,0.12794,0.97664,0.00004,0.00029,0.00500,0.00000,0.01762,0.00005,0.00001,0.00036
0.12800,0.12794,0.96103,0.00023,0.00066,0.01212,0.00001,0.02496,0.00020,0.00004,0.00074
0.16000,0.12794,0.95659,0.00012,0.00050,0.01448,0.00001,0.02757,0.00010,0.00003,0.00060
0.19200,0.12794,0.95407,0.00005,0.00033,0.01438,0.00001,0.03061,0.00005,0.00001,0.00048
0.22400,0.12794,0.96389,0.00002,0.00014,0.00962,0.00000,0.02591,0.00002,0.00000,0.00038
0.25600,0.12794,0.97364,0.00001,0.00010,0.00589,0.00000,0.02012,0.00001,0.00000,0.00022
0.28800,0.12794,0.98319,0.00001,0.00011,0.00275,0.00000,0.01385,0.00001,0.00000,0.00008
0.32000,0.12794,0.99072,0.00001,0.00007,0.00137,0.00000,0.00778,0.00001,0.00000,0.00005
0.35200,0.12794,0.99267,0.00001,0.00006,0.00099,0.00000,0.00623,0.00001,0.00000,0.00004
0.38400,0.12794,0.99468,0.00000,0.00003,0.00087,0.00000,0.00436,0.00000,0.00000,0.00005
0.41600,0.12794,0.99454,0.00000,0.00003,0.00095,0.00000,0.00441,0.00000,0.00000,0.00007
0.44800,0.12794,0.99372,0.00000,0.00002,0.00095,0.00000,0.00523,0.00000,0.00000,0.00007
0.48000,0.12794,0.99811,0.00003,0.00009,0.00018,0.00000,0.00142,0.00013,0.00000,0.00004
0.51200,0.12794,0.98481,0.00027,0.00056,0.00002,0.00000,0.00041,0.01387,0.00004,0.00002
0.54400,0.12794,0.55919,0.00148,0.00137,0.00000,0.00001,0.00006,0.43779,0.00009,0.00001
0.57600,0.12794,0.01640,0.00086,0.00029,0.00000,0.00000,0.00000,0.98243,0.00003,0.00000
0.60800,0.12794,0.01062,0.00083,0.00023,0.00000,0.00000,0.00000,0.98830,0.00002,0.00000
0.64000,0.12794,0.01024,0.00059,0.00025,0.00000,0.00000,0.00000,0.98891,0.00002,0.00000
0.67200,0.12794,0.00886,0.00045,0.00027,0.00000,0.00000,0.00000,0.99040,0.00002,0.00000
0.70400,0.12794,0.00821,0.00032,0.00033,0.00000,0.00000,0.00000,0.99113,0.00001,0.00000
0.73600,0.12794,0.00829,0.00041,0.00062,0.00000,0.00000,0.00000,0.99067,0.00000,0.00000
0.76800,0.12794,0.00881,0.00099,0.00101,0.00000,0.00000,0.00000,0.98918,0.00000,0.00000
0.80000,0.12794,0.00964,0.00197,0.00125,0.00000,0.00000,0.00000,0.98714,0.00000,0.00000
0.83200,0.12794,0.01108,0.00381,0.00108,0.00000,0.00000,0.00000,0.98401,0.00001,0.00000
0.86400,0.12794,0.00895,0.00173,0.00038,0.00000,0.00000,0.00000,0.98891,0.00003,0.00000
0.89600,0.12794,0.01085,0.00153,0.00025,0.00000,0.00000,0.00000,0.98735,0.00003,0.00000
0.92800,0.12794,0.01025,0.00051,0.00011,0.00000,0.00000,0.00000,0.98911,0.00003,0.00000
0.96000,0.12794,0.01205,0.00026,0.00007,0.00000,0.00000,0.00000,0.98760,0.00001,0.00000
0.99200,0.12794,0.01138,0.00016,0.00007,0.00000,0.00000,0.00000,0.98838,0.00002,0.00000
1.02400,0.12794,0.01491,0.00017,0.00008,0.00000,0.00000,0.00000,0.98480,0.00003,0.00000
1.05600,0.12794,0.01398,0.00015,0.00009,0.00000,0.00000,0.00000,0.98574,0.00004,0.00000
1.08800,0.12794,0.01189,0.00014,0.00008,0.00000,0.00000,0.00000,0.98778,0.00011,0.00000
1.12000,0.12794,0.01019,0.00019,0.00007,0.00000,0.00000,0.00000,0.98944,0.00011,0.00000
1.15200,0.12794,0.00317,0.00003,0.00002,0.00000,0.00000,0.00000,0.99671,0.00008,0.00000
1.18400,0.12794,0.00156,0.00001,0.00001,0.00000,0.00000,0.00000,0.99836,0.00005,0.00000
1.21600,0.12794,0.00068,0.00000,0.00001,0.00000,0.00000,0.00000,0.99928,0.00003,0.00000
1.24800,0.12794,0.00056,0.00000,0.00001,0.00000,0.00000,0.00000,0.99941,0.00002,0.00000
1.28000,0.12794,0.00080,0.00000,0.00002,0.00000,0.00000,0.00000,0.99914,0.00004,0.00000
1.31200,0.12794,0.00066,0.00000,0.00002,0.00000,0.00000,0.00000,0.99925,0.00007,0.00000
1.34400,0.12794,0.00082,0.00001,0.00003,0.00000,0.00000,0.00000,0.99910,0.00004,0.00000
1.37600,0.12794,0.00086,0.00001,0.00004,0.00000,0.00000,0.00000,0.99903,0.00006,0.00000
1.40800,0.12794,0.00168,0.00003,0.00009,0.00000,0.00000,0.00000,0.99814,0.00005,0.00000
1.44000,0.12794,0.00319,0.00021,0.00013,0.00000,0.00000,0.00000,0.99645,0.00002,0.00000
1.47200,0.12794,0.00397,0.00090,0.00016,0.00000,0.00000,0.00000,0.99495,0.00001,0.00000
1.50400,0.12794,0.00475,0.00222,0.00014,0.00000,0.00000,0.00000,0.99288,0.00001,0.00000
1.53600,0.12794,0.00330,0.00212,0.00007,0.00000,0.00000,0.00000,0.99450,0.00000,0.00000
1.56800,0.12794,0.00195,0.00052,0.00004,0.00000,0.00000,0.00000,0.99749,0.00000,0.00000
1.60000,0.12794,0.00120,0.00009,0.00003,0.00000,0.00000,0.00000,0.99867,0.00001,0.00000
1.63200,0.12794,0.00084,0.00004,0.00002,0.00000,0.00000,0.00000,0.99908,0.00002,0.00000
1.66400,0.12794,0.00055,0.00001,0.00002,0.00000,0.00000,0.00000,0.99939,0.00003,0.00000
1.69600,0.12794,0.00075,0.00002,0.00003,0.00000,0.00000,0.00000,0.99908,0.00012,0.00000
1.72800,0.12794,0.00154,0.00010,0.00006,0.00000,0.00000,0.00000,0.99807,0.00023,0.00000
1.76000,0.12794,0.00239,0.00025,0.00006,0.00000,0.00000,0.00000,0.99717,0.00013,0.00000
1.79200,0.12794,0.00341,0.00058,0.00005,0.00000,0.00000,0.00000,0.99586,0.00009,0.00000
1.82400,0.12794,0.00500,0.00155,0.00006,0.00000,0.00000,0.00000,0.99333,0.00005,0.00000
1.85600,0.12794,0.00507,0.00112,0.00004,0.00000,0.00000,0.00000,0.99374,0.00003,0.00000
1.88800,0.12794,0.00655,0.00233,0.00006,0.00000,0.00000,0.00000,0.99104,0.00002,0.00000
1.92000,0.12794,0.00916,0.00500,0.00011,0.00000,0.00000,0.00000,0.98570,0.00003,0.00000
1.95200,0.12794,0.00906,0.00451,0.00012,0.00000,0.00000,0.00000,0.98628,0.00003,0.00000
1.98400,0.12794,0.00665,0.00227,0.00008,0.00000,0.00000,0.00000,0.99098,0.00002,0.00000
2.01600,0.12794,0.00304,0.00042,0.00004,0.00000,0.00000,0.00000,0.99649,0.00001,0.00000
2.04800,0.12794,0.00215,0.00014,0.00002,0.00000,0.00000,0.00000,0.99768,0.00001,0.00000
2.08000,0.12794,0.00160,0.00004,0.00001,0.00000,0.00000,0.00000,0.99833,0.00001,0.00000
2.11200,0.12794,0.00174,0.00006,0.00001,0.00000,0.00000,0.00000,0.99818,0.00001,0.00000
2.14400,0.12794,0.00220,0.00007,0.00002,0.00000,0.00000,0.00000,0.99769,0.00002,0.00000
2.17600,0.12794,0.00285,0.00013,0.00002,0.00000,0.00000,0.00000,0.99696,0.00003,0.00000
2.20800,0.12794,0.00353,0.00031,0.00003,0.00000,0.00000,0.00000,0.99608,0.00004,0.00000
2.24000,0.12794,0.00370,0.00042,0.00003,0.00000,0.00000,0.00000,0.99581,0.00003,0.00000
2.27200,0.12794,0.00325,0.00026,0.00002,0.00000,0.00000,0.00000,0.99645,0.00002,0.00000
2.30400,0.12794,0.00274,0.00027,0.00003,0.00000,0.00000,0.00000,0.99696,0.00001,0.00000
2.33600,0.12794,0.00368,0.00047,0.00004,0.00000,0.00000,0.00000,0.99579,0.00001,0.00000
2.36800,0.12794,0.00325,0.00037,0.00005,0.00000,0.00000,0.00000,0.99630,0.00003,0.00000
2.40000,0.12794,0.00307,0.00045,0.00007,0.00000,0.00000,0.00000,0.99635,0.00006,0.00000
2.43200,0.12794,0.00534,0.00138,0.00017,0.00000,0.00000,0.00000,0.99288,0.00023,0.00000
2.46400,0.12794,0.00366,0.00059,0.00013,0.00000,0.00000,0.00000,0.99536,0.00026,0.00000
2.49600,0.12794,0.00278,0.00025,0.00011,0.00000,0.00000,0.00000,0.99659,0.00026,0.00000
2.52800,0.12794,0.00237,0.00018,0.00011,0.00000,0.00000,0.00000,0.99707,0.00026,0.00000
2.56000,0.12794,0.00092,0.00002,0.00003,0.00000,0.00000,0.00000,0.99896,0.00007,0.00000
2.59200,0.12794,0.00106,0.00003,0.00003,0.00000,0.00000,0.00000,0.99882,0.00006,0.00000
2.62400,0.12794,0.00151,0.00012,0.00005,0.00000,0.00000,0.00000,0.99828,0.00004,0.00000
2.65600,0.12794,0.00145,0.00013,0.00004,0.00000,0.00000,0.00000,0.99838,0.00001,0.00000
2.68800,0.12794,0.00334,0.00076,0.00009,0.00000,0.00000,0.00000,0.99579,0.00002,0.00000
2.72000,0.12794,0.00334,0.00050,0.00010,0.00000,0.00000,0.00000,0.99604,0.00002,0.00000
2.75200,0.12794,0.00297,0.00020,0.00009,0.00000,0.00000,0.00000,0.99672,0.00002,0.00000
2.78400,0.12794,0.00379,0.00016,0.00014,0.00000,0.00000,0.00000,0.99585,0.00006,0.00000
2.81600,0.12794,0.00329,0.00009,0.00014,0.00000,0.00000,0.00000,0.99638,0.00011,0.00000
2.84800,0.12794,0.00209,0.00004,0.00007,0.00000,0.00000,0.00000,0.99768,0.00012,0.00000
2.88000,0.12794,0.00186,0.00005,0.00006,0.00000,0.00000,0.00000,0.99790,0.00013,0.00000
2.91200,0.12794,0.00213,0.00011,0.00010,0.00000,0.00000,0.00000,0.99739,0.00026,0.00000
2.94400,0.12794,0.00212,0.00011,0.00012,0.00000,0.00000,0.00000,0.99747,0.00018,0.00000
2.97600,0.12794,0.00208,0.00013,0.00017,0.00000,0.00000,0.00000,0.99747,0.00015,0.00000
3.00800,0.12794,0.00261,0.00008,0.00022,0.00000,0.00000,0.00000,0.99684,0.00026,0.00000
3.04000,0.12794,0.00096,0.00003,0.00006,0.00000,0.00000,0.00000,0.99892,0.00003,0.00000
3.07200,0.12794,0.00073,0.00002,0.00005,0.00000,0.00000,0.00000,0.99918,0.00003,0.00000
3.10400,0.12794,0.00050,0.00001,0.00002,0.00000,0.00000,0.00000,0.99947,0.00001,0.00000
3.13600,0.12794,0.00031,0.00000,0.00001,0.00000,0.00000,0.00000,0.99968,0.00000,0.00000
3.16800,0.12794,0.00049,0.00000,0.00001,0.00000,0.00000,0.00000,0.99949,0.00001,0.00000
3.20000,0.12794,0.00061,0.00000,0.00001,0.00000,0.00000,0.00000,0.99937,0.00001,0.00000
3.23200,0.12794,0.00126,0.00001,0.00002,0.00000,0.00000,0.00000,0.99863,0.00008,0.00000
3.26400,0.12794,0.00183,0.00003,0.00003,0.00000,0.00000,0.00000,0.99804,0.00008,0.00000
3.29600,0.12794,0.00360,0.00013,0.00005,0.00000,0.00000,0.00000,0.99614,0.00008,0.00000
3.32800,0.12794,0.00241,0.00004,0.00002,0.00000,0.00000,0.00000,0.99744,0.00008,0.00000
3.36000,0.12794,0.00190,0.00002,0.00001,0.00000,0.00000,0.00000,0.99803,0.00004,0.00000
3.39200,0.12794,0.00211,0.00002,0.00001,0.00000,0.00000,0.00000,0.99781,0.00006,0.00000
3.42400,0.12794,0.00190,0.00001,0.00001,0.00000,0.00000,0.00000,0.99804,0.00004,0.00000
3.45600,0.12794,0.00382,0.00003,0.00002,0.00000,0.00000,0.00000,0.99609,0.00004,0.00000
3.48800,0.12794,0.00637,0.00007,0.00003,0.00000,0.00000,0.00000,0.99348,0.00005,0.00000
3.52000,0.12794,0.01093,0.00015,0.00007,0.00000,0.00000,0.00000,0.98879,0.00006,0.00000
3.55200,0.12794,0.01079,0.00010,0.00007,0.00000,0.00000,0.00000,0.98897,0.00007,0.00000
3.58400,0.12794,0.00951,0.00006,0.00005,0.00000,0.00000,0.00000,0.99030,0.00009,0.00000
3.61600,0.12794,0.00707,0.00003,0.00004,0.00000,0.00000,0.00000,0.99280,0.00006,0.00000
3.64800,0.12794,0.00553,0.00001,0.00003,0.00000,0.00000,0.00000,0.99437,0.00006,0.00000
3.68000,0.12794,0.00565,0.00001,0.00003,0.00000,0.00000,0.00000,0.99426,0.00005,0.00000
3.71200,0.12794,0.00543,0.00001,0.00004,0.00000,0.00000,0.00000,0.99449,0.00003,0.00000
3.74400,0.12794,0.00732,0.00003,0.00005,0.00000,0.00000,0.00000,0.99258,0.00002,0.00000
3.77600,0.12794,0.00856,0.00006,0.00005,0.00000,0.00000,0.00000,0.99131,0.00002,0.00000
3.80800,0.12794,0.00893,0.00010,0.00005,0.00000,0.00000,0.00000,0.99091,0.00002,0.00000
3.84000,0.12794,0.00991,0.00015,0.00004,0.00000,0.00000,0.00000,0.98988,0.00002,0.00000
3.87200,0.12794,0.00845,0.00011,0.00003,0.00000,0.00000,0.00000,0.99140,0.00001,0.00000
3.90400,0.12794,0.00817,0.00008,0.00003,0.00000,0.00000,0.00000,0.99171,0.00001,0.00000
3.93600,0.12794,0.00831,0.00009,0.00003,0.00000,0.00000,0.00000,0.99156,0.00001,0.00000
3.96800,0.12794,0.00934,0.00012,0.00003,0.00000,0.00000,0.00000,0.99050,0.00000,0.00000
4.00000,0.12794,0.00926,0.00013,0.00003,0.00000,0.00000,0.00000,0.99057,0.00000,0.00000
4.03200,0.12794,0.00788,0.00015,0.00003,0.00000,0.00000,0.00000,0.99192,0.00001,0.00000
4.06400,0.12794,0.01018,0.00024,0.00005,0.00000,0.00000,0.00000,0.98951,0.00002,0.00000
4.09600,0.12794,0.00826,0.00022,0.00006,0.00000,0.00000,0.00000,0.99142,0.00003,0.00000
4.12800,0.12794,0.00798,0.00023,0.00006,0.00000,0.00000,0.00000,0.99167,0.00006,0.00000
4.16000,0.12794,0.00894,0.00029,0.00009,0.00000,0.00000,0.00000,0.99060,0.00008,0.00000
4.19200,0.12794,0.00704,0.00024,0.00007,0.00000,0.00000,0.00000,0.99260,0.00005,0.00000
4.22400,0.12794,0.00806,0.00026,0.00009,0.00000,0.00000,0.00000,0.99150,0.00008,0.00000
4.25600,0.12794,0.00723,0.00033,0.00012,0.00000,0.00000,0.00000,0.99222,0.00009,0.00000
4.28800,0.12794,0.00953,0.00059,0.00023,0.00000,0.00000,0.00000,0.98944,0.00021,0.00000
4.32000,0.12794,0.00983,0.00098,0.00038,0.00000,0.00000,0.00000,0.98840,0.00042,0.00000
4.35200,0.12794,0.01051,0.00156,0.00053,0.00000,0.00000,0.00000,0.98694,0.00046,0.00000
4.38400,0.12794,0.01238,0.00252,0.00076,0.00000,0.00000,0.00000,0.98383,0.00052,0.00000
4.41600,0.12794,0.01278,0.00490,0.00119,0.00000,0.00000,0.00000,0.98071,0.00041,0.00000
4.44800,0.12794,0.01825,0.00936,0.00217,0.00000,0.00001,0.00001,0.96975,0.00046,0.00000
4.48000,0.12794,0.01808,0.00941,0.00208,0.00000,0.00001,0.00001,0.97020,0.00022,0.00000
4.51200,0.12794,0.02213,0.01358,0.00295,0.00000,0.00001,0.00001,0.96115,0.00016,0.00000
4.54400,0.12794,0.01925,0.01092,0.00238,0.00000,0.00001,0.00001,0.96737,0.00006,0.00000
4.57600,0.12794,0.01538,0.00775,0.00209,0.00000,0.00001,0.00000,0.97472,0.00005,0.00000
4.60800,0.12794,0.01360,0.00916,0.00277,0.00000,0.00001,0.00000,0.97442,0.00004,0.00000
4.64000,0.12794,0.01024,0.00728,0.00255,0.00000,0.00000,0.00000,0.97989,0.00003,0.00000
4.67200,0.12794,0.00934,0.00722,0.00230,0.00000,0.00000,0.00000,0.98110,0.00003,0.00000
4.70400,0.12794,0.00750,0.00579,0.00156,0.00000,0.00000,0.00000,0.98511,0.00002,0.00000
4.73600,0.12794,0.00724,0.00533,0.00152,0.00000,0.00000,0.00000,0.98589,0.00002,0.00000
4.76800,0.12794,0.00787,0.00510,0.00137,0.00000,0.00000,0.00000,0.98564,0.00002,0.00000
4.80000,0.12794,0.00866,0.00551,0.00140,0.00000,0.00000,0.00000,0.98440,0.00002,0.00000
4.83200,0.12794,0.01105,0.00647,0.00152,0.00000,0.00000,0.00000,0.98095,0.00001,0.00000
4.86400,0.12794,0.01132,0.00528,0.00130,0.00000,0.00000,0.00000,0.98208,0.00001,0.00000
4.89600,0.12794,0.01087,0.00477,0.00134,0.00000,0.00000,0.00000,0.98301,0.00001,0.00000
4.92800,0.12794,0.00906,0.00356,0.00321,0.00000,0.00000,0.00000,0.98415,0.00001,0.00000
4.96000,0.12794,0.01134,0.00502,0.00317,0.00000,0.00000,0.00000,0.98046,0.00000,0.00000
4.99200,0.12794,0.01266,0.00551,0.00290,0.00000,0.00000,0.00000,0.97893,0.00000,0.00000
5.02400,0.12794,0.01453,0.00410,0.00278,0.00000,0.00000,0.00000,0.97858,0.00000,0.00000
5.05600,0.12794,0.01660,0.00229,0.00148,0.00000,0.00000,0.00000,0.97962,0.00000,0.00000
5.08800,0.12794,0.01279,0.00120,0.00201,0.00000,0.00000,0.00000,0.98399,0.00000,0.00000
5.12000,0.12794,0.01325,0.00103,0.00330,0.00000,0.00000,0.00000,0.98241,0.00000,0.00000
5.15200,0.12794,0.01092,0.00071,0.00355,0.00000,0.00000,0.00000,0.98481,0.00000,0.00000
5.18400,0.12794,0.01076,0.00120,0.00363,0.00000,0.00000,0.00000,0.98440,0.00000,0.00000
5.21600,0.12794,0.01034,0.00104,0.00457,0.00000,0.00000,0.00000,0.98405,0.00000,0.00000
5.24800,0.12794,0.00991,0.00105,0.00521,0.00000,0.00000,0.00000,0.98383,0.00000,0.00000
5.28000,0.12794,0.01079,0.00143,0.00723,0.00000,0.00000,0.00000,0.98054,0.00000,0.00000
5.31200,0.12794,0.01022,0.00116,0.00760,0.00000,0.00000,0.00000,0.98101,0.00000,0.00000
5.34400,0.12794,0.00850,0.00086,0.00393,0.00000,0.00000,0.00000,0.98670,0.00000,0.00000
5.37600,0.12794,0.00790,0.00057,0.00263,0.00000,0.00000,0.00000,0.98890,0.00000,0.00000
5.40800,0.12794,0.00943,0.00083,0.00147,0.00000,0.00000,0.00000,0.98826,0.00000,0.00000
5.44000,0.12794,0.00959,0.00138,0.00135,0.00000,0.00000,0.00000,0.98768,0.00000,0.00000
5.47200,0.12794,0.01218,0.00342,0.00194,0.00000,0.00000,0.00000,0.98245,0.00001,0.00000
5.50400,0.12794,0.01189,0.00517,0.00124,0.00000,0.00000,0.00000,0.98168,0.00002,0.00000
5.53600,0.12794,0.00949,0.00239,0.00073,0.00000,0.00000,0.00000,0.98734,0.00006,0.00000
5.56800,0.12794,0.00998,0.00126,0.00027,0.00000,0.00000,0.00000,0.98845,0.00003,0.00000
5.60000,0.12794,0.00839,0.00039,0.00008,0.00000,0.00000,0.00000,0.99112,0.00002,0.00000
5.63200,0.12794,0.00881,0.00020,0.00005,0.00000,0.00000,0.00000,0.99092,0.00001,0.00000
5.66400,0.12794,0.00697,0.00008,0.00004,0.00000,0.00000,0.00000,0.99290,0.00001,0.00000
5.69600,0.12794,0.00702,0.00005,0.00004,0.00000,0.00000,0.00000,0.99286,0.00002,0.00000
5.72800,0.12794,0.00607,0.00004,0.00004,0.00000,0.00000,0.00000,0.99381,0.00004,0.00000
5.76000,0.12794,0.00497,0.00003,0.00004,0.00000,0.00000,0.00000,0.99490,0.00006,0.00000
5.79200,0.12794,0.00330,0.00003,0.00003,0.00000,0.00000,0.00000,0.99659,0.00006,0.00000
5.82400,0.12794,0.00165,0.00001,0.00001,0.00000,0.00000,0.00000,0.99828,0.00004,0.00000
5.85600,0.12794,0.00125,0.00002,0.00002,0.00000,0.00000,0.00000,0.99869,0.00002,0.00000
5.88800,0.12794,0.00083,0.00001,0.00002,0.00000,0.00000,0.00000,0.99913,0.00002,0.00000
5.92000,0.12794,0.00076,0.00001,0.00002,0.00000,0.00000,0.00000,0.99919,0.00001,0.00000
5.95200,0.12794,0.00085,0.00001,0.00004,0.00000,0.00000,0.00000,0.99906,0.00003,0.00000
5.98400,0.12794,0.00073,0.00001,0.00004,0.00000,0.00000,0.00000,0.99911,0.00012,0.00000
6.01600,0.12794,0.00103,0.00001,0.00005,0.00000,0.00000,0.00000,0.99877,0.00014,0.00000
6.04800,0.12794,0.00118,0.00001,0.00004,0.00000,0.00000,0.00000,0.99863,0.00014,0.00000
6.08000,0.12794,0.00131,0.00003,0.00005,0.00000,0.00000,0.00000,0.99857,0.00005,0.00000
6.11200,0.12794,0.00118,0.00003,0.00003,0.00000,0.00000,0.00000,0.99875,0.00001,0.00000
6.14400,0.12794,0.00088,0.00003,0.00002,0.00000,0.00000,0.00000,0.99906,0.00000,0.00000
6.17600,0.12794,0.00097,0.00007,0.00002,0.00000,0.00000,0.00000,0.99894,0.00000,0.00000
6.20800,0.12794,0.00075,0.00004,0.00001,0.00000,0.00000,0.00000,0.99919,0.00000,0.00000
6.24000,0.12794,0.00049,0.00001,0.00001,0.00000,0.00000,0.00000,0.99949,0.00000,0.00000
6.27200,0.12794,0.00041,0.00001,0.00001,0.00000,0.00000,0.00000,0.99957,0.00001,0.00000
6.30400,0.12794,0.00034,0.00000,0.00001,0.00000,0.00000,0.00000,0.99962,0.00002,0.00000
6.33600,0.12794,0.00033,0.00000,0.00001,0.00000,0.00000,0.00000,0.99958,0.00008,0.00000
6.36800,0.12794,0.00067,0.00001,0.00003,0.00000,0.00000,0.00000,0.99909,0.00021,0.00000
6.40000,0.12794,0.00112,0.00003,0.00006,0.00000,0.00000,0.00000,0.99852,0.00027,0.00000
6.43200,0.12794,0.00118,0.00006,0.00005,0.00000,0.00000,0.00000,0.99864,0.00008,0.00000
6.46400,0.12794,0.00161,0.00019,0.00004,0.00000,0.00000,0.00000,0.99811,0.00005,0.00000
6.49600,0.12794,0.00175,0.00018,0.00004,0.00000,0.00000,0.00000,0.99798,0.00005,0.00000
6.52800,0.12794,0.00215,0.00021,0.00003,0.00000,0.00000,0.00000,0.99759,0.00003,0.00000
6.56000,0.12794,0.00539,0.00094,0.00006,0.00000,0.00000,0.00000,0.99355,0.00006,0.00000
6.59200,0.12794,0.00692,0.00206,0.00010,0.00000,0.00000,0.00000,0.99088,0.00005,0.00000
6.62400,0.12794,0.00633,0.00195,0.00009,0.00000,0.00000,0.00000,0.99159,0.00004,0.00000
6.65600,0.12794,0.00530,0.00112,0.00007,0.00000,0.00000,0.00000,0.99346,0.00005,0.00000
6.68800,0.12794,0.00253,0.00031,0.00003,0.00000,0.00000,0.00000,0.99711,0.00002,0.00000
6.72000,0.12794,0.00192,0.00010,0.00002,0.00000,0.00000,0.00000,0.99795,0.00001,0.00000
6.75200,0.12794,0.00177,0.00005,0.00001,0.00000,0.00000,0.00000,0.99816,0.00001,0.00000
6.78400,0.12794,0.00211,0.00008,0.00002,0.00000,0.00000,0.00000,0.99779,0.00001,0.00000
6.81600,0.12794,0.00227,0.00008,0.00002,0.00000,0.00000,0.00000,0.99760,0.00002,0.00000
6.84800,0.12794,0.00306,0.00019,0.00003,0.00000,0.00000,0.00000,0.99667,0.00005,0.00000
6.88000,0.12794,0.00416,0.00050,0.00004,0.00000,0.00000,0.00000,0.99526,0.00003,0.00000
6.91200,0.12794,0.00422,0.00047,0.00004,0.00000,0.00000,0.00000,0.99525,0.00003,0.00000
6.94400,0.12794,0.00335,0.00024,0.00003,0.00000,0.00000,0.00000,0.99635,0.00004,0.00000
6.97600,0.12794,0.00260,0.00016,0.00002,0.00000,0.00000,0.00000,0.99720,0.00002,0.00000
7.00800,0.12794,0.00245,0.00018,0.00003,0.00000,0.00000,0.00000,0.99731,0.00003,0.00000
7.04000,0.12794,0.00237,0.00029,0.00005,0.00000,0.00000,0.00000,0.99725,0.00005,0.00000
7.07200,0.12794,0.00206,0.00027,0.00005,0.00000,0.00000,0.00000,0.99754,0.00008,0.00000
7.10400,0.12794,0.00272,0.00058,0.00010,0.00000,0.00000,0.00000,0.99646,0.00014,0.00000
7.13600,0.12794,0.00230,0.00039,0.00011,0.00000,0.00000,0.00000,0.99704,0.00016,0.00000
7.16800,0.12794,0.00147,0.00006,0.00006,0.00000,0.00000,0.00000,0.99825,0.00016,0.00000
7.20000,0.12794,0.00120,0.00003,0.00006,0.00000,0.00000,0.00000,0.99856,0.00014,0.00000
7.23200,0.12794,0.00084,0.00001,0.00004,0.00000,0.00000,0.00000,0.99899,0.00011,0.00000
7.26400,0.12794,0.00071,0.00001,0.00002,0.00000,0.00000,0.00000,0.99922,0.00004,0.00000
7.29600,0.12794,0.00126,0.00007,0.00005,0.00000,0.00000,0.00000,0.99860,0.00003,0.00000
7.32800,0.12794,0.00181,0.00019,0.00006,0.00000,0.00000,0.00000,0.99793,0.00001,0.00000
7.36000,0.12794,0.00231,0.00027,0.00008,0.00000,0.00000,0.00000,0.99733,0.00001,0.00000
7.39200,0.12794,0.00296,0.00035,0.00010,0.00000,0.00000,0.00000,0.99656,0.00002,0.00000
7.42400,0.12794,0.00253,0.00013,0.00012,0.00000,0.00000,0.00000,0.99719,0.00003,0.00000
7.45600,0.12794,0.00255,0.00006,0.00013,0.00000,0.00000,0.00000,0.99722,0.00003,0.00000
7.48800,0.12794,0.00221,0.00003,0.00011,0.00000,0.00000,0.00000,0.99758,0.00007,0.00000
7.52000,0.12794,0.00158,0.00001,0.00007,0.00000,0.00000,0.00000,0.99820,0.00013,0.00000
7.55200,0.12794,0.00104,0.00001,0.00003,0.00000,0.00000,0.00000,0.99880,0.00012,0.00000
7.58400,0.12794,0.00128,0.00002,0.00005,0.00000,0.00000,0.00000,0.99835,0.00030,0.00000
7.61600,0.12794,0.00122,0.00002,0.00006,0.00000,0.00000,0.00000,0.99847,0.00022,0.00000
7.64800,0.12794,0.00128,0.00004,0.00008,0.00000,0.00000,0.00000,0.99845,0.00015,0.00000
7.68000,0.12794,0.00152,0.00004,0.00011,0.00000,0.00000,0.00000,0.99812,0.00020,0.00000
7.71200,0.12794,0.00052,0.00001,0.00003,0.00000,0.00000,0.00000,0.99937,0.00008,0.00000
7.74400,0.12794,0.00065,0.00001,0.00005,0.00000,0.00000,0.00000,0.99925,0.00004,0.00000
7.77600,0.12794,0.00051,0.00001,0.00003,0.00000,0.00000,0.00000,0.99943,0.00002,0.00000
7.80800,0.12794,0.00056,0.00001,0.00002,0.00000,0.00000,0.00000,0.99939,0.00001,0.00000
7.84000,0.12794,0.00104,0.00002,0.00003,0.00000,0.00000,0.00000,0.99890,0.00001,0.00000
7.87200,0.12794,0.00073,0.00001,0.00001,0.00000,0.00000,0.00000,0.99923,0.00002,0.00000
7.90400,0.12794,0.00100,0.00001,0.00001,0.00000,0.00000,0.00000,0.99895,0.00004,0.00000
7.93600,0.12794,0.00092,0.00000,0.00001,0.00000,0.00000,0.00000,0.99903,0.00004,0.00000
7.96800,0.12794,0.00112,0.00001,0.00001,0.00000,0.00000,0.00000,0.99880,0.00006,0.00000
8.00000,0.12794,0.00147,0.00001,0.00001,0.00000,0.00000,0.00000,0.99847,0.00004,0.00000
8.03200,0.12794,0.00146,0.00001,0.00001,0.00000,0.00000,0.00000,0.99848,0.00004,0.00000
8.06400,0.12794,0.00173,0.00001,0.00001,0.00000,0.00000,0.00000,0.99820,0.00004,0.00000
8.09600,0.12794,0.00209,0.00001,0.00002,0.00000,0.00000,0.00000,0.99784,0.00004,0.00000
8.12800,0.12794,0.00338,0.00003,0.00003,0.00000,0.00000,0.00000,0.99652,0.00005,0.00000
8.16000,0.12794,0.00560,0.00004,0.00004,0.00000,0.00000,0.00000,0.99421,0.00011,0.00000
8.19200,0.12794,0.01161,0.00011,0.00009,0.00000,0.00000,0.00000,0.98794,0.00025,0.00000
8.22400,0.12794,0.01951,0.00024,0.00019,0.00000,0.00000,0.00000,0.97965,0.00040,0.00000
8.25600,0.12794,0.01434,0.00008,0.00014,0.00000,0.00000,0.00000,0.98480,0.00063,0.00000
8.28800,0.12794,0.00980,0.00003,0.00011,0.00000,0.00000,0.00000,0.98954,0.00052,0.00000
8.32000,0.12794,0.00728,0.00002,0.00007,0.00000,0.00000,0.00000,0.99241,0.00021,0.00000
8.35200,0.12794,0.00529,0.00001,0.00004,0.00000,0.00000,0.00000,0.99458,0.00009,0.00000
8.38400,0.12794,0.00782,0.00003,0.00006,0.00000,0.00000,0.00000,0.99206,0.00004,0.00000
8.41600,0.12794,0.01147,0.00011,0.00007,0.00000,0.00000,0.00000,0.98834,0.00002,0.00000
8.44800,0.12794,0.01251,0.00017,0.00007,0.00000,0.00000,0.00000,0.98723,0.00001,0.00000
8.48000,0.12794,0.01273,0.00021,0.00007,0.00000,0.00000,0.00000,0.98698,0.00001,0.00000
8.51200,0.12794,0.01161,0.00013,0.00005,0.00000,0.00000,0.00000,0.98819,0.00001,0.00000
8.54400,0.12794,0.00883,0.00007,0.00004,0.00000,0.00000,0.00000,0.99106,0.00001,0.00000
8.57600,0.12794,0.00912,0.00006,0.00003,0.00000,0.00000,0.00000,0.99077,0.00002,0.00000
8.60800,0.12794,0.00859,0.00006,0.00004,0.00000,0.00000,0.00000,0.99130,0.00001,0.00000
8.64000,0.12794,0.00906,0.00010,0.00004,0.00000,0.00000,0.00000,0.99078,0.00002,0.00000
8.67200,0.12794,0.01123,0.00023,0.00006,0.00000,0.00000,0.00000,0.98846,0.00001,0.00000
8.70400,0.12794,0.01131,0.00035,0.00009,0.00000,0.00000,0.00000,0.98824,0.00002,0.00000
8.73600,0.12794,0.01442,0.00072,0.00010,0.00000,0.00000,0.00000,0.98474,0.00002,0.00000
8.76800,0.12794,0.02152,0.00174,0.00024,0.00000,0.00000,0.00000,0.97647,0.00002,0.00000
8.80000,0.12794,0.01616,0.00113,0.00016,0.00000,0.00000,0.00000,0.98254,0.00001,0.00000
8.83200,0.12794,0.01405,0.00092,0.00013,0.00000,0.00000,0.00000,0.98490,0.00001,0.00000
8.86400,0.12794,0.01075,0.00060,0.00011,0.00000,0.00000,0.00000,0.98853,0.00001,0.00000
8.89600,0.12794,0.00793,0.00039,0.00006,0.00000,0.00000,0.00000,0.99162,0.00001,0.00000
8.92800,0.12794,0.00796,0.00038,0.00008,0.00000,0.00000,0.00000,0.99157,0.00001,0.00000
8.96000,0.12794,0.00749,0.00039,0.00009,0.00000,0.00000,0.00000,0.99201,0.00003,0.00000
8.99200,0.12794,0.00819,0.00046,0.00013,0.00000,0.00000,0.00000,0.99116,0.00006,0.00000
9.02400,0.12794,0.00785,0.00049,0.00020,0.00000,0.00000,0.00000,0.99127,0.00019,0.00000
9.05600,0.12794,0.00999,0.00127,0.00053,0.00000,0.00000,0.00000,0.98754,0.00066,0.00000
9.08800,0.12794,0.01512,0.00359,0.00159,0.00000,0.00001,0.00000,0.97800,0.00169,0.00000
9.12000,0.12794,0.02428,0.01243,0.00503,0.00000,0.00002,0.00001,0.95475,0.00348,0.00000
9.15200,0.12794,0.02858,0.02253,0.00712,0.00000,0.00002,0.00002,0.93923,0.00249,0.00000
9.18400,0.12794,0.02849,0.02909,0.00791,0.00000,0.00003,0.00002,0.93344,0.00101,0.00000
9.21600,0.12794,0.02126,0.02159,0.00510,0.00000,0.00002,0.00001,0.95182,0.00019,0.00000
9.24800,0.12794,0.01633,0.01577,0.00430,0.00000,0.00001,0.00001,0.96348,0.00010,0.00000
9.28000,0.12794,0.01409,0.01446,0.00437,0.00000,0.00001,0.00001,0.96699,0.00007,0.00000
9.31200,0.12794,0.01189,0.01085,0.00379,0.00000,0.00000,0.00000,0.97342,0.00005,0.00000
9.34400,0.12794,0.00997,0.00830,0.00275,0.00000,0.00000,0.00000,0.97893,0.00004,0.00000
9.37600,0.12794,0.00808,0.00610,0.00177,0.00000,0.00000,0.00000,0.98403,0.00002,0.00000
9.40800,0.12794,0.00809,0.00632,0.00161,0.00000,0.00000,0.00000,0.98396,0.00002,0.00000
9.44000,0.12794,0.00751,0.00426,0.00129,0.00000,0.00000,0.00000,0.98692,0.00002,0.00000
9.47200,0.12794,0.00885,0.00550,0.00127,0.00000,0.00000,0.00000,0.98437,0.00001,0.00000
9.50400,0.12794,0.00997,0.00522,0.00112,0.00000,0.00000,0.00000,0.98367,0.00001,0.00000
9.53600,0.12794,0.01150,0.00516,0.00092,0.00000,0.00000,0.00000,0.98241,0.00000,0.00000
9.56800,0.12794,0.01117,0.00369,0.00083,0.00000,0.00000,0.00000,0.98430,0.00000,0.00000
9.60000,0.12794,0.01119,0.00335,0.00061,0.00000,0.00000,0.00000,0.98484,0.00000,0.00000
9.63200,0.12794,0.01168,0.00313,0.00073,0.00000,0.00000,0.00000,0.98446,0.00000,0.00000
9.66400,0.12794,0.01186,0.00191,0.00093,0.00000,0.00000,0.00000,0.98530,0.00000,0.00000
9.69600,0.12794,0.01306,0.00213,0.00114,0.00000,0.00000,0.00000,0.98367,0.00000,0.00000
9.72800,0.12794,0.01170,0.00120,0.00232,0.00000,0.00000,0.00000,0.98477,0.00000,0.00000
9.76000,0.12794,0.01135,0.00108,0.00312,0.00000,0.00000,0.00000,0.98444,0.00000,0.00000
9.79200,0.12794,0.01126,0.00127,0.00390,0.00000,0.00000,0.00000,0.98357,0.00000,0.00000
9.82400,0.12794,0.01146,0.00117,0.00392,0.00000,0.00000,0.00000,0.98345,0.00000,0.00000
9.85600,0.12794,0.01194,0.00119,0.00418,0.00000,0.00000,0.00000,0.98269,0.00000,0.00000
9.88800,0.12794,0.01159,0.00129,0.00428,0.00000,0.00000,0.00000,0.98283,0.00000,0.00000
9.92000,0.12794,0.01092,0.00129,0.00422,0.00000,0.00000,0.00000,0.98356,0.00000,0.00000
9.95200,0.12794,0.01124,0.00122,0.00521,0.00000,0.00000,0.00000,0.98233,0.00000,0.00000
9.98400,0.12794,0.01132,0.00101,0.00481,0.00000,0.00000,0.00000,0.98286,0.00000,0.00000
10.01600,0.12794,0.01057,0.00072,0.00311,0.00000,0.00000,0.00000,0.98560,0.00000,0.00000
10.04800,0.12794,0.01066,0.00057,0.00285,0.00000,0.00000,0.00000,0.98591,0.00000,0.00000
10.08000,0.12794,0.00946,0.00051,0.00229,0.00000,0.00000,0.00000,0.98773,0.00000,0.00000
10.11200,0.12794,0.01015,0.00111,0.00213,0.00000,0.00000,0.00000,0.98661,0.00000,0.00000
10.14400,0.12794,0.01040,0.00191,0.00221,0.00000,0.00000,0.00000,0.98548,0.00000,0.00000
10.17600,0.12794,0.01194,0.00356,0.00194,0.00000,0.00000,0.00000,0.98253,0.00002,0.00000
10.20800,0.12794,0.01074,0.00259,0.00069,0.00000,0.00000,0.00000,0.98594,0.00004,0.00000
10.24000,0.12794,0.01119,0.00152,0.00030,0.00000,0.00000,0.00000,0.98695,0.00004,0.00000
10.27200,0.12794,0.01003,0.00041,0.00011,0.00000,0.00000,0.00000,0.98942,0.00003,0.00000
10.30400,0.12794,0.00915,0.00015,0.00005,0.00000,0.00000,0.00000,0.99064,0.00001,0.00000
10.33600,0.12794,0.00774,0.00005,0.00004,0.00000,0.00000,0.00000,0.99215,0.00002,0.00000
10.36800,0.12794,0.00769,0.00004,0.00005,0.00000,0.00000,0.00000,0.99220,0.00003,0.00000
10.40000,0.12794,0.00615,0.00004,0.00004,0.00000,0.00000,0.00000,0.99374,0.00004,0.00000
10.43200,0.12794,0.00306,0.00002,0.00002,0.00000,0.00000,0.00000,0.99686,0.00005,0.00000
10.46400,0.12794,0.00199,0.00001,0.00001,0.00000,0.00000,0.00000,0.99795,0.00004,0.00000
10.49600,0.12794,0.00153,0.00001,0.00001,0.00000,0.00000,0.00000,0.99842,0.00003,0.00000
10.52800,0.12794,0.00073,0.00001,0.00001,0.00000,0.00000,0.00000,0.99925,0.00001,0.00000
10.56000,0.12794,0.00048,0.00000,0.00000,0.00000,0.00000,0.00000,0.99951,0.00001,0.00000
10.59200,0.12794,0.00068,0.00001,0.00001,0.00000,0.00000,0.00000,0.99929,0.00001,0.00000
10.62400,0.12794,0.00081,0.00003,0.00002,0.00000,0.00000,0.00000,0.99913,0.00001,0.00000
10.65600,0.12794,0.00145,0.00006,0.00006,0.00000,0.00000,0.00000,0.99838,0.00006,0.00000
10.68800,0.12794,0.00181,0.00008,0.00009,0.00000,0.00000,0.00000,0.99790,0.00013,0.00000
10.72000,0.12794,0.00188,0.00006,0.00011,0.00000,0.00000,0.00000,0.99776,0.00020,0.00000
10.75200,0.12794,0.00180,0.00004,0.00009,0.00000,0.00000,0.00000,0.99787,0.00019,0.00000
10.78400,0.12794,0.00337,0.00023,0.00019,0.00000,0.00000,0.00000,0.99606,0.00015,0.00000
10.81600,0.12794,0.00454,0.00076,0.00028,0.00000,0.00000,0.00000,0.99433,0.00009,0.00000
10.84800,0.12794,0.00480,0.00131,0.00022,0.00000,0.00000,0.00000,0.99360,0.00008,0.00000
10.88000,0.12794,0.00279,0.00073,0.00009,0.00000,0.00000,0.00000,0.99635,0.00003,0.00000
10.91200,0.12794,0.00122,0.00008,0.00003,0.00000,0.00000,0.00000,0.99865,0.00001,0.00000
10.94400,0.12794,0.00068,0.00001,0.00002,0.00000,0.00000,0.00000,0.99927,0.00002,0.00000
10.97600,0.12794,0.00057,0.00001,0.00002,0.00000,0.00000,0.00000,0.99937,0.00004,0.00000
11.00800,0.12794,0.00050,0.00000,0.00002,0.00000,0.00000,0.00000,0.99938,0.00010,0.00000
11.04000,0.12794,0.00064,0.00000,0.00002,0.00000,0.00000,0.00000,0.99913,0.00021,0.00000
11.07200,0.12794,0.00078,0.00001,0.00002,0.00000,0.00000,0.00000,0.99901,0.00018,0.00000
11.10400,0.12794,0.00073,0.00001,0.00001,0.00000,0.00000,0.00000,0.99921,0.00004,0.00000
11.13600,0.12794,0.00077,0.00002,0.00001,0.00000,0.00000,0.00000,0.99918,0.00002,0.00000
11.16800,0.12794,0.00088,0.00002,0.00001,0.00000,0.00000,0.00000,0.99907,0.00001,0.00000
11.20000,0.12794,0.00131,0.00003,0.00001,0.00000,0.00000,0.00000,0.99864,0.00001,0.00000
11.23200,0.12794,0.00269,0.00012,0.00001,0.00000,0.00000,0.00000,0.99716,0.00001,0.00000
11.26400,0.12794,0.00381,0.00032,0.00002,0.00000,0.00000,0.00000,0.99583,0.00001,0.00000
11.29600,0.12794,0.00534,0.00072,0.00004,0.00000,0.00000,0.00000,0.99387,0.00002,0.00000
11.32800,0.12794,0.00418,0.00057,0.00003,0.00000,0.00000,0.00000,0.99520,0.00002,0.00000
11.36000,0.12794,0.00253,0.00020,0.00002,0.00000,0.00000,0.00000,0.99723,0.00002,0.00000
11.39200,0.12794,0.00179,0.00006,0.00002,0.00000,0.00000,0.00000,0.99812,0.00001,0.00000
11.42400,0.12794,0.00168,0.00005,0.00002,0.00000,0.00000,0.00000,0.99824,0.00001,0.00000
11.45600,0.12794,0.00177,0.00005,0.00002,0.00000,0.00000,0.00000,0.99815,0.00002,0.00000
11.48800,0.12794,0.00236,0.00007,0.00002,0.00000,0.00000,0.00000,0.99752,0.00003,0.00000
11.52000,0.12794,0.00277,0.00012,0.00003,0.00000,0.00000,0.00000,0.99704,0.00005,0.00000
11.55200,0.12794,0.00408,0.00030,0.00004,0.00000,0.00000,0.00000,0.99554,0.00003,0.00000
11.58400,0.12794,0.00432,0.00037,0.00004,0.00000,0.00000,0.00000,0.99523,0.00004,0.00000
11.61600,0.12794,0.00343,0.00017,0.00004,0.00000,0.00000,0.00000,0.99633,0.00004,0.00000
11.64800,0.12794,0.00345,0.00022,0.00004,0.00000,0.00000,0.00000,0.99626,0.00003,0.00000
11.68000,0.12794,0.00227,0.00014,0.00002,0.00000,0.00000,0.00000,0.99754,0.00002,0.00000
11.71200,0.12794,0.00252,0.00032,0.00003,0.00000,0.00000,0.00000,0.99711,0.00002,0.00000
11.74400,0.12794,0.00217,0.00032,0.00003,0.00000,0.00000,0.00000,0.99747,0.00002,0.00000
11.77600,0.12794,0.00171,0.00026,0.00003,0.00000,0.00000,0.00000,0.99798,0.00001,0.00000
11.80800,0.12794,0.00116,0.00006,0.00003,0.00000,0.00000,0.00000,0.99873,0.00003,0.00000
11.84000,0.12794,0.00057,0.00001,0.00001,0.00000,0.00000,0.00000,0.99937,0.00004,0.00000
11.87200,0.12794,0.00041,0.00000,0.00001,0.00000,0.00000,0.00000,0.99951,0.00006,0.00000
11.90400,0.12794,0.00033,0.00000,0.00001,0.00000,0.00000,0.00000,0.99958,0.00007,0.00000
11.93600,0.12794,0.00035,0.00000,0.00001,0.00000,0.00000,0.00000,0.99961,0.00003,0.00000
11.96800,0.12794,0.00058,0.00001,0.00002,0.00000,0.00000,0.00000,0.99938,0.00002,0.00000
12.00000,0.12794,0.00075,0.00001,0.00002,0.00000,0.00000,0.00000,0.99921,0.00001,0.00000
12.03200,0.12794,0.00145,0.00008,0.00004,0.00000,0.00000,0.00000,0.99843,0.00001,0.00000
12.06400,0.12794,0.00215,0.00020,0.00006,0.00000,0.00000,0.00000,0.99757,0.00001,0.00000
12.09600,0.12794,0.00224,0.00011,0.00008,0.00000,0.00000,0.00000,0.99756,0.00002,0.00000
12.12800,0.12794,0.00299,0.00010,0.00011,0.00000,0.00000,0.00000,0.99676,0.00004,0.00000
12.16000,0.12794,0.00227,0.00005,0.00008,0.00000,0.00000,0.00000,0.99755,0.00005,0.00000
12.19200,0.12794,0.00156,0.00002,0.00005,0.00000,0.00000,0.00000,0.99831,0.00006,0.00000
12.22400,0.12794,0.00127,0.00002,0.00004,0.00000,0.00000,0.00000,0.99859,0.00009,0.00000
12.25600,0.12794,0.00134,0.00003,0.00004,0.00000,0.00000,0.00000,0.99846,0.00011,0.00000
12.28800,0.12794,0.00123,0.00003,0.00005,0.00000,0.00000,0.00000,0.99857,0.00013,0.00000
12.32000,0.12794,0.00223,0.00007,0.00009,0.00000,0.00000,0.00000,0.99751,0.00011,0.00000
12.35200,0.12794,0.00258,0.00005,0.00005,0.00000,0.00000,0.00000,0.99725,0.00006,0.00000
12.38400,0.12794,0.00113,0.00000,0.00002,0.00000,0.00000,0.00000,0.99876,0.00009,0.00000
12.41600,0.12794,0.00066,0.00000,0.00001,0.00000,0.00000,0.00000,0.99927,0.00005,0.00000
12.44800,0.12794,0.00029,0.00000,0.00000,0.00000,0.00000,0.00000,0.99967,0.00003,0.00000
12.48000,0.12794,0.00033,0.00000,0.00001,0.00000,0.00000,0.00000,0.99963,0.00003,0.00000
12.51200,0.12794,0.00053,0.00000,0.00001,0.00000,0.00000,0.00000,0.99944,0.00001,0.00000
12.54400,0.12794,0.00088,0.00001,0.00002,0.00000,0.00000,0.00000,0.99908,0.00002,0.00000
12.57600,0.12794,0.00094,0.00001,0.00001,0.00000,0.00000,0.00000,0.99901,0.00002,0.00000
12.60800,0.12794,0.00083,0.00001,0.00001,0.00000,0.00000,0.00000,0.99912,0.00003,0.00000
12.64000,0.12794,0.00087,0.00001,0.00001,0.00000,0.00000,0.00000,0.99908,0.00003,0.00000
12.67200,0.12794,0.00086,0.00000,0.00001,0.00000,0.00000,0.00000,0.99911,0.00002,0.00000
12.70400,0.12794,0.00123,0.00000,0.00001,0.00000,0.00000,0.00000,0.99873,0.00003,0.00000
12.73600,0.12794,0.00155,0.00001,0.00001,0.00000,0.00000,0.00000,0.99839,0.00005,0.00000
12.76800,0.12794,0.00154,0.00001,0.00001,0.00000,0.00000,0.00000,0.99839,0.00006,0.00000
12.80000,0.12794,0.00223,0.00001,0.00001,0.00000,0.00000,0.00000,0.99768,0.00007,0.00000
12.83200,0.12794,0.00279,0.00001,0.00002,0.00000,0.00000,0.00000,0.99709,0.00009,0.00000
12.86400,0.12794,0.00441,0.00003,0.00003,0.00000,0.00000,0.00000,0.99547,0.00006,0.00000
12.89600,0.12794,0.00718,0.00005,0.00004,0.00000,0.00000,0.00000,0.99266,0.00007,0.00000
12.92800,0.12794,0.00577,0.00003,0.00004,0.00000,0.00000,0.00000,0.99407,0.00009,0.00000
12.96000,0.12794,0.00684,0.00006,0.00006,0.00000,0.00000,0.00000,0.99295,0.00009,0.00000
12.99200,0.12794,0.00500,0.00002,0.00004,0.00000,0.00000,0.00000,0.99484,0.00010,0.00000
13.02400,0.12794,0.00439,0.00002,0.00004,0.00000,0.00000,0.00000,0.99548,0.00008,0.00000
13.05600,0.12794,0.00628,0.00002,0.00005,0.00000,0.00000,0.00000,0.99357,0.00007,0.00000
13.08800,0.12794,0.00608,0.00002,0.00004,0.00000,0.00000,0.00000,0.99381,0.00005,0.00000
13.12000,0.12794,0.00829,0.00005,0.00005,0.00000,0.00000,0.00000,0.99159,0.00002,0.00000
13.15200,0.12794,0.00932,0.00009,0.00005,0.00000,0.00000,0.00000,0.99051,0.00003,0.00000
13.18400,0.12794,0.00895,0.00009,0.00004,0.00000,0.00000,0.00000,0.99090,0.00002,0.00000
13.21600,0.12794,0.01090,0.00012,0.00005,0.00000,0.00000,0.00000,0.98891,0.00002,0.00000
13.24800,0.12794,0.00873,0.00006,0.00004,0.00000,0.00000,0.00000,0.99115,0.00002,0.00000
13.28000,0.12794,0.00783,0.00004,0.00003,0.00000,0.00000,0.00000,0.99209,0.00001,0.00000
13.31200,0.12794,0.00746,0.00005,0.00002,0.00000,0.00000,0.00000,0.99245,0.00001,0.00000
13.34400,0.12794,0.00639,0.00004,0.00002,0.00000,0.00000,0.00000,0.99353,0.00001,0.00000
13.37600,0.12794,0.00736,0.00008,0.00003,0.00000,0.00000,0.00000,0.99250,0.00002,0.00000
13.40800,0.12794,0.00649,0.00009,0.00003,0.00000,0.00000,0.00000,0.99337,0.00002,0.00000
13.44000,0.12794,0.00564,0.00009,0.00003,0.00000,0.00000,0.00000,0.99423,0.00002,0.00000
13.47200,0.12794,0.00586,0.00013,0.00004,0.00000,0.00000,0.00000,0.99397,0.00001,0.00000
13.50400,0.12794,0.00492,0.00011,0.00003,0.00000,0.00000,0.00000,0.99493,0.00001,0.00000
13.53600,0.12794,0.00634,0.00020,0.00004,0.00000,0.00000,0.00000,0.99340,0.00001,0.00000
13.56800,0.12794,0.00798,0.00031,0.00006,0.00000,0.00000,0.00000,0.99164,0.00001,0.00000
13.60000,0.12794,0.00886,0.00045,0.00009,0.00000,0.00000,0.00000,0.99059,0.00001,0.00000
13.63200,0.12794,0.00938,0.00052,0.00012,0.00000,0.00000,0.00000,0.98996,0.00002,0.00000
13.66400,0.12794,0.00992,0.00062,0.00016,0.00000,0.00000,0.00000,0.98925,0.00005,0.00000
13.69600,0.12794,0.01073,0.00087,0.00026,0.00000,0.00000,0.00000,0.98799,0.00015,0.00000
13.72800,0.12794,0.01360,0.00206,0.00058,0.00000,0.00000,0.00000,0.98322,0.00053,0.00000
13.76000,0.12794,0.02178,0.00761,0.00239,0.00000,0.00001,0.00001,0.96595,0.00226,0.00000
13.79200,0.12794,0.03023,0.02701,0.00798,0.00000,0.00003,0.00002,0.93002,0.00471,0.00000
13.82400,0.12794,0.03290,0.04674,0.01017,0.00000,0.00004,0.00003,0.90783,0.00228,0.00000
13.85600,0.12794,0.02970,0.03619,0.00880,0.00000,0.00003,0.00003,0.92439,0.00086,0.00000
13.88800,0.12794,0.02209,0.02499,0.00547,0.00000,0.00002,0.00001,0.94727,0.00015,0.00000
13.92000,0.12794,0.01730,0.01669,0.00397,0.00000,0.00001,0.00001,0.96194,0.00008,0.00000
13.95200,0.12794,0.01440,0.01267,0.00437,0.00000,0.00001,0.00001,0.96846,0.00009,0.00000
13.98400,0.12794,0.01238,0.01327,0.00512,0.00000,0.00001,0.00001,0.96913,0.00009,0.00000
14.01600,0.12794,0.01025,0.00984,0.00374,0.00000,0.00000,0.00000,0.97610,0.00006,0.00000
14.04800,0.12794,0.00845,0.00617,0.00200,0.00000,0.00000,0.00000,0.98335,0.00002,0.00000
14.08000,0.12794,0.00937,0.00802,0.00165,0.00000,0.00000,0.00000,0.98095,0.00001,0.00000
14.11200,0.12794,0.00978,0.00690,0.00120,0.00000,0.00000,0.00000,0.98211,0.00001,0.00000
14.14400,0.12794,0.01082,0.00759,0.00114,0.00000,0.00000,0.00000,0.98045,0.00001,0.00000
14.17600,0.12794,0.01215,0.00855,0.00121,0.00000,0.00000,0.00000,0.97808,0.00001,0.00000
14.20800,0.12794,0.01210,0.00612,0.00085,0.00000,0.00000,0.00000,0.98092,0.00000,0.00000
14.24000,0.12794,0.01096,0.00400,0.00065,0.00000,0.00000,0.00000,0.98438,0.00000,0.00000
14.27200,0.12794,0.01355,0.00569,0.00054,0.00000,0.00000,0.00000,0.98022,0.00000,0.00000
14.30400,0.12794,0.01530,0.00670,0.00039,0.00000,0.00000,0.00000,0.97760,0.00000,0.00001
14.33600,0.12794,0.01576,0.00521,0.00054,0.00000,0.00000,0.00000,0.97848,0.00000,0.00000
14.36800,0.12794,0.01730,0.00554,0.00077,0.00000,0.00000,0.00000,0.97637,0.00000,0.00000
14.40000,0.12794,0.01527,0.00317,0.00145,0.00000,0.00000,0.00000,0.98010,0.00000,0.00000
14.43200,0.12794,0.01426,0.00266,0.00327,0.00000,0.00000,0.00000,0.97980,0.00000,0.00000
14.46400,0.12794,0.01542,0.00410,0.00594,0.00000,0.00000,0.00000,0.97453,0.00000,0.00000
14.49600,0.12794,0.01404,0.00323,0.00627,0.00000,0.00000,0.00000,0.97646,0.00000,0.00000
14.52800,0.12794,0.01201,0.00217,0.00493,0.00000,0.00000,0.00000,0.98089,0.00000,0.00000
14.56000,0.12794,0.01098,0.00165,0.00393,0.00000,0.00000,0.00000,0.98343,0.00000,0.00000
14.59200,0.12794,0.00933,0.00112,0.00337,0.00000,0.00000,0.00000,0.98617,0.00000,0.00000
14.62400,0.12794,0.00877,0.00115,0.00309,0.00000,0.00000,0.00000,0.98698,0.00000,0.00000
14.65600,0.12794,0.00804,0.00094,0.00302,0.00000,0.00000,0.00000,0.98799,0.00001,0.00000
14.68800,0.12794,0.00770,0.00066,0.00218,0.00000,0.00000,0.00000,0.98945,0.00001,0.00000
14.72000,0.12794,0.00760,0.00057,0.00131,0.00000,0.00000,0.00000,0.99050,0.00000,0.00000
14.75200,0.12794,0.00839,0.00074,0.00167,0.00000,0.00000,0.00000,0.98919,0.00000,0.00000
14.78400,0.12794,0.01046,0.00186,0.00151,0.00000,0.00000,0.00000,0.98617,0.00000,0.00000
14.81600,0.12794,0.01240,0.00505,0.00214,0.00000,0.00000,0.00000,0.98040,0.00000,0.00000
14.84800,0.12794,0.01692,0.01323,0.00359,0.00000,0.00000,0.00000,0.96622,0.00003,0.00000
14.88000,0.12794,0.01535,0.00853,0.00135,0.00000,0.00000,0.00000,0.97470,0.00006,0.00000
14.91200,0.12794,0.01453,0.00377,0.00073,0.00000,0.00000,0.00000,0.98087,0.00010,0.00000
14.94400,0.12794,0.01244,0.00098,0.00022,0.00000,0.00000,0.00000,0.98627,0.00008,0.00000
14.97600,0.12794,0.01004,0.00026,0.00006,0.00000,0.00000,0.00000,0.98962,0.00002,0.00000
15.00800,0.12794,0.00801,0.00009,0.00005,0.00000,0.00000,0.00000,0.99182,0.00002,0.00000
15.04000,0.12794,0.00985,0.00009,0.00006,0.00000,0.00000,0.00000,0.98996,0.00004,0.00000
15.07200,0.12794,0.01043,0.00010,0.00007,0.00000,0.00000,0.00000,0.98934,0.00007,0.00000
15.10400,0.12794,0.00588,0.00004,0.00004,0.00000,0.00000,0.00000,0.99396,0.00009,0.00000
15.13600,0.12794,0.00438,0.00004,0.00003,0.00000,0.00000,0.00000,0.99546,0.00009,0.00000
15.16800,0.12794,0.00190,0.00002,0.00001,0.00000,0.00000,0.00000,0.99802,0.00005,0.00000
15.20000,0.12794,0.00108,0.00001,0.00001,0.00000,0.00000,0.00000,0.99886,0.00004,0.00000
15.23200,0.12794,0.00139,0.00001,0.00002,0.00000,0.00000,0.00000,0.99849,0.00009,0.00000
15.26400,0.12794,0.00155,0.00002,0.00003,0.00000,0.00000,0.00000,0.99830,0.00010,0.00000
15.29600,0.12794,0.00236,0.00005,0.00007,0.00000,0.00000,0.00000,0.99732,0.00021,0.00000
15.32800,0.12794,0.00219,0.00004,0.00008,0.00000,0.00000,0.00000,0.99737,0.00032,0.00000
15.36000,0.12794,0.00126,0.00002,0.00004,0.00000,0.00000,0.00000,0.99851,0.00017,0.00000
15.39200,0.12794,0.00164,0.00003,0.00009,0.00000,0.00000,0.00000,0.99808,0.00016,0.00000
15.42400,0.12794,0.00230,0.00006,0.00015,0.00000,0.00000,0.00000,0.99730,0.00019,0.00000
15.45600,0.12794,0.00291,0.00016,0.00016,0.00000,0.00000,0.00000,0.99670,0.00008,0.00000
15.48800,0.12794,0.00331,0.00034,0.00019,0.00000,0.00000,0.00000,0.99613,0.00003,0.00000
15.52000,0.12794,0.00259,0.00029,0.00009,0.00000,0.00000,0.00000,0.99701,0.00002,0.00000
15.55200,0.12794,0.00187,0.00023,0.00004,0.00000,0.00000,0.00000,0.99786,0.00001,0.00000
15.58400,0.12794,0.00171,0.00024,0.00004,0.00000,0.00000,0.00000,0.99800,0.00001,0.00000
15.61600,0.12794,0.00159,0.00016,0.00005,0.00000,0.00000,0.00000,0.99818,0.00003,0.00000
15.64800,0.12794,0.00095,0.00004,0.00003,0.00000,0.00000,0.00000,0.99894,0.00004,0.00000
15.68000,0.12794,0.00062,0.00001,0.00002,0.00000,0.00000,0.00000,0.99925,0.00011,0.00000
15.71200,0.12794,0.00070,0.00001,0.00003,0.00000,0.00000,0.00000,0.99912,0.00015,0.00000
15.74400,0.12794,0.00084,0.00002,0.00003,0.00000,0.00000,0.00000,0.99898,0.00014,0.00000
15.77600,0.12794,0.00116,0.00005,0.00002,0.00000,0.00000,0.00000,0.99869,0.00007,0.00000
15.80800,0.12794,0.00148,0.00010,0.00002,0.00000,0.00000,0.00000,0.99833,0.00007,0.00000
15.84000,0.12794,0.00142,0.00006,0.00001,0.00000,0.00000,0.00000,0.99846,0.00005,0.00000
15.87200,0.12794,0.00167,0.00007,0.00001,0.00000,0.00000,0.00000,0.99822,0.00002,0.00000
15.90400,0.12794,0.00270,0.00016,0.00002,0.00000,0.00000,0.00000,0.99709,0.00003,0.00000
15.93600,0.12794,0.00323,0.00026,0.00003,0.00000,0.00000,0.00000,0.99646,0.00003,0.00000
15.96800,0.12794,0.00352,0.00052,0.00003,0.00000,0.00000,0.00000,0.99591,0.00002,0.00000
16.00000,0.12794,0.00416,0.00103,0.00005,0.00000,0.00000,0.00000,0.99475,0.00002,0.00000
16.03200,0.12794,0.00260,0.00045,0.00003,0.00000,0.00000,0.00000,0.99691,0.00001,0.00000
16.06400,0.12794,0.00209,0.00018,0.00002,0.00000,0.00000,0.00000,0.99771,0.00001,0.00000
16.09600,0.12794,0.00183,0.00007,0.00002,0.00000,0.00000,0.00000,0.99807,0.00001,0.00000
16.12800,0.12794,0.00189,0.00006,0.00002,0.00000,0.00000,0.00000,0.99802,0.00002,0.00000
16.16000,0.12794,0.00205,0.00005,0.00002,0.00000,0.00000,0.00000,0.99785,0.00003,0.00000
16.19200,0.12794,0.00250,0.00008,0.00003,0.00000,0.00000,0.00000,0.99733,0.00006,0.00000
16.22400,0.12794,0.00292,0.00013,0.00003,0.00000,0.00000,0.00000,0.99688,0.00004,0.00000
16.25600,0.12794,0.00481,0.00046,0.00006,0.00000,0.00000,0.00000,0.99457,0.00010,0.00000
16.28800,0.12794,0.00555,0.00074,0.00006,0.00000,0.00000,0.00000,0.99358,0.00006,0.00000
16.32000,0.12794,0.00642,0.00143,0.00006,0.00000,0.00000,0.00000,0.99207,0.00002,0.00000
16.35200,0.12794,0.00452,0.00102,0.00005,0.00000,0.00000,0.00000,0.99438,0.00002,0.00000
16.38400,0.12794,0.00254,0.00033,0.00003,0.00000,0.00000,0.00000,0.99708,0.00001,0.00000
16.41600,0.12794,0.00153,0.00009,0.00002,0.00000,0.00000,0.00000,0.99835,0.00001,0.00000
16.44800,0.12794,0.00156,0.00010,0.00004,0.00000,0.00000,0.00000,0.99820,0.00010,0.00000
16.48000,0.12794,0.00185,0.00016,0.00006,0.00000,0.00000,0.00000,0.99776,0.00017,0.00000
16.51200,0.12794,0.00146,0.00008,0.00005,0.00000,0.00000,0.00000,0.99826,0.00015,0.00000
16.54400,0.12794,0.00148,0.00010,0.00007,0.00000,0.00000,0.00000,0.99820,0.00014,0.00000
16.57600,0.12794,0.00068,0.00002,0.00003,0.00000,0.00000,0.00000,0.99924,0.00004,0.00000
16.60800,0.12794,0.00053,0.00001,0.00001,0.00000,0.00000,0.00000,0.99942,0.00002,0.00000
16.64000,0.12794,0.00108,0.00006,0.00004,0.00000,0.00000,0.00000,0.99879,0.00002,0.00000
16.67200,0.12794,0.00165,0.00023,0.00007,0.00000,0.00000,0.00000,0.99801,0.00003,0.00000
16.70400,0.12794,0.00327,0.00098,0.00016,0.00000,0.00000,0.00000,0.99556,0.00003,0.00000
16.73600,0.12794,0.00457,0.00127,0.00023,0.00000,0.00000,0.00000,0.99388,0.00005,0.00000
16.76800,0.12794,0.00402,0.00050,0.00023,0.00000,0.00000,0.00000,0.99517,0.00008,0.00000
16.80000,0.12794,0.00460,0.00026,0.00028,0.00000,0.00000,0.00000,0.99480,0.00007,0.00000
16.83200,0.12794,0.00474,0.00017,0.00030,0.00000,0.00000,0.00000,0.99468,0.00010,0.00000
16.86400,0.12794,0.00364,0.00008,0.00019,0.00000,0.00000,0.00000,0.99597,0.00012,0.00000
16.89600,0.12794,0.00189,0.00003,0.00006,0.00000,0.00000,0.00000,0.99791,0.00010,0.00000
16.92800,0.12794,0.00168,0.00003,0.00005,0.00000,0.00000,0.00000,0.99806,0.00017,0.00000
16.96000,0.12794,0.00160,0.00003,0.00005,0.00000,0.00000,0.00000,0.99814,0.00018,0.00000
16.99200,0.12794,0.00138,0.00003,0.00005,0.00000,0.00000,0.00000,0.99841,0.00014,0.00000
17.02400,0.12794,0.00141,0.00003,0.00005,0.00000,0.00000,0.00000,0.99844,0.00008,0.00000
17.05600,0.12794,0.00153,0.00007,0.00005,0.00000,0.00000,0.00000,0.99835,0.00001,0.00000
17.08800,0.12794,0.00073,0.00002,0.00001,0.00000,0.00000,0.00000,0.99924,0.00000,0.00000
17.12000,0.12794,0.00105,0.00005,0.00002,0.00000,0.00000,0.00000,0.99888,0.00000,0.00000
17.15200,0.12794,0.00112,0.00006,0.00002,0.00000,0.00000,0.00000,0.99881,0.00000,0.00000
17.18400,0.12794,0.00086,0.00001,0.00001,0.00000,0.00000,0.00000,0.99911,0.00001,0.00000
17.21600,0.12794,0.00134,0.00002,0.00002,0.00000,0.00000,0.00000,0.99857,0.00004,0.00000
17.24800,0.12794,0.00099,0.00001,0.00001,0.00000,0.00000,0.00000,0.99895,0.00003,0.00000
17.28000,0.12794,0.00097,0.00001,0.00001,0.00000,0.00000,0.00000,0.99896,0.00005,0.00000
17.31200,0.12794,0.00074,0.00001,0.00001,0.00000,0.00000,0.00000,0.99920,0.00004,0.00000
17.34400,0.12794,0.00080,0.00000,0.00001,0.00000,0.00000,0.00000,0.99916,0.00003,0.00000
17.37600,0.12794,0.00089,0.00000,0.00001,0.00000,0.00000,0.00000,0.99906,0.00004,0.00000
17.40800,0.12794,0.00104,0.00000,0.00001,0.00000,0.00000,0.00000,0.99890,0.00005,0.00000
17.44000,0.12794,0.00132,0.00001,0.00001,0.00000,0.00000,0.00000,0.99862,0.00004,0.00000
17.47200,0.12794,0.00208,0.00001,0.00001,0.00000,0.00000,0.00000,0.99783,0.00007,0.00000
17.50400,0.12794,0.00326,0.00002,0.00002,0.00000,0.00000,0.00000,0.99663,0.00007,0.00000
17.53600,0.12794,0.00668,0.00007,0.00004,0.00000,0.00000,0.00000,0.99314,0.00008,0.00000
17.56800,0.12794,0.00775,0.00005,0.00006,0.00000,0.00000,0.00000,0.99201,0.00012,0.00000
17.60000,0.12794,0.01168,0.00010,0.00008,0.00000,0.00000,0.00000,0.98801,0.00014,0.00000
17.63200,0.12794,0.00912,0.00005,0.00006,0.00000,0.00000,0.00000,0.99061,0.00015,0.00000
17.66400,0.12794,0.00688,0.00003,0.00005,0.00000,0.00000,0.00000,0.99295,0.00010,0.00000
17.69600,0.12794,0.00724,0.00003,0.00004,0.00000,0.00000,0.00000,0.99264,0.00005,0.00000
17.72800,0.12794,0.00648,0.00002,0.00005,0.00000,0.00000,0.00000,0.99341,0.00004,0.00000
17.76000,0.12794,0.00954,0.00006,0.00007,0.00000,0.00000,0.00000,0.99031,0.00002,0.00000
17.79200,0.12794,0.01267,0.00013,0.00008,0.00000,0.00000,0.00000,0.98710,0.00002,0.00000
17.82400,0.12794,0.01401,0.00028,0.00009,0.00000,0.00000,0.00000,0.98560,0.00002,0.00000
17.85600,0.12794,0.01404,0.00037,0.00007,0.00000,0.00000,0.00000,0.98551,0.00001,0.00000
17.88800,0.12794,0.01239,0.00028,0.00006,0.00000,0.00000,0.00000,0.98725,0.00002,0.00000
17.92000,0.12794,0.01033,0.00019,0.00004,0.00000,0.00000,0.00000,0.98941,0.00002,0.00000
17.95200,0.12794,0.00916,0.00016,0.00003,0.00000,0.00000,0.00000,0.99063,0.00002,0.00000
17.98400,0.12794,0.00851,0.00012,0.00003,0.00000,0.00000,0.00000,0.99131,0.00003,0.00000
18.01600,0.12794,0.00834,0.00012,0.00003,0.00000,0.00000,0.00000,0.99147,0.00003,0.00000
18.04800,0.12794,0.00859,0.00015,0.00004,0.00000,0.00000,0.00000,0.99120,0.00002,0.00000
18.08000,0.12794,0.00804,0.00012,0.00005,0.00000,0.00000,0.00000,0.99174,0.00004,0.00000
18.11200,0.12794,0.00733,0.00012,0.00006,0.00000,0.00000,0.00000,0.99242,0.00007,0.00000
18.14400,0.12794,0.00660,0.00014,0.00006,0.00000,0.00000,0.00000,0.99315,0.00006,0.00000
18.17600,0.12794,0.00638,0.00014,0.00006,0.00000,0.00000,0.00000,0.99336,0.00006,0.00000
18.20800,0.12794,0.00999,0.00036,0.00011,0.00000,0.00000,0.00000,0.98949,0.00005,0.00000
18.24000,0.12794,0.01255,0.00072,0.00012,0.00000,0.00000,0.00000,0.98658,0.00002,0.00000
18.27200,0.12794,0.01484,0.00122,0.00020,0.00000,0.00000,0.00000,0.98369,0.00005,0.00000
18.30400,0.12794,0.01397,0.00127,0.00026,0.00000,0.00000,0.00000,0.98441,0.00009,0.00000
18.33600,0.12794,0.00874,0.00071,0.00018,0.00000,0.00000,0.00000,0.99028,0.00008,0.00000
18.36800,0.12794,0.00815,0.00080,0.00026,0.00000,0.00000,0.00000,0.99057,0.00022,0.00000
18.40000,0.12794,0.00755,0.00098,0.00037,0.00000,0.00000,0.00000,0.99079,0.00032,0.00000
18.43200,0.12794,0.01149,0.00297,0.00124,0.00000,0.00000,0.00000,0.98325,0.00105,0.00000
18.46400,0.12794,0.01777,0.01201,0.00384,0.00000,0.00001,0.00001,0.96458,0.00178,0.00000
18.49600,0.12794,0.01947,0.01726,0.00418,0.00000,0.00001,0.00001,0.95845,0.00062,0.00000
18.52800,0.12794,0.02275,0.02533,0.00516,0.00000,0.00002,0.00002,0.94645,0.00028,0.00000
18.56000,0.12794,0.01612,0.01513,0.00237,0.00000,0.00001,0.00001,0.96632,0.00005,0.00000
18.59200,0.12794,0.01295,0.00859,0.00179,0.00000,0.00000,0.00000,0.97662,0.00004,0.00000
18.62400,0.12794,0.01159,0.00647,0.00211,0.00000,0.00000,0.00000,0.97977,0.00005,0.00000
18.65600,0.12794,0.01033,0.00687,0.00274,0.00000,0.00000,0.00000,0.97999,0.00006,0.00000
18.68800,0.12794,0.00877,0.00617,0.00248,0.00000,0.00000,0.00000,0.98253,0.00005,0.00000
18.72000,0.12794,0.00788,0.00537,0.00221,0.00000,0.00000,0.00000,0.98451,0.00003,0.00000
18.75200,0.12794,0.00892,0.00814,0.00270,0.00000,0.00000,0.00000,0.98021,0.00003,0.00000
18.78400,0.12794,0.00945,0.00824,0.00225,0.00000,0.00000,0.00000,0.98004,0.00002,0.00000
18.81600,0.12794,0.01376,0.01384,0.00271,0.00000,0.00000,0.00000,0.96964,0.00003,0.00000
18.84800,0.12794,0.01590,0.01481,0.00216,0.00000,0.00000,0.00000,0.96710,0.00002,0.00000
18.88000,0.12794,0.01673,0.01149,0.00155,0.00000,0.00000,0.00000,0.97021,0.00001,0.00000
18.91200,0.12794,0.01875,0.01088,0.00095,0.00000,0.00000,0.00000,0.96940,0.00001,0.00000
18.94400,0.12794,0.01501,0.00452,0.00173,0.00000,0.00000,0.00000,0.97873,0.00000,0.00000
18.97600,0.12794,0.01405,0.00331,0.00152,0.00000,0.00000,0.00000,0.98111,0.00000,0.00000
19.00800,0.12794,0.01306,0.00277,0.00145,0.00000,0.00000,0.00000,0.98271,0.00000,0.00000
19.04000,0.12794,0.01135,0.00142,0.00229,0.00000,0.00000,0.00000,0.98494,0.00000,0.00000
19.07200,0.12794,0.01278,0.00157,0.00138,0.00000,0.00000,0.00000,0.98427,0.00000,0.00000
19.10400,0.12794,0.01237,0.00128,0.00273,0.00000,0.00000,0.00000,0.98362,0.00000,0.00000
19.13600,0.12794,0.01309,0.00114,0.00567,0.00000,0.00000,0.00000,0.98009,0.00000,0.00000
19.16800,0.12794,0.01265,0.00131,0.00578,0.00000,0.00000,0.00000,0.98026,0.00000,0.00000
19.20000,0.12794,0.01333,0.00164,0.00618,0.00000,0.00000,0.00000,0.97885,0.00000,0.00000
19.23200,0.12794,0.01328,0.00191,0.00585,0.00000,0.00000,0.00000,0.97895,0.00000,0.00000
19.26400,0.12794,0.01914,0.00457,0.00814,0.00000,0.00001,0.00000,0.96813,0.00000,0.00000
19.29600,0.12794,0.02863,0.00980,0.01237,0.00000,0.00001,0.00001,0.94917,0.00001,0.00000
19.32800,0.12794,0.03183,0.00957,0.01289,0.00000,0.00001,0.00001,0.94567,0.00002,0.00000
19.36000,0.12794,0.08389,0.03043,0.01815,0.00000,0.00003,0.00002,0.86740,0.00007,0.00001
19.39200,0.12794,0.08767,0.02308,0.01181,0.00000,0.00002,0.00001,0.87733,0.00007,0.00001
19.42400,0.12794,0.07917,0.01884,0.00843,0.00000,0.00002,0.00001,0.89346,0.00006,0.00001
19.45600,0.12794,0.10547,0.05149,0.00737,0.00000,0.00002,0.00001,0.83553,0.00007,0.00004
19.48800,0.12794,0.06056,0.04378,0.00634,0.00000,0.00002,0.00001,0.88919,0.00007,0.00002
19.52000,0.12794,0.04354,0.04191,0.00442,0.00000,0.00002,0.00001,0.90999,0.00009,0.00002
19.55200,0.12794,0.03438,0.02236,0.00214,0.00000,0.00001,0.00001,0.94097,0.00012,0.00001
19.58400,0.12794,0.01707,0.00460,0.00069,0.00000,0.00000,0.00000,0.97757,0.00007,0.00000
19.61600,0.12794,0.01272,0.00118,0.00019,0.00000,0.00000,0.00000,0.98586,0.00004,0.00000
19.64800,0.12794,0.01245,0.00054,0.00008,0.00000,0.00000,0.00000,0.98691,0.00002,0.00000
19.68000,0.12794,0.01015,0.00025,0.00005,0.00000,0.00000,0.00000,0.98952,0.00002,0.00000
19.71200,0.12794,0.01308,0.00024,0.00007,0.00000,0.00000,0.00000,0.98655,0.00005,0.00000
19.74400,0.12794,0.01171,0.00022,0.00008,0.00000,0.00000,0.00000,0.98792,0.00008,0.00000
19.77600,0.12794,0.00909,0.00013,0.00007,0.00000,0.00000,0.00000,0.99055,0.00017,0.00000
19.80800,0.12794,0.00630,0.00009,0.00006,0.00000,0.00000,0.00000,0.99335,0.00021,0.00000
19.84000,0.12794,0.00510,0.00009,0.00005,0.00000,0.00000,0.00000,0.99463,0.00013,0.00000
19.87200,0.12794,0.00435,0.00007,0.00007,0.00000,0.00000,0.00000,0.99534,0.00017,0.00000
19.90400,0.12794,0.00347,0.00007,0.00005,0.00000,0.00000,0.00000,0.99635,0.00006,0.00000
19.93600,0.12794,0.00310,0.00005,0.00005,0.00000,0.00000,0.00000,0.99673,0.00007,0.00000
19.96800,0.12794,0.00165,0.00002,0.00003,0.00000,0.00000,0.00000,0.99822,0.00007,0.00000
20.00000,0.12794,0.00116,0.00001,0.00002,0.00000,0.00000,0.00000,0.99874,0.00007,0.00000
20.03200,0.12794,0.00089,0.00001,0.00002,0.00000,0.00000,0.00000,0.99892,0.00016,0.00000
20.06400,0.12794,0.00128,0.00002,0.00004,0.00000,0.00000,0.00000,0.99850,0.00017,0.00000
20.09600,0.12794,0.00217,0.00004,0.00009,0.00000,0.00000,0.00000,0.99750,0.00019,0.00000
20.12800,0.12794,0.00304,0.00015,0.00014,0.00000,0.00000,0.00000,0.99653,0.00014,0.00000
20.16000,0.12794,0.00373,0.00038,0.00018,0.00000,0.00000,0.00000,0.99565,0.00007,0.00000
20.19200,0.12794,0.00306,0.00050,0.00010,0.00000,0.00000,0.00000,0.99631,0.00004,0.00000
20.22400,0.12794,0.00325,0.00104,0.00007,0.00000,0.00000,0.00000,0.99562,0.00002,0.00000
20.25600,0.12794,0.00185,0.00033,0.00003,0.00000,0.00000,0.00000,0.99778,0.00001,0.00000
20.28800,0.12794,0.00103,0.00006,0.00002,0.00000,0.00000,0.00000,0.99886,0.00003,0.00000
20.32000,0.12794,0.00094,0.00002,0.00003,0.00000,0.00000,0.00000,0.99891,0.00009,0.00000
20.35200,0.12794,0.00055,0.00000,0.00002,0.00000,0.00000,0.00000,0.99927,0.00016,0.00000
20.38400,0.12794,0.00082,0.00001,0.00004,0.00000,0.00000,0.00000,0.99876,0.00038,0.00000
20.41600,0.12794,0.00118,0.00002,0.00005,0.00000,0.00000,0.00000,0.99852,0.00023,0.00000
20.44800,0.12794,0.00127,0.00005,0.00005,0.00000,0.00000,0.00000,0.99856,0.00007,0.00000
20.48000,0.12794,0.00186,0.00014,0.00006,0.00000,0.00000,0.00000,0.99784,0.00010,0.00000
20.51200,0.12794,0.00218,0.00017,0.00004,0.00000,0.00000,0.00000,0.99757,0.00005,0.00000
20.54400,0.12794,0.00257,0.00020,0.00003,0.00000,0.00000,0.00000,0.99715,0.00005,0.00000
20.57600,0.12794,0.00587,0.00092,0.00005,0.00000,0.00000,0.00000,0.99311,0.00005,0.00000
20.60800,0.12794,0.00774,0.00211,0.00007,0.00000,0.00000,0.00000,0.99005,0.00003,0.00000
20.64000,0.12794,0.00735,0.00218,0.00008,0.00000,0.00000,0.00000,0.99037,0.00002,0.00000
20.67200,0.12794,0.00694,0.00179,0.00008,0.00000,0.00000,0.00000,0.99116,0.00002,0.00000
20.70400,0.12794,0.00338,0.00035,0.00003,0.00000,0.00000,0.00000,0.99623,0.00001,0.00000
20.73600,0.12794,0.00187,0.00009,0.00002,0.00000,0.00000,0.00000,0.99801,0.00001,0.00000
20.76800,0.12794,0.00194,0.00007,0.00002,0.00000,0.00000,0.00000,0.99797,0.00001,0.00000
20.80000,0.12794,0.00255,0.00011,0.00002,0.00000,0.00000,0.00000,0.99732,0.00001,0.00000
20.83200,0.12794,0.00231,0.00011,0.00002,0.00000,0.00000,0.00000,0.99755,0.00001,0.00000
20.86400,0.12794,0.00280,0.00016,0.00002,0.00000,0.00000,0.00000,0.99701,0.00001,0.00000
20.89600,0.12794,0.00258,0.00017,0.00002,0.00000,0.00000,0.00000,0.99722,0.00001,0.00000
20.92800,0.12794,0.00213,0.00011,0.00002,0.00000,0.00000,0.00000,0.99774,0.00001,0.00000
20.96000,0.12794,0.00210,0.00008,0.00002,0.00000,0.00000,0.00000,0.99779,0.00001,0.00000
20.99200,0.12794,0.00180,0.00006,0.00002,0.00000,0.00000,0.00000,0.99811,0.00001,0.00000
21.02400,0.12794,0.00235,0.00013,0.00002,0.00000,0.00000,0.00000,0.99748,0.00002,0.00000
21.05600,0.12794,0.00279,0.00030,0.00003,0.00000,0.00000,0.00000,0.99685,0.00004,0.00000
21.08800,0.12794,0.00264,0.00025,0.00003,0.00000,0.00000,0.00000,0.99705,0.00003,0.00000
21.12000,0.12794,0.00228,0.00035,0.00004,0.00000,0.00000,0.00000,0.99731,0.00003,0.00000
21.15200,0.12794,0.00150,0.00012,0.00003,0.00000,0.00000,0.00000,0.99832,0.00003,0.00000
21.18400,0.12794,0.00090,0.00002,0.00002,0.00000,0.00000,0.00000,0.99902,0.00004,0.00000
21.21600,0.12794,0.00091,0.00002,0.00003,0.00000,0.00000,0.00000,0.99897,0.00008,0.00000
21.24800,0.12794,0.00067,0.00001,0.00002,0.00000,0.00000,0.00000,0.99921,0.00010,0.00000
21.28000,0.12794,0.00077,0.00001,0.00002,0.00000,0.00000,0.00000,0.99915,0.00005,0.00000
21.31200,0.12794,0.00144,0.00008,0.00005,0.00000,0.00000,0.00000,0.99839,0.00004,0.00000
21.34400,0.12794,0.00154,0.00017,0.00005,0.00000,0.00000,0.00000,0.99822,0.00002,0.00000
21.37600,0.12794,0.00230,0.00040,0.00007,0.00000,0.00000,0.00000,0.99721,0.00002,0.00000
21.40800,0.12794,0.00324,0.00069,0.00017,0.00000,0.00000,0.00000,0.99585,0.00005,0.00000
21.44000,0.12794,0.00406,0.00070,0.00031,0.00000,0.00000,0.00000,0.99485,0.00008,0.00000
21.47200,0.12794,0.00536,0.00046,0.00051,0.00000,0.00000,0.00000,0.99347,0.00020,0.00000
21.50400,0.12794,0.00490,0.00019,0.00041,0.00000,0.00000,0.00000,0.99426,0.00025,0.00000
21.53600,0.12794,0.00212,0.00003,0.00011,0.00000,0.00000,0.00000,0.99758,0.00017,0.00000
21.56800,0.12794,0.00091,0.00001,0.00002,0.00000,0.00000,0.00000,0.99899,0.00007,0.00000
21.60000,0.12794,0.00070,0.00001,0.00002,0.00000,0.00000,0.00000,0.99923,0.00005,0.00000
21.63200,0.12794,0.00066,0.00001,0.00002,0.00000,0.00000,0.00000,0.99926,0.00005,0.00000
21.66400,0.12794,0.00095,0.00002,0.00003,0.00000,0.00000,0.00000,0.99896,0.00004,0.00000
21.69600,0.12794,0.00107,0.00004,0.00006,0.00000,0.00000,0.00000,0.99877,0.00006,0.00000
21.72800,0.12794,0.00117,0.00003,0.00007,0.00000,0.00000,0.00000,0.99865,0.00008,0.00000
21.76000,0.12794,0.00131,0.00005,0.00012,0.00000,0.00000,0.00000,0.99845,0.00008,0.00000
21.79200,0.12794,0.00106,0.00004,0.00007,0.00000,0.00000,0.00000,0.99878,0.00005,0.00000
21.82400,0.12794,0.00124,0.00004,0.00004,0.00000,0.00000,0.00000,0.99866,0.00002,0.00000
21.85600,0.12794,0.00111,0.00003,0.00002,0.00000,0.00000,0.00000,0.99883,0.00001,0.00000
21.88800,0.12794,0.00200,0.00004,0.00002,0.00000,0.00000,0.00000,0.99793,0.00001,0.00000
21.92000,0.12794,0.00215,0.00004,0.00002,0.00000,0.00000,0.00000,0.99777,0.00003,0.00000
21.95200,0.12794,0.00290,0.00004,0.00002,0.00000,0.00000,0.00000,0.99699,0.00005,0.00000
21.98400,0.12794,0.00418,0.00008,0.00003,0.00000,0.00000,0.00000,0.99565,0.00007,0.00000
22.01600,0.12794,0.00277,0.00004,0.00001,0.00000,0.00000,0.00000,0.99713,0.00004,0.00000
22.04800,0.12794,0.00330,0.00005,0.00002,0.00000,0.00000,0.00000,0.99659,0.00004,0.00000
22.08000,0.12794,0.00550,0.00013,0.00003,0.00000,0.00000,0.00000,0.99424,0.00010,0.00000
22.11200,0.12794,0.00435,0.00007,0.00003,0.00000,0.00000,0.00000,0.99543,0.00012,0.00000
22.14400,0.12794,0.00475,0.00005,0.00003,0.00000,0.00000,0.00000,0.99499,0.00018,0.00000
22.17600,0.12794,0.00814,0.00007,0.00005,0.00000,0.00000,0.00000,0.99154,0.00020,0.00000
22.20800,0.12794,0.00703,0.00004,0.00004,0.00000,0.00000,0.00000,0.99277,0.00011,0.00000
22.24000,0.12794,0.00905,0.00007,0.00005,0.00000,0.00000,0.00000,0.99067,0.00016,0.00000
22.27200,0.12794,0.01124,0.00010,0.00007,0.00000,0.00000,0.00000,0.98846,0.00014,0.00000
22.30400,0.12794,0.00685,0.00006,0.00005,0.00000,0.00000,0.00000,0.99292,0.00012,0.00000
22.33600,0.12794,0.00588,0.00004,0.00004,0.00000,0.00000,0.00000,0.99392,0.00013,0.00000
22.36800,0.12794,0.00496,0.00003,0.00004,0.00000,0.00000,0.00000,0.99488,0.00009,0.00000
22.40000,0.12794,0.00502,0.00004,0.00004,0.00000,0.00000,0.00000,0.99483,0.00006,0.00000
22.43200,0.12794,0.00497,0.00005,0.00004,0.00000,0.00000,0.00000,0.99490,0.00004,0.00000
22.46400,0.12794,0.00713,0.00009,0.00005,0.00000,0.00000,0.00000,0.99270,0.00003,0.00000
22.49600,0.12794,0.00620,0.00007,0.00004,0.00000,0.00000,0.00000,0.99365,0.00004,0.00000
22.52800,0.12794,0.00630,0.00007,0.00004,0.00000,0.00000,0.00000,0.99354,0.00005,0.00000
22.56000,0.12794,0.00780,0.00012,0.00004,0.00000,0.00000,0.00000,0.99199,0.00005,0.00000
22.59200,0.12794,0.00789,0.00011,0.00004,0.00000,0.00000,0.00000,0.99187,0.00009,0.00000
22.62400,0.12794,0.00811,0.00009,0.00004,0.00000,0.00000,0.00000,0.99167,0.00009,0.00000
22.65600,0.12794,0.00844,0.00011,0.00004,0.00000,0.00000,0.00000,0.99132,0.00009,0.00000
22.68800,0.12794,0.00791,0.00011,0.00004,0.00000,0.00000,0.00000,0.99183,0.00010,0.00000
22.72000,0.12794,0.00714,0.00014,0.00004,0.00000,0.00000,0.00000,0.99260,0.00007,0.00000
22.75200,0.12794,0.01083,0.00044,0.00009,0.00000,0.00000,0.00000,0.98850,0.00013,0.00000
22.78400,0.12794,0.01581,0.00125,0.00016,0.00000,0.00000,0.00000,0.98260,0.00018,0.00000
22.81600,0.12794,0.02067,0.00242,0.00026,0.00000,0.00000,0.00000,0.97634,0.00031,0.00000
22.84800,0.12794,0.02309,0.00296,0.00036,0.00000,0.00000,0.00000,0.97309,0.00050,0.00000
22.88000,0.12794,0.01939,0.00224,0.00035,0.00000,0.00000,0.00000,0.97756,0.00045,0.00000
22.91200,0.12794,0.02402,0.00283,0.00064,0.00000,0.00000,0.00000,0.97172,0.00077,0.00000
22.94400,0.12794,0.02121,0.00310,0.00079,0.00000,0.00000,0.00000,0.97395,0.00093,0.00000
22.97600,0.12794,0.02246,0.00483,0.00126,0.00000,0.00001,0.00001,0.96977,0.00167,0.00000
23.00800,0.12794,0.02986,0.01262,0.00223,0.00000,0.00001,0.00001,0.95383,0.00143,0.00000
23.04000,0.12794,0.03346,0.02444,0.00427,0.00000,0.00002,0.00002,0.93469,0.00310,0.00000
23.07200,0.12794,0.04362,0.05965,0.00749,0.00000,0.00004,0.00003,0.88468,0.00449,0.00000
23.10400,0.12794,0.06751,0.21151,0.02629,0.00002,0.00013,0.00006,0.68361,0.01086,0.00001
23.13600,0.12794,0.06251,0.49863,0.06961,0.00005,0.00024,0.00010,0.34011,0.02873,0.00001
23.16800,0.12794,0.03961,0.71028,0.05690,0.00006,0.00018,0.00009,0.18249,0.01039,0.00001
23.20000,0.12794,0.03072,0.77538,0.05529,0.00007,0.00016,0.00009,0.13287,0.00540,0.00002
23.23200,0.12794,0.02615,0.79552,0.03322,0.00005,0.00010,0.00008,0.14351,0.00133,0.00003
23.26400,0.12794,0.02462,0.81265,0.02439,0.00006,0.00009,0.00008,0.13754,0.00050,0.00007
23.29600,0.12794,0.03038,0.77244,0.02355,0.00005,0.00008,0.00008,0.17299,0.00031,0.00011
23.32800,0.12794,0.03552,0.64886,0.02210,0.00003,0.00006,0.00007,0.29311,0.00017,0.00008
23.36000,0.12794,0.03834,0.39188,0.01812,0.00001,0.00004,0.00004,0.55143,0.00010,0.00004
23.39200,0.12794,0.02356,0.10159,0.00545,0.00000,0.00001,0.00001,0.86932,0.00004,0.00001
23.42400,0.12794,0.01807,0.03942,0.00278,0.00000,0.00001,0.00001,0.93968,0.00003,0.00000
23.45600,0.12794,0.01378,0.01494,0.00146,0.00000,0.00000,0.00000,0.96979,0.00002,0.00000
23.48800,0.12794,0.01267,0.00850,0.00090,0.00000,0.00000,0.00000,0.97792,0.00001,0.00000
23.52000,0.12794,0.01175,0.00464,0.00057,0.00000,0.00000,0.00000,0.98302,0.00001,0.00000
23.55200,0.12794,0.00998,0.00318,0.00046,0.00000,0.00000,0.00000,0.98638,0.00000,0.00000
23.58400,0.12794,0.01077,0.00303,0.00069,0.00000,0.00000,0.00000,0.98550,0.00001,0.00000
23.61600,0.12794,0.01032,0.00300,0.00164,0.00000,0.00000,0.00000,0.98503,0.00001,0.00000
23.64800,0.12794,0.01155,0.00480,0.00306,0.00000,0.00000,0.00000,0.98056,0.00002,0.00000
23.68000,0.12794,0.01188,0.00421,0.00426,0.00000,0.00000,0.00000,0.97963,0.00001,0.00000
23.71200,0.12794,0.01406,0.00644,0.00627,0.00000,0.00000,0.00001,0.97322,0.00001,0.00000
23.74400,0.12794,0.01645,0.00871,0.00663,0.00000,0.00001,0.00001,0.96818,0.00001,0.00000
23.77600,0.12794,0.01894,0.01148,0.01036,0.00000,0.00001,0.00001,0.95919,0.00001,0.00000
23.80800,0.12794,0.02484,0.03600,0.02458,0.00000,0.00003,0.00003,0.91451,0.00002,0.00000
23.84000,0.12794,0.02738,0.04383,0.03553,0.00000,0.00004,0.00004,0.89317,0.00002,0.00000
23.87200,0.12794,0.03026,0.06023,0.04800,0.00000,0.00005,0.00004,0.86140,0.00002,0.00000
23.90400,0.12794,0.03136,0.05517,0.04508,0.00000,0.00005,0.00004,0.86828,0.00002,0.00000
23.93600,0.12794,0.03186,0.04988,0.04619,0.00000,0.00005,0.00004,0.87195,0.00002,0.00000
23.96800,0.12794,0.03769,0.07617,0.05307,0.00000,0.00007,0.00004,0.83290,0.00004,0.00001
24.00000,0.12794,0.03768,0.06459,0.04645,0.00000,0.00007,0.00004,0.85112,0.00004,0.00001
24.03200,0.12794,0.03803,0.04795,0.03754,0.00000,0.00006,0.00004,0.87633,0.00004,0.00001
24.06400,0.12794,0.03096,0.01618,0.01974,0.00000,0.00003,0.00002,0.93305,0.00002,0.00000
24.09600,0.12794,0.02169,0.00407,0.00796,0.00000,0.00001,0.00001,0.96625,0.00001,0.00000
24.12800,0.12794,0.02299,0.00404,0.00621,0.00000,0.00001,0.00001,0.96674,0.00000,0.00000
24.16000,0.12794,0.02481,0.00444,0.00412,0.00000,0.00000,0.00000,0.96662,0.00000,0.00000
24.19200,0.12794,0.02556,0.00499,0.00287,0.00000,0.00000,0.00000,0.96656,0.00000,0.00000
24.22400,0.12794,0.04657,0.01731,0.00452,0.00000,0.00001,0.00001,0.93157,0.00000,0.00000
24.25600,0.12794,0.03905,0.01129,0.00332,0.00000,0.00000,0.00001,0.94633,0.00000,0.00000
24.28800,0.12794,0.03153,0.00593,0.00274,0.00000,0.00000,0.00000,0.95978,0.00000,0.00000
24.32000,0.12794,0.02094,0.00236,0.00188,0.00000,0.00000,0.00000,0.97481,0.00000,0.00000
24.35200,0.12794,0.00885,0.00028,0.00072,0.00000,0.00000,0.00000,0.99015,0.00000,0.00000
24.38400,0.12794,0.00737,0.00012,0.00050,0.00000,0.00000,0.00000,0.99201,0.00001,0.00000
24.41600,0.12794,0.00586,0.00006,0.00030,0.00000,0.00000,0.00000,0.99378,0.00001,0.00000
24.44800,0.12794,0.00552,0.00004,0.00026,0.00000,0.00000,0.00000,0.99418,0.00001,0.00000
24.48000,0.12794,0.00498,0.00005,0.00023,0.00000,0.00000,0.00000,0.99474,0.00001,0.00000
24.51200,0.12794,0.00528,0.00010,0.00024,0.00000,0.00000,0.00000,0.99436,0.00002,0.00000
24.54400,0.12794,0.00549,0.00014,0.00023,0.00000,0.00000,0.00000,0.99411,0.00002,0.00000
24.57600,0.12794,0.00605,0.00023,0.00019,0.00000,0.00000,0.00000,0.99351,0.00002,0.00000
24.60800,0.12794,0.00641,0.00032,0.00018,0.00000,0.00000,0.00000,0.99306,0.00002,0.00000
24.64000,0.12794,0.00604,0.00015,0.00016,0.00000,0.00000,0.00000,0.99364,0.00001,0.00000
24.67200,0.12794,0.00744,0.00016,0.00028,0.00000,0.00000,0.00000,0.99209,0.00003,0.00000
24.70400,0.12794,0.01173,0.00035,0.00059,0.00000,0.00000,0.00000,0.98722,0.00011,0.00000
24.73600,0.12794,0.01662,0.00038,0.00093,0.00000,0.00000,0.00000,0.98190,0.00017,0.00000
24.76800,0.12794,0.02296,0.00051,0.00137,0.00000,0.00000,0.00000,0.97459,0.00056,0.00000
24.80000,0.12794,0.02264,0.00056,0.00114,0.00000,0.00000,0.00000,0.97518,0.00047,0.00000
24.83200,0.12794,0.01701,0.00022,0.00074,0.00000,0.00000,0.00000,0.98175,0.00027,0.00000
24.86400,0.12794,0.02354,0.00034,0.00099,0.00000,0.00000,0.00000,0.97464,0.00048,0.00000
24.89600,0.12794,0.02831,0.00069,0.00095,0.00000,0.00000,0.00000,0.96991,0.00015,0.00000
24.92800,0.12794,0.05502,0.00165,0.00164,0.00000,0.00000,0.00001,0.94150,0.00018,0.00000
24.96000,0.12794,0.07291,0.00166,0.00188,0.00000,0.00000,0.00001,0.92343,0.00011,0.00000
24.99200,0.12794,0.05582,0.00152,0.00124,0.00000,0.00000,0.00001,0.94137,0.00004,0.00000
25.02400,0.12794,0.20389,0.00391,0.00358,0.00000,0.00001,0.00004,0.78834,0.00021,0.00002
25.05600,0.12794,0.65278,0.00779,0.00821,0.00003,0.00005,0.00033,0.32976,0.00100,0.00006
25.08800,0.12794,0.96153,0.00788,0.00583,0.00062,0.00009,0.00201,0.02067,0.00102,0.00035
25.12000,0.12794,0.98573,0.00203,0.00235,0.00276,0.00008,0.00505,0.00095,0.00041,0.00064
25.15200,0.12794,0.98949,0.00044,0.00112,0.00269,0.00005,0.00548,0.00017,0.00015,0.00043
25.18400,0.12794,0.99277,0.00021,0.00054,0.00152,0.00002,0.00431,0.00010,0.00004,0.00047
25.21600,0.12794,0.99425,0.00016,0.00041,0.00094,0.00001,0.00370,0.00011,0.00003,0.00039
25.24800,0.12794,0.99477,0.00014,0.00032,0.00091,0.00001,0.00339,0.00009,0.00002,0.00035
25.28000,0.12794,0.99241,0.00015,0.00028,0.00164,0.00001,0.00482,0.00009,0.00001,0.00059
25.31200,0.12794,0.99315,0.00023,0.00040,0.00152,0.00001,0.00425,0.00011,0.00003,0.00030
25.34400,0.12794,0.99480,0.00034,0.00049,0.00106,0.00001,0.00294,0.00013,0.00006,0.00018
25.37600,0.12794,0.99442,0.00051,0.00076,0.00130,0.00003,0.00249,0.00013,0.00012,0.00024
25.40800,0.12794,0.99616,0.00083,0.00096,0.00046,0.00002,0.00108,0.00015,0.00026,0.00009
25.44000,0.12794,0.99728,0.00073,0.00059,0.00034,0.00001,0.00072,0.00009,0.00011,0.00011
25.47200,0.12794,0.99689,0.00109,0.00066,0.00039,0.00001,0.00059,0.00009,0.00014,0.00014
25.50400,0.12794,0.99614,0.00132,0.00092,0.00042,0.00002,0.00063,0.00016,0.00022,0.00017
25.53600,0.12794,0.99481,0.00181,0.00130,0.00049,0.00004,0.00060,0.00026,0.00038,0.00032
25.56800,0.12794,0.99209,0.00207,0.00242,0.00079,0.00009,0.00078,0.00035,0.00096,0.00044
25.60000,0.12794,0.99192,0.00171,0.00284,0.00047,0.00008,0.00066,0.00069,0.00110,0.00053
25.63200,0.12794,0.99280,0.00147,0.00246,0.00044,0.00007,0.00077,0.00067,0.00086,0.00046
25.66400,0.12794,0.99079,0.00144,0.00322,0.00066,0.00008,0.00132,0.00093,0.00096,0.00059
25.69600,0.12794,0.98871,0.00186,0.00325,0.00090,0.00008,0.00205,0.00150,0.00074,0.00092
25.72800,0.12794,0.99073,0.00166,0.00264,0.00050,0.00009,0.00124,0.00125,0.00065,0.00123
25.76000,0.12794,0.98982,0.00227,0.00229,0.00040,0.00009,0.00097,0.00158,0.00051,0.00206
25.79200,0.12794,0.99252,0.00180,0.00155,0.00033,0.00006,0.00087,0.00093,0.00030,0.00164
25.82400,0.12794,0.99454,0.00103,0.00098,0.00043,0.00004,0.00110,0.00050,0.00016,0.00121
25.85600,0.12794,0.99348,0.00088,0.00069,0.00105,0.00002,0.00261,0.00033,0.00008,0.00086
25.88800,0.12794,0.99449,0.00044,0.00050,0.00104,0.00001,0.00299,0.00017,0.00006,0.00029
25.92000,0.12794,0.99394,0.00034,0.00032,0.00131,0.00001,0.00355,0.00015,0.00003,0.00036
25.95200,0.12794,0.99324,0.00064,0.00056,0.00132,0.00001,0.00348,0.00032,0.00007,0.00036
25.98400,0.12794,0.98905,0.00064,0.00067,0.00291,0.00002,0.00587,0.00031,0.00009,0.00043
26.01600,0.12794,0.99068,0.00067,0.00065,0.00246,0.00002,0.00474,0.00029,0.00009,0.00040
26.04800,0.12794,0.98890,0.00259,0.00134,0.00215,0.00004,0.00346,0.00082,0.00025,0.00046
26.08000,0.12794,0.98196,0.00541,0.00178,0.00400,0.00007,0.00408,0.00112,0.00028,0.00129
26.11200,0.12794,0.95367,0.02344,0.00536,0.00600,0.00026,0.00424,0.00311,0.00141,0.00252
26.14400,0.12794,0.88456,0.07487,0.00896,0.01243,0.00056,0.00457,0.00531,0.00275,0.00599
26.17600,0.12794,0.88840,0.05673,0.00983,0.02290,0.00079,0.00752,0.00371,0.00330,0.00682
26.20800,0.12794,0.90602,0.05121,0.00776,0.01782,0.00055,0.00715,0.00312,0.00277,0.00361
26.24000,0.12794,0.95147,0.02323,0.00275,0.01263,0.00018,0.00538,0.00116,0.00065,0.00255
26.27200,0.12794,0.96983,0.00820,0.00203,0.01011,0.00011,0.00712,0.00082,0.00040,0.00138
26.30400,0.12794,0.97512,0.00423,0.00136,0.00945,0.00006,0.00799,0.00056,0.00022,0.00101
26.33600,0.12794,0.98930,0.00123,0.00059,0.00402,0.00002,0.00417,0.00014,0.00008,0.00044
26.36800,0.12794,0.98879,0.00035,0.00039,0.00409,0.00001,0.00594,0.00008,0.00004,0.00032
26.40000,0.12794,0.98605,0.00024,0.00028,0.00524,0.00001,0.00769,0.00006,0.00002,0.00041
26.43200,0.12794,0.99278,0.00009,0.00014,0.00220,0.00000,0.00452,0.00003,0.00001,0.00022
26.46400,0.12794,0.98933,0.00009,0.00016,0.00317,0.00000,0.00695,0.00003,0.00001,0.00025
26.49600,0.12794,0.98974,0.00024,0.00032,0.00301,0.00001,0.00641,0.00007,0.00003,0.00018
26.52800,0.12794,0.99046,0.00037,0.00040,0.00272,0.00001,0.00571,0.00010,0.00004,0.00019
26.56000,0.12794,0.97963,0.00164,0.00121,0.00714,0.00004,0.00943,0.00032,0.00019,0.00041
26.59200,0.12794,0.97356,0.00292,0.00179,0.00967,0.00006,0.01060,0.00047,0.00033,0.00060
26.62400,0.12794,0.97263,0.00248,0.00132,0.01066,0.00005,0.01131,0.00046,0.00020,0.00088
26.65600,0.12794,0.97316,0.00174,0.00121,0.01062,0.00004,0.01185,0.00036,0.00016,0.00087
26.68800,0.12794,0.98087,0.00050,0.00061,0.00684,0.00002,0.01041,0.00016,0.00006,0.00053
26.72000,0.12794,0.98014,0.00019,0.00035,0.00669,0.00001,0.01201,0.00009,0.00002,0.00050
26.75200,0.12794,0.97645,0.00018,0.00051,0.00697,0.00001,0.01543,0.00011,0.00004,0.00030
26.78400,0.12794,0.97961,0.00012,0.00039,0.00531,0.00001,0.01424,0.00008,0.00003,0.00021
26.81600,0.12794,0.98003,0.00015,0.00035,0.00541,0.00001,0.01366,0.00009,0.00002,0.00028
26.84800,0.12794,0.97583,0.00018,0.00052,0.00653,0.00001,0.01651,0.00012,0.00004,0.00025
26.88000,0.12794,0.97445,0.00012,0.00034,0.00703,0.00001,0.01761,0.00008,0.00002,0.00035
26.91200,0.12794,0.97360,0.00011,0.00042,0.00710,0.00001,0.01834,0.00009,0.00003,0.00030
26.94400,0.12794,0.97852,0.00004,0.00025,0.00487,0.00000,0.01608,0.00003,0.00001,0.00018
26.97600,0.12794,0.98417,0.00002,0.00013,0.00340,0.00000,0.01208,0.00002,0.00000,0.00017
27.00800,0.12794,0.99075,0.00002,0.00012,0.00166,0.00000,0.00733,0.00001,0.00000,0.00011
27.04000,0.12794,0.99373,0.00001,0.00008,0.00107,0.00000,0.00499,0.00001,0.00000,0.00010
27.07200,0.12794,0.99582,0.00003,0.00011,0.00067,0.00000,0.00327,0.00002,0.00001,0.00008
27.10400,0.12794,0.99650,0.00007,0.00016,0.00075,0.00000,0.00239,0.00002,0.00001,0.00009
27.13600,0.12794,0.99594,0.00026,0.00028,0.00115,0.00001,0.00217,0.00004,0.00003,0.00014
27.16800,0.12794,0.99381,0.00070,0.00050,0.00196,0.00001,0.00263,0.00008,0.00006,0.00025
27.20000,0.12794,0.99140,0.00175,0.00085,0.00240,0.00002,0.00286,0.00017,0.00013,0.00042
27.23200,0.12794,0.99087,0.00288,0.00112,0.00174,0.00003,0.00229,0.00032,0.00020,0.00055
27.26400,0.12794,0.99162,0.00304,0.00091,0.00143,0.00003,0.00160,0.00028,0.00013,0.00097
27.29600,0.12794,0.99189,0.00383,0.00096,0.00090,0.00003,0.00092,0.00030,0.00016,0.00102
27.32800,0.12794,0.99329,0.00249,0.00067,0.00103,0.00002,0.00096,0.00020,0.00008,0.00125
27.36000,0.12794,0.99454,0.00183,0.00061,0.00091,0.00002,0.00092,0.00016,0.00008,0.00092
27.39200,0.12794,0.99599,0.00121,0.00071,0.00041,0.00002,0.00064,0.00026,0.00012,0.00064
27.42400,0.12794,0.99566,0.00104,0.00119,0.00020,0.00002,0.00044,0.00066,0.00025,0.00052
27.45600,0.12794,0.99223,0.00113,0.00234,0.00005,0.00003,0.00017,0.00269,0.00097,0.00040
27.48800,0.12794,0.99270,0.00093,0.00228,0.00006,0.00003,0.00022,0.00253,0.00082,0.00043
27.52000,0.12794,0.99554,0.00039,0.00150,0.00017,0.00002,0.00067,0.00107,0.00033,0.00031
27.55200,0.12794,0.99608,0.00029,0.00063,0.00055,0.00001,0.00172,0.00030,0.00008,0.00034
27.58400,0.12794,0.99725,0.00016,0.00036,0.00032,0.00001,0.00117,0.00023,0.00004,0.00046
27.61600,0.12794,0.99745,0.00013,0.00050,0.00007,0.00000,0.00041,0.00090,0.00008,0.00046
27.64800,0.12794,0.99604,0.00042,0.00079,0.00006,0.00001,0.00027,0.00167,0.00019,0.00056
27.68000,0.12794,0.99289,0.00084,0.00147,0.00006,0.00002,0.00023,0.00344,0.00052,0.00052
27.71200,0.12794,0.98675,0.00365,0.00347,0.00046,0.00006,0.00089,0.00292,0.00141,0.00039
27.74400,0.12794,0.97906,0.00624,0.00557,0.00062,0.00007,0.00107,0.00408,0.00303,0.00025
27.77600,0.12794,0.97614,0.00309,0.00497,0.00007,0.00005,0.00027,0.01075,0.00446,0.00021
27.80800,0.12794,0.98279,0.00081,0.00274,0.00001,0.00002,0.00006,0.01095,0.00233,0.00029
27.84000,0.12794,0.98625,0.00043,0.00192,0.00000,0.00001,0.00003,0.00945,0.00155,0.00037
27.87200,0.12794,0.99200,0.00053,0.00153,0.00001,0.00002,0.00004,0.00439,0.00088,0.00060
27.90400,0.12794,0.98742,0.00164,0.00367,0.00009,0.00007,0.00024,0.00309,0.00159,0.00221
27.93600,0.12794,0.97552,0.00547,0.00723,0.00092,0.00021,0.00092,0.00290,0.00356,0.00329
27.96800,0.12794,0.98139,0.00253,0.00567,0.00237,0.00015,0.00211,0.00132,0.00216,0.00230
28.00000,0.12794,0.98454,0.00090,0.00320,0.00428,0.00009,0.00387,0.00046,0.00073,0.00193
28.03200,0.12794,0.99106,0.00028,0.00095,0.00253,0.00003,0.00416,0.00017,0.00012,0.00070
28.06400,0.12794,0.99023,0.00012,0.00047,0.00245,0.00001,0.00636,0.00007,0.00004,0.00026
28.09600,0.12794,0.99238,0.00020,0.00043,0.00171,0.00001,0.00490,0.00010,0.00004,0.00023
28.12800,0.12794,0.99380,0.00029,0.00050,0.00119,0.00001,0.00370,0.00018,0.00005,0.00028
28.16000,0.12794,0.99276,0.00060,0.00103,0.00118,0.00003,0.00355,0.00040,0.00017,0.00027
28.19200,0.12794,0.99307,0.00148,0.00126,0.00112,0.00003,0.00197,0.00040,0.00024,0.00043
28.22400,0.12794,0.98749,0.00335,0.00201,0.00259,0.00008,0.00251,0.00048,0.00044,0.00106
28.25600,0.12794,0.97608,0.00875,0.00320,0.00580,0.00014,0.00338,0.00054,0.00100,0.00111
28.28800,0.12794,0.97353,0.00925,0.00198,0.00924,0.00011,0.00359,0.00029,0.00045,0.00157
28.32000,0.12794,0.96363,0.01104,0.00340,0.01219,0.00015,0.00680,0.00069,0.00101,0.00110
28.35200,0.12794,0.97884,0.00516,0.00196,0.00694,0.00007,0.00543,0.00046,0.00045,0.00069
28.38400,0.12794,0.98137,0.00469,0.00199,0.00536,0.00007,0.00486,0.00051,0.00042,0.00073
28.41600,0.12794,0.98264,0.00541,0.00260,0.00369,0.00008,0.00361,0.00063,0.00065,0.00069
28.44800,0.12794,0.98239,0.00522,0.00225,0.00431,0.00011,0.00327,0.00055,0.00049,0.00143
28.48000,0.12794,0.98276,0.00605,0.00321,0.00232,0.00015,0.00197,0.00096,0.00093,0.00165
28.51200,0.12794,0.98975,0.00277,0.00209,0.00071,0.00008,0.00092,0.00118,0.00054,0.00196
28.54400,0.12794,0.99128,0.00140,0.00235,0.00020,0.00006,0.00054,0.00220,0.00076,0.00122
28.57600,0.12794,0.99171,0.00094,0.00239,0.00006,0.00004,0.00027,0.00299,0.00085,0.00075
28.60800,0.12794,0.98946,0.00068,0.00286,0.00003,0.00005,0.00024,0.00481,0.00099,0.00089
28.64000,0.12794,0.99244,0.00064,0.00233,0.00006,0.00005,0.00034,0.00268,0.00069,0.00079
28.67200,0.12794,0.99326,0.00091,0.00181,0.00015,0.00005,0.00055,0.00168,0.00040,0.00118
28.70400,0.12794,0.99189,0.00124,0.00252,0.00018,0.00006,0.00057,0.00185,0.00069,0.00100
28.73600,0.12794,0.98992,0.00159,0.00338,0.00031,0.00009,0.00077,0.00191,0.00115,0.00088
28.76800,0.12794,0.98806,0.00212,0.00373,0.00072,0.00011,0.00130,0.00167,0.00114,0.00115
28.80000,0.12794,0.98508,0.00208,0.00540,0.00072,0.00014,0.00141,0.00207,0.00194,0.00117
28.83200,0.12794,0.98870,0.00170,0.00349,0.00091,0.00011,0.00163,0.00132,0.00107,0.00108
28.86400,0.12794,0.98645,0.00308,0.00276,0.00193,0.00013,0.00237,0.00092,0.00063,0.00173
28.89600,0.12794,0.99177,0.00119,0.00180,0.00121,0.00006,0.00215,0.00050,0.00033,0.00099
28.92800,0.12794,0.98698,0.00239,0.00224,0.00251,0.00009,0.00342,0.00070,0.00039,0.00127
28.96000,0.12794,0.98520,0.00290,0.00232,0.00319,0.00008,0.00412,0.00066,0.00040,0.00113
28.99200,0.12794,0.98414,0.00102,0.00106,0.00511,0.00003,0.00741,0.00030,0.00012,0.00080
29.02400,0.12794,0.97995,0.00143,0.00132,0.00647,0.00003,0.00946,0.00043,0.00017,0.00073
29.05600,0.12794,0.98589,0.00070,0.00068,0.00461,0.00002,0.00730,0.00020,0.00007,0.00054
29.08800,0.12794,0.99179,0.00067,0.00059,0.00241,0.00002,0.00375,0.00017,0.00007,0.00054
29.12000,0.12794,0.99467,0.00127,0.00143,0.00034,0.00003,0.00075,0.00069,0.00049,0.00032
29.15200,0.12794,0.99337,0.00200,0.00168,0.00019,0.00004,0.00041,0.00116,0.00080,0.00036
29.18400,0.12794,0.98936,0.00312,0.00287,0.00024,0.00008,0.00047,0.00185,0.00156,0.00045
29.21600,0.12794,0.98774,0.00269,0.00327,0.00067,0.00009,0.00131,0.00214,0.00166,0.00043
29.24800,0.12794,0.98492,0.00300,0.00178,0.00375,0.00007,0.00461,0.00073,0.00039,0.00075
29.28000,0.12794,0.98090,0.00285,0.00225,0.00506,0.00007,0.00672,0.00089,0.00046,0.00079
29.31200,0.12794,0.98711,0.00172,0.00138,0.00303,0.00004,0.00528,0.00063,0.00025,0.00054
29.34400,0.12794,0.98503,0.00194,0.00265,0.00304,0.00006,0.00513,0.00094,0.00046,0.00075
29.37600,0.12794,0.98719,0.00118,0.00510,0.00049,0.00007,0.00165,0.00230,0.00159,0.00043
29.40800,0.12794,0.98800,0.00157,0.00407,0.00020,0.00006,0.00079,0.00350,0.00137,0.00044
29.44000,0.12794,0.98742,0.00144,0.00468,0.00022,0.00007,0.00083,0.00331,0.00156,0.00045
29.47200,0.12794,0.99061,0.00114,0.00331,0.00022,0.00006,0.00081,0.00218,0.00128,0.00039
29.50400,0.12794,0.98648,0.00180,0.00349,0.00180,0.00009,0.00325,0.00133,0.00092,0.00085
29.53600,0.12794,0.98188,0.00092,0.00254,0.00548,0.00006,0.00734,0.00046,0.00052,0.00081
29.56800,0.12794,0.97423,0.00101,0.00242,0.00977,0.00007,0.01041,0.00047,0.00044,0.00119
29.60000,0.12794,0.97186,0.00168,0.00274,0.00948,0.00008,0.01178,0.00079,0.00046,0.00113
29.63200,0.12794,0.98359,0.00206,0.00268,0.00336,0.00006,0.00558,0.00131,0.00044,0.00092
29.66400,0.12794,0.98601,0.00196,0.00347,0.00191,0.00007,0.00362,0.00146,0.00066,0.00085
29.69600,0.12794,0.98787,0.00216,0.00276,0.00151,0.00006,0.00271,0.00139,0.00049,0.00105
29.72800,0.12794,0.99080,0.00144,0.00199,0.00123,0.00005,0.00223,0.00085,0.00036,0.00105
29.76000,0.12794,0.99050,0.00137,0.00128,0.00234,0.00004,0.00301,0.00034,0.00022,0.00089
29.79200,0.12794,0.99275,0.00122,0.00068,0.00195,0.00002,0.00214,0.00017,0.00009,0.00097
29.82400,0.12794,0.99471,0.00086,0.00061,0.00123,0.00002,0.00179,0.00013,0.00008,0.00058
29.85600,0.12794,0.99677,0.00041,0.00025,0.00086,0.00001,0.00122,0.00004,0.00002,0.00041
29.88800,0.12794,0.99660,0.00026,0.00019,0.00093,0.00000,0.00168,0.00004,0.00001,0.00029
29.92000,0.12794,0.99234,0.00034,0.00026,0.00254,0.00001,0.00413,0.00006,0.00002,0.00030
29.95200,0.12794,0.99224,0.00069,0.00038,0.00247,0.00001,0.00375,0.00011,0.00004,0.00033
29.98400,0.12794,0.99819,0.00029,0.00025,0.00019,0.00000,0.00068,0.00010,0.00003,0.00026
30.01600,0.12794,0.99904,0.00020,0.00019,0.00003,0.00000,0.00015,0.00008,0.00003,0.00028
30.04800,0.12794,0.99871,0.00025,0.00017,0.00002,0.00000,0.00009,0.00011,0.00002,0.00063
30.08000,0.12794,0.99700,0.00047,0.00018,0.00004,0.00000,0.00012,0.00016,0.00002,0.00201
30.11200,0.12794,0.99394,0.00228,0.00029,0.00034,0.00001,0.00033,0.00017,0.00003,0.00263
30.14400,0.12794,0.98923,0.00503,0.00040,0.00148,0.00002,0.00090,0.00023,0.00003,0.00268
30.17600,0.12794,0.99444,0.00207,0.00033,0.00112,0.00001,0.00109,0.00013,0.00002,0.00078
30.20800,0.12794,0.99667,0.00083,0.00032,0.00072,0.00001,0.00114,0.00007,0.00003,0.00021
30.24000,0.12794,0.99244,0.00105,0.00035,0.00288,0.00001,0.00273,0.00008,0.00003,0.00043
30.27200,0.12794,0.98752,0.00164,0.00024,0.00689,0.00001,0.00222,0.00004,0.00001,0.00143
30.30400,0.12794,0.97627,0.00287,0.00017,0.01519,0.00001,0.00216,0.00002,0.00001,0.00329
30.33600,0.12794,0.98033,0.00162,0.00014,0.01303,0.00001,0.00218,0.00002,0.00000,0.00268
30.36800,0.12794,0.98908,0.00064,0.00014,0.00612,0.00000,0.00253,0.00002,0.00000,0.00146
30.40000,0.12794,0.99237,0.00025,0.00024,0.00248,0.00001,0.00427,0.00005,0.00001,0.00031
30.43200,0.12794,0.99306,0.00038,0.00057,0.00142,0.00001,0.00408,0.00017,0.00007,0.00023
30.46400,0.12794,0.99162,0.00113,0.00170,0.00118,0.00005,0.00292,0.00061,0.00035,0.00044
30.49600,0.12794,0.99138,0.00211,0.00244,0.00063,0.00007,0.00120,0.00077,0.00091,0.00049
30.52800,0.12794,0.99224,0.00282,0.00191,0.00046,0.00006,0.00061,0.00058,0.00071,0.00061
30.56000,0.12794,0.99485,0.00227,0.00115,0.00026,0.00003,0.00026,0.00024,0.00042,0.00052
30.59200,0.12794,0.99691,0.00151,0.00048,0.00033,0.00001,0.00027,0.00007,0.00011,0.00031
30.62400,0.12794,0.99550,0.00137,0.00052,0.00123,0.00001,0.00087,0.00007,0.00010,0.00034
30.65600,0.12794,0.99532,0.00108,0.00043,0.00154,0.00001,0.00115,0.00006,0.00006,0.00034
30.68800,0.12794,0.99019,0.00205,0.00080,0.00348,0.00002,0.00275,0.00015,0.00013,0.00044
30.72000,0.12794,0.98865,0.00094,0.00057,0.00460,0.00002,0.00439,0.00011,0.00007,0.00065
30.75200,0.12794,0.99287,0.00069,0.00042,0.00250,0.00001,0.00292,0.00008,0.00004,0.00046
30.78400,0.12794,0.99066,0.00049,0.00038,0.00338,0.00001,0.00446,0.00008,0.00003,0.00051
30.81600,0.12794,0.99184,0.00017,0.00021,0.00282,0.00001,0.00459,0.00004,0.00001,0.00032
30.84800,0.12794,0.99304,0.00022,0.00040,0.00203,0.00001,0.00400,0.00006,0.00003,0.00021
30.88000,0.12794,0.98905,0.00060,0.00093,0.00321,0.00002,0.00554,0.00020,0.00012,0.00033
30.91200,0.12794,0.98671,0.00065,0.00108,0.00395,0.00002,0.00679,0.00026,0.00015,0.00039
30.94400,0.12794,0.98073,0.00285,0.00415,0.00351,0.00010,0.00530,0.00135,0.00144,0.00056
30.97600,0.12794,0.98653,0.00367,0.00284,0.00178,0.00008,0.00199,0.00107,0.00106,0.00098
31.00800,0.12794,0.98869,0.00431,0.00172,0.00074,0.00005,0.00078,0.00106,0.00054,0.00211
31.04000,0.12794,0.99425,0.00140,0.00048,0.00006,0.00001,0.00008,0.00025,0.00008,0.00338
31.07200,0.12794,0.99432,0.00023,0.00008,0.00001,0.00000,0.00001,0.00003,0.00000,0.00532
31.10400,0.12794,0.99305,0.00014,0.00004,0.00001,0.00000,0.00001,0.00001,0.00000,0.00674
31.13600,0.12794,0.99602,0.00013,0.00005,0.00001,0.00000,0.00001,0.00000,0.00000,0.00376
31.16800,0.12794,0.99678,0.00058,0.00018,0.00006,0.00000,0.00004,0.00001,0.00001,0.00232
31.20000,0.12794,0.99542,0.00201,0.00056,0.00027,0.00001,0.00015,0.00006,0.00009,0.00142
31.23200,0.12794,0.99085,0.00481,0.00178,0.00035,0.00004,0.00030,0.00034,0.00057,0.00096
31.26400,0.12794,0.99059,0.00552,0.00162,0.00037,0.00005,0.00030,0.00037,0.00049,0.00068
31.29600,0.12794,0.98435,0.00850,0.00270,0.00101,0.00009,0.00061,0.00070,0.00076,0.00127
31.32800,0.12794,0.97731,0.01117,0.00330,0.00303,0.00013,0.00144,0.00083,0.00075,0.00203
31.36000,0.12794,0.98084,0.00938,0.00246,0.00298,0.00011,0.00130,0.00060,0.00053,0.00180
31.39200,0.12794,0.98280,0.00749,0.00252,0.00209,0.00010,0.00145,0.00099,0.00066,0.00188
31.42400,0.12794,0.98633,0.00617,0.00192,0.00170,0.00009,0.00143,0.00074,0.00060,0.00103
31.45600,0.12794,0.98548,0.00735,0.00183,0.00150,0.00010,0.00140,0.00086,0.00062,0.00087
31.48800,0.12794,0.98017,0.00617,0.00150,0.00542,0.00006,0.00322,0.00058,0.00026,0.00262
31.52000,0.12794,0.97016,0.00684,0.00134,0.01132,0.00006,0.00424,0.00041,0.00018,0.00545
31.55200,0.12794,0.94433,0.00750,0.00121,0.02447,0.00005,0.00638,0.00042,0.00011,0.01552
31.58400,0.12794,0.95508,0.00484,0.00118,0.01770,0.00005,0.00530,0.00033,0.00009,0.01545
31.61600,0.12794,0.98265,0.00452,0.00138,0.00368,0.00006,0.00231,0.00055,0.00018,0.00467
31.64800,0.12794,0.98709,0.00285,0.00196,0.00236,0.00009,0.00231,0.00068,0.00034,0.00232
31.68000,0.12794,0.98983,0.00312,0.00242,0.00099,0.00008,0.00127,0.00072,0.00062,0.00095
31.71200,0.12794,0.98843,0.00413,0.00287,0.00075,0.00009,0.00097,0.00094,0.00118,0.00064
31.74400,0.12794,0.98480,0.00507,0.00300,0.00193,0.00009,0.00147,0.00092,0.00102,0.00170
31.77600,0.12794,0.98754,0.00477,0.00179,0.00209,0.00006,0.00128,0.00047,0.00054,0.00145
31.80800,0.12794,0.98756,0.00546,0.00128,0.00231,0.00004,0.00122,0.00036,0.00032,0.00144
31.84000,0.12794,0.99068,0.00464,0.00073,0.00131,0.00003,0.00069,0.00021,0.00015,0.00158
31.87200,0.12794,0.99145,0.00554,0.00071,0.00062,0.00003,0.00039,0.00020,0.00018,0.00087
31.90400,0.12794,0.99130,0.00587,0.00074,0.00052,0.00003,0.00035,0.00021,0.00020,0.00079
31.93600,0.12794,0.98817,0.00802,0.00096,0.00063,0.00003,0.00039,0.00032,0.00027,0.00120
31.96800,0.12794,0.98208,0.00877,0.00137,0.00301,0.00005,0.00135,0.00045,0.00030,0.00262
32.00000,0.12794,0.96518,0.01109,0.00164,0.00988,0.00006,0.00315,0.00074,0.00023,0.00803
32.03200,0.12794,0.95824,0.01039,0.00133,0.00878,0.00006,0.00269,0.00082,0.00015,0.01754
32.06400,0.12794,0.98116,0.00392,0.00100,0.00353,0.00003,0.00175,0.00047,0.00012,0.00801
32.09600,0.12794,0.99055,0.00232,0.00083,0.00097,0.00003,0.00083,0.00039,0.00010,0.00398
32.12800,0.12794,0.99472,0.00173,0.00089,0.00023,0.00002,0.00032,0.00050,0.00018,0.00140
32.16000,0.12794,0.99485,0.00191,0.00109,0.00013,0.00002,0.00022,0.00065,0.00028,0.00085
32.19200,0.12794,0.99408,0.00215,0.00126,0.00026,0.00003,0.00033,0.00056,0.00034,0.00099
32.22400,0.12794,0.99438,0.00184,0.00132,0.00041,0.00004,0.00042,0.00034,0.00038,0.00087
32.25600,0.12794,0.99485,0.00135,0.00099,0.00077,0.00003,0.00093,0.00021,0.00021,0.00066
32.28800,0.12794,0.99353,0.00114,0.00143,0.00095,0.00004,0.00137,0.00036,0.00029,0.00089
32.32000,0.12794,0.99215,0.00187,0.00176,0.00052,0.00004,0.00088,0.00090,0.00035,0.00152
32.35200,0.12794,0.99039,0.00307,0.00166,0.00047,0.00004,0.00063,0.00125,0.00032,0.00216
32.38400,0.12794,0.98804,0.00415,0.00193,0.00064,0.00005,0.00066,0.00118,0.00036,0.00299
32.41600,0.12794,0.98231,0.00803,0.00233,0.00163,0.00009,0.00123,0.00128,0.00055,0.00256
32.44800,0.12794,0.97466,0.01130,0.00274,0.00399,0.00015,0.00231,0.00122,0.00064,0.00299
32.48000,0.12794,0.96632,0.01837,0.00290,0.00528,0.00017,0.00258,0.00113,0.00073,0.00252
32.51200,0.12794,0.94848,0.02296,0.00382,0.01426,0.00029,0.00508,0.00117,0.00122,0.00271
32.54400,0.12794,0.92146,0.01969,0.00392,0.03779,0.00033,0.01052,0.00089,0.00099,0.00441
32.57600,0.12794,0.93129,0.01329,0.00290,0.03777,0.00022,0.00991,0.00046,0.00065,0.00352
32.60800,0.12794,0.89657,0.00903,0.00341,0.06345,0.00026,0.02256,0.00073,0.00079,0.00320
32.64000,0.12794,0.95147,0.00417,0.00161,0.02660,0.00008,0.01367,0.00036,0.00026,0.00178
32.67200,0.12794,0.96770,0.00242,0.00127,0.01589,0.00005,0.01127,0.00028,0.00020,0.00090
32.70400,0.12794,0.94417,0.00208,0.00145,0.03016,0.00006,0.02025,0.00033,0.00020,0.00131
32.73600,0.12794,0.94683,0.00161,0.00131,0.02974,0.00005,0.01879,0.00022,0.00016,0.00128
32.76800,0.12794,0.93071,0.00233,0.00184,0.03914,0.00009,0.02357,0.00035,0.00025,0.00172
32.80000,0.12794,0.95484,0.00207,0.00117,0.02462,0.00005,0.01531,0.00026,0.00014,0.00154
32.83200,0.12794,0.97215,0.00118,0.00078,0.01348,0.00003,0.01130,0.00018,0.00008,0.00082
32.86400,0.12794,0.97638,0.00065,0.00064,0.00946,0.00002,0.01201,0.00018,0.00006,0.00061
32.89600,0.12794,0.98308,0.00040,0.00056,0.00571,0.00001,0.00972,0.00015,0.00005,0.00031
32.92800,0.12794,0.98647,0.00049,0.00097,0.00356,0.00002,0.00780,0.00028,0.00011,0.00031
32.96000,0.12794,0.99023,0.00048,0.00081,0.00243,0.00002,0.00537,0.00023,0.00008,0.00036
32.99200,0.12794,0.99180,0.00057,0.00092,0.00204,0.00002,0.00404,0.00022,0.00012,0.00028
33.02400,0.12794,0.98606,0.00126,0.00158,0.00405,0.00004,0.00591,0.00037,0.00023,0.00048
33.05600,0.12794,0.98660,0.00254,0.00194,0.00325,0.00007,0.00407,0.00052,0.00039,0.00062
33.08800,0.12794,0.98561,0.00572,0.00249,0.00211,0.00010,0.00174,0.00052,0.00074,0.00097
33.12000,0.12794,0.98392,0.00686,0.00115,0.00080,0.00004,0.00038,0.00025,0.00023,0.00638
33.15200,0.12794,0.96323,0.00572,0.00047,0.00035,0.00001,0.00009,0.00009,0.00006,0.02997
33.18400,0.12794,0.90736,0.00479,0.00020,0.00040,0.00001,0.00006,0.00003,0.00002,0.08713
33.21600,0.12794,0.83182,0.00871,0.00020,0.00052,0.00001,0.00006,0.00007,0.00002,0.15859
33.24800,0.12794,0.87500,0.02333,0.00042,0.00094,0.00003,0.00013,0.00022,0.00006,0.09986
33.28000,0.12794,0.92805,0.02888,0.00056,0.00069,0.00004,0.00013,0.00028,0.00010,0.04126
33.31200,0.12794,0.95713,0.02411,0.00063,0.00058,0.00005,0.00012,0.00018,0.00013,0.01708
33.34400,0.12794,0.97385,0.01455,0.00072,0.00082,0.00005,0.00017,0.00011,0.00015,0.00958
33.37600,0.12794,0.97961,0.01148,0.00098,0.00168,0.00007,0.00037,0.00012,0.00023,0.00546
33.40800,0.12794,0.97233,0.01487,0.00237,0.00458,0.00018,0.00130,0.00032,0.00077,0.00328
33.44000,0.12794,0.95951,0.01643,0.00347,0.01053,0.00032,0.00391,0.00080,0.00100,0.00402
33.47200,0.12794,0.96679,0.01454,0.00384,0.00619,0.00026,0.00371,0.00120,0.00125,0.00223
33.50400,0.12794,0.97235,0.00998,0.00299,0.00656,0.00019,0.00401,0.00083,0.00078,0.00232
33.53600,0.12794,0.98014,0.00871,0.00250,0.00284,0.00013,0.00242,0.00102,0.00072,0.00152
33.56800,0.12794,0.98153,0.00936,0.00249,0.00230,0.00010,0.00173,0.00077,0.00083,0.00091
33.60000,0.12794,0.97626,0.01012,0.00243,0.00541,0.00010,0.00284,0.00068,0.00061,0.00154
33.63200,0.12794,0.97772,0.01037,0.00253,0.00397,0.00009,0.00260,0.00092,0.00073,0.00106
33.66400,0.12794,0.96595,0.01366,0.00395,0.00805,0.00018,0.00392,0.00134,0.00111,0.00185
33.69600,0.12794,0.94195,0.02175,0.01145,0.00835,0.00046,0.00470,0.00419,0.00527,0.00189
33.72800,0.12794,0.93872,0.01814,0.01528,0.00623,0.00054,0.00482,0.00680,0.00757,0.00190
33.76000,0.12794,0.90649,0.03414,0.02179,0.01267,0.00079,0.00558,0.00614,0.00894,0.00345
33.79200,0.12794,0.96505,0.01245,0.00425,0.00353,0.00007,0.00132,0.00076,0.00048,0.01208
33.82400,0.12794,0.96515,0.00093,0.00030,0.00086,0.00000,0.00028,0.00002,0.00001,0.03244
33.85600,0.12794,0.94199,0.00029,0.00009,0.00015,0.00000,0.00005,0.00000,0.00000,0.05743
33.88800,0.12794,0.88852,0.00002,0.00001,0.00001,0.00000,0.00000,0.00000,0.00000,0.11143
33.92000,0.12794,0.83785,0.00002,0.00001,0.00001,0.00000,0.00000,0.00000,0.00000,0.16212
33.95200,0.12794,0.85177,0.00002,0.00001,0.00000,0.00000,0.00000,0.00000,0.00000,0.14820
33.98400,0.12794,0.87625,0.00002,0.00001,0.00000,0.00000,0.00000,0.00000,0.00000,0.12372
34.01600,0.12794,0.85520,0.00012,0.00002,0.00001,0.00000,0.00000,0.00000,0.00000,0.14465
34.04800,0.12794,0.87541,0.00072,0.00007,0.00003,0.00000,0.00002,0.00004,0.00000,0.12369
34.08000,0.12794,0.85683,0.01087,0.00036,0.00027,0.00001,0.00013,0.00060,0.00003,0.13089
34.11200,0.12794,0.80046,0.05141,0.00127,0.00404,0.00011,0.00093,0.00206,0.00018,0.13953
34.14400,0.12794,0.92170,0.03508,0.00245,0.00859,0.00017,0.00329,0.00272,0.00045,0.02556
34.17600,0.12794,0.96685,0.00807,0.00166,0.00948,0.00008,0.00660,0.00110,0.00022,0.00595
34.20800,0.12794,0.97157,0.00112,0.00125,0.01076,0.00004,0.01370,0.00037,0.00013,0.00106
34.24000,0.12794,0.98233,0.00027,0.00058,0.00495,0.00001,0.01121,0.00016,0.00005,0.00043
34.27200,0.12794,0.97583,0.00013,0.00035,0.00717,0.00001,0.01590,0.00009,0.00002,0.00050
34.30400,0.12794,0.97973,0.00009,0.00034,0.00522,0.00001,0.01425,0.00007,0.00002,0.00027
34.33600,0.12794,0.98110,0.00005,0.00022,0.00463,0.00000,0.01374,0.00004,0.00001,0.00020
34.36800,0.12794,0.97921,0.00007,0.00026,0.00549,0.00001,0.01470,0.00005,0.00001,0.00021
34.40000,0.12794,0.99325,0.00010,0.00022,0.00181,0.00000,0.00441,0.00003,0.00001,0.00016
34.43200,0.12794,0.99374,0.00011,0.00015,0.00196,0.00000,0.00378,0.00002,0.00001,0.00023
34.46400,0.12794,0.99430,0.00014,0.00015,0.00189,0.00000,0.00325,0.00002,0.00001,0.00022
34.49600,0.12794,0.99353,0.00008,0.00011,0.00222,0.00000,0.00377,0.00002,0.00001,0.00026
34.52800,0.12794,0.98602,0.00005,0.00011,0.00432,0.00000,0.00921,0.00002,0.00000,0.00026
34.56000,0.12794,0.99727,0.00006,0.00019,0.00044,0.00000,0.00181,0.00005,0.00001,0.00016
34.59200,0.12794,0.99929,0.00004,0.00011,0.00004,0.00000,0.00028,0.00004,0.00001,0.00020
34.62400,0.12794,0.99946,0.00005,0.00012,0.00001,0.00000,0.00008,0.00005,0.00001,0.00022
34.65600,0.12794,0.99947,0.00005,0.00011,0.00000,0.00000,0.00002,0.00007,0.00001,0.00025
34.68800,0.12794,0.99911,0.00007,0.00011,0.00002,0.00000,0.00012,0.00005,0.00001,0.00052
34.72000,0.12794,0.99541,0.00043,0.00031,0.00056,0.00001,0.00106,0.00018,0.00003,0.00201
34.75200,0.12794,0.98917,0.00068,0.00038,0.00347,0.00001,0.00379,0.00020,0.00003,0.00228
34.78400,0.12794,0.96414,0.00080,0.00048,0.01873,0.00002,0.01276,0.00016,0.00003,0.00289
34.81600,0.12794,0.98162,0.00117,0.00060,0.00777,0.00002,0.00681,0.00021,0.00005,0.00174
34.84800,0.12794,0.99230,0.00079,0.00050,0.00234,0.00002,0.00336,0.00015,0.00006,0.00048
34.88000,0.12794,0.99417,0.00053,0.00056,0.00149,0.00001,0.00282,0.00012,0.00008,0.00023
34.91200,0.12794,0.99274,0.00038,0.00060,0.00204,0.00001,0.00379,0.00011,0.00008,0.00025
34.94400,0.12794,0.98759,0.00016,0.00044,0.00359,0.00001,0.00792,0.00007,0.00004,0.00019
34.97600,0.12794,0.99312,0.00007,0.00033,0.00125,0.00000,0.00495,0.00007,0.00002,0.00018
35.00800,0.12794,0.99791,0.00006,0.00027,0.00017,0.00000,0.00123,0.00011,0.00002,0.00022
35.04000,0.12794,0.99873,0.00008,0.00032,0.00003,0.00000,0.00035,0.00025,0.00005,0.00018
35.07200,0.12794,0.99813,0.00014,0.00047,0.00003,0.00000,0.00026,0.00054,0.00008,0.00035
35.10400,0.12794,0.99735,0.00016,0.00082,0.00005,0.00001,0.00047,0.00068,0.00018,0.00028
35.13600,0.12794,0.99580,0.00022,0.00086,0.00042,0.00001,0.00174,0.00047,0.00014,0.00034
35.16800,0.12794,0.98775,0.00026,0.00089,0.00326,0.00002,0.00709,0.00026,0.00011,0.00037
35.20000,0.12794,0.96661,0.00030,0.00076,0.01386,0.00002,0.01727,0.00018,0.00007,0.00092
35.23200,0.12794,0.89684,0.00054,0.00060,0.06181,0.00002,0.03691,0.00018,0.00004,0.00307
35.26400,0.12794,0.77846,0.00110,0.00064,0.15520,0.00003,0.05393,0.00027,0.00004,0.01033
35.29600,0.12794,0.66045,0.00154,0.00051,0.25581,0.00003,0.05731,0.00028,0.00003,0.02404
35.32800,0.12794,0.72688,0.00161,0.00074,0.20167,0.00004,0.05688,0.00034,0.00005,0.01180
35.36000,0.12794,0.82003,0.00058,0.00053,0.11767,0.00002,0.05537,0.00018,0.00003,0.00559
35.39200,0.12794,0.90906,0.00012,0.00039,0.04407,0.00001,0.04499,0.00007,0.00002,0.00128
35.42400,0.12794,0.95556,0.00004,0.00032,0.01287,0.00000,0.03088,0.00004,0.00001,0.00028
35.45600,0.12794,0.97358,0.00001,0.00014,0.00558,0.00000,0.02051,0.00002,0.00000,0.00015
35.48800,0.12794,0.98244,0.00002,0.00019,0.00313,0.00000,0.01410,0.00002,0.00001,0.00009
35.52000,0.12794,0.98626,0.00002,0.00019,0.00240,0.00000,0.01101,0.00003,0.00001,0.00008
35.55200,0.12794,0.98678,0.00002,0.00017,0.00238,0.00000,0.01051,0.00003,0.00001,0.00009
35.58400,0.12794,0.98388,0.00004,0.00022,0.00320,0.00000,0.01250,0.00004,0.00001,0.00010
35.61600,0.12794,0.97828,0.00003,0.00019,0.00514,0.00000,0.01616,0.00003,0.00001,0.00015
35.64800,0.12794,0.97931,0.00002,0.00012,0.00456,0.00000,0.01582,0.00002,0.00000,0.00015
35.68000,0.12794,0.98363,0.00001,0.00010,0.00326,0.00000,0.01288,0.00001,0.00000,0.00011
35.71200,0.12794,0.98412,0.00001,0.00008,0.00291,0.00000,0.01276,0.00001,0.00000,0.00011
35.74400,0.12794,0.98655,0.00001,0.00011,0.00213,0.00000,0.01110,0.00002,0.00000,0.00009
35.77600,0.12794,0.98380,0.00002,0.00016,0.00298,0.00000,0.01288,0.00003,0.00001,0.00012
35.80800,0.12794,0.97713,0.00005,0.00027,0.00519,0.00000,0.01712,0.00005,0.00001,0.00017
35.84000,0.12794,0.96521,0.00007,0.00031,0.01045,0.00001,0.02353,0.00006,0.00002,0.00035
35.87200,0.12794,0.95343,0.00010,0.00036,0.01714,0.00001,0.02843,0.00007,0.00002,0.00043
35.90400,0.12794,0.92715,0.00016,0.00041,0.03400,0.00001,0.03734,0.00009,0.00002,0.00082
35.93600,0.12794,0.91491,0.00020,0.00058,0.04266,0.00002,0.04051,0.00010,0.00004,0.00098
35.96800,0.12794,0.92210,0.00064,0.00120,0.03821,0.00003,0.03657,0.00026,0.00012,0.00087
36.00000,0.12794,0.93393,0.00061,0.00139,0.02826,0.00003,0.03450,0.00031,0.00013,0.00083
36.03200,0.12794,0.94710,0.00053,0.00171,0.01964,0.00003,0.02996,0.00031,0.00018,0.00053
36.06400,0.12794,0.96548,0.00047,0.00098,0.01208,0.00002,0.02008,0.00025,0.00008,0.00056
36.09600,0.12794,0.97803,0.00024,0.00046,0.00705,0.00001,0.01361,0.00013,0.00003,0.00045
36.12800,0.12794,0.97971,0.00012,0.00028,0.00639,0.00001,0.01295,0.00007,0.00001,0.00047
